0.997225	211.244
0.999747	215.119
0.991466	201.182
0.999128	187.377
0.994879	193.721
1	216.402
0.994142	183.995
1	206.664
0.984082	219.923
1	219.354
0.99375	182.943
0.998735	200.903
0.996366	172.696
1	183.259
1	190.903
0.997937	195.013
0.993819	192.894
0.984653	182.943
0.988292	136.404
0.988531	217.821
0.965265	137.906
1	217.784
0.998361	170.886
0.997293	207.34
1	164.079
1	190.431
1	190.394
0.993834	197.439
0.979323	162.647
0.903509	151.017
0.990255	186.338
0.99002	190.089
1	215.537
0.998225	223.267
0.989808	197.656
1	195.847
0.991279	202.805
0.999018	189.04
0.992528	195.228
0.990815	165.668
1	180.582
1	179.85
0.991156	199.84
0.997175	201.499
0.998613	196.464
1	190.284
0.996508	168.369
0.999277	199.97
1	181.477
0.993756	166.433
0.998248	201.618
0.992176	155.229
0.991508	165.837
0.994811	193.871
0.996743	179.081
0.991737	183.238
1	170.499
1	203.941
1	187.745
0.99464	185.354
0.989506	179.142
0.995935	215.179
0.998865	184.537
0.998392	211.91
0.978597	198.761
0.996705	175.608
0.995815	190.562
0.992472	166.126
0.991913	156.901
0.999405	190.037
0.991712	172.633
0.974245	142.155
0.994262	166.427
0.99956	196.357
0.998634	150.97
0.995347	179.103
0.996105	194.72
0.997753	186.21
0.997508	169.505
0.997608	176.193
1	221.346
0.998544	182.669
1	206.722
0.996085	177.15
0.998838	186.665
0.993507	143.673
0.996379	193.598
0.991367	157.003
0.977556	164.524
0.994215	185.024
1	214.546
0.974297	175.909
0.998378	183.625
0.997417	217.085
0.999073	189.816
0.998724	216.846
0.995808	180.438
0.999375	187.76
0.999457	183.238
0.998584	186.285
0.995245	161.988
0.999015	175.18
1	195.888
0.983557	195.586
0.997927	180.842
1	180.1
1	175.089
1	170.194
0.990093	173.885
0.99873	156.339
0.994515	198.025
0.998958	214.075
0.959811	167.911
0.99524	191.776
0.99121	162.185
0.995665	180.527
0.996024	178.902
0.99559	212.965
0.993331	179.933
0.99927	188.881
0.989364	150.778
0.999391	184.266
0.998881	191.76
0.977796	156.863
0.997659	206.601
0.988878	155.068
0.993824	155.396
0.991752	206.678
0.999676	201.633
1	185.089
0.998211	207.523
0.99942	215.448
0.984643	181.532
0.994683	190.226
1	201.633
0.993433	182.784
0.997486	191.186
0.986191	193.66
0.997247	219.468
1	199.509
0.98995	165.36
0.982898	177.025
0.968138	155.621
0.997925	186.74
0.996907	188.414
0.999036	176.76
1	216.942
0.995737	159.556
0.990793	199.555
0.992926	181.328
0.994978	207.157
0.998442	194.525
0.993307	190.289
0.999169	198.414
0.994124	219.29
0.998196	185.855
0.998597	178.258
0.996065	197.545
0.997645	189.013
0.990721	172.627
1	189.124
0.997518	208.375
0.975576	185.445
0.997232	173.378
0.997768	176.59
0.987946	186.537
0.997711	207.586
0.981752	186.617
0.998124	201.529
0.994809	206.717
1	215.244
0.998888	164.924
0.983396	136.646
0.991004	195.51
0.980203	157.892
0.991564	180.089
0.996887	187.649
0.991688	152.702
0.993818	192.987
0.991427	208.072
0.994632	188.069
0.996739	188.621
0.998161	181.03
0.996957	185.618
0.994109	162.407
0.98968	170.517
0.997806	204.152
1	214.504
0.985869	182.044
1	209.351
0.998895	165.082
0.996989	175.111
0.996086	228.849
0.998928	203.465
1	178.073
0.959448	155.589
0.991191	169.275
0.995233	220.4
0.997665	203.012
0.982541	162.886
0.762117	156.716
0.846874	139.857
0.870708	165.699
0.80752	200.689
0.880194	187.798
0.876768	174.688
0.897202	140.456
0.918995	188.997
0.828707	142.317
0.792333	135.772
0.828997	175.858
0.810944	163.511
0.870866	171.243
0.920867	126.665
0.871963	152.997
0.859432	150.539
0.880556	202.815
0.854437	150.944
0.801317	185.17
0.88977	136.074
0.869603	170.921
0.566336	130.828
0.206003	56.1961
0.875612	162.321
0.857969	155.261
0.872076	168.648
0.79815	166.805
0.599919	156.243
0.722037	133.372
0.812208	84.4038
0.678169	147.851
0.89453	163.316
0.888451	131.962
0.921309	193.943
0.382573	135.963
0.874411	137.492
0.67172	130.645
0.860578	161.932
0.856566	210.09
0.0366117	48.4562
0.880382	163.505
0.475005	128.655
0.830688	169.794
0.83626	172.174
0.594424	139.155
0.816716	153.532
0.770368	89.8109
0.836408	162.635
0.928742	202.583
0.851301	180.028
0.57561	146.976
0.912044	169.34
0.845947	127.711
0.923194	112.677
0.855514	190.421
0.846286	171.983
0.885702	167.141
0.895832	175.835
0.8485	154.848
0.526444	119.357
0.866842	129.453
0.713863	140.975
0.869137	121.532
0.861488	159.95
0.695534	132.763
0.803666	132.921
0.841471	167.314
0.740566	173.476
0.850522	131.423
0.914316	158.285
0.811389	162.917
0.892876	175.545
0.82451	179.978
0.868161	175.482
0.369531	151.921
0.0763255	82.8855
0.855742	167.786
0.900049	174.62
0.85841	140.492
0.882664	163.083
0.928654	154.376
0.758819	120.913
0.742171	128.078
0.782363	144.714
0.772671	127.695
0.830161	141.167
0.78261	161.598
0.341015	129.653
0.821087	183.221
0.708538	150.446
0.756624	143.91
0.758804	139.183
0.799436	158.12
0.860942	155.383
0.7511	162.13
0.825469	162.204
0.941258	147.065
0.835452	163.083
0.820876	168.701
0.810856	135.366
0.841362	151.023
0.530896	143.171
0.822101	155.074
0.853845	138.917
0.879099	169.623
0.926189	165.173
0.860948	139.356
0.807166	136.806
0.544187	136.125
0.907477	160.194
0.833373	152.302
0.861997	198.857
0.920548	143.066
0.87114	126.594
0.898271	161.295
0.898536	194.438
0.915767	195.985
0.865382	167.541
0.517237	112.481
0.863937	157.328
0.807095	124.177
0.845336	150.619
0.88289	151.895
0.738134	166.919
0.779987	128.382
0.862873	115.827
0.862866	182.789
0.618263	192.951
0.876468	216.698
0.883448	158.278
0.0609289	95.0263
0.852068	176.21
0.907141	220.422
0.893015	147.79
0.905495	181.896
0.749791	189.235
0.755371	164.225
0.877492	151.4
0.806575	126.925
0.706604	110.263
0.858437	143.979
0.861991	114.202
0.875965	145.499
0.816563	197.347
0.790403	157.461
0.898241	133.259
0.848319	210.784
0.806238	170.188
0.806418	173.787
0.852765	198.056
0.800466	138.224
0.92071	137.942
0.879152	173.39
0.819819	169.316
0.86405	164.018
0.756833	149.01
0.808962	120.549
0.539154	103.769
0.819301	148.54
0.790699	92.0326
0.898666	161.158
0.815318	165.499
0.810937	169.015
0.502836	161.22
0.645304	105.575
0.824848	177.663
0.176851	156.359
0.74535	138.101
0.879551	117.729
0.826641	118.609
0.889006	171.47
0.473158	142.773
0.838744	204.973
0.924103	164.833
0.847294	176.658
0.799548	154.013
0.891467	131.179
0.846731	155.518
0.871467	184.732
0.849234	138.593
0.064986	65.238
0.917958	139.621
0.885373	181.659
0.909265	169.251
0.893079	175.414
0.901198	138.116
0.873646	161.04
0.756649	140.079
0.861607	150.751
0.821831	170.968
0.887241	148.344
0.794029	185.181
0.927114	202.46
0.777051	143.951
0.497453	136.616
0.879243	112.73
0.818811	177.753
0.83917	150.193
0.761794	145.258
0.697879	159.255
0.995308	187.008
0.998602	165.106
1	211.551
0.996406	171.167
0.997645	179.276
1	211.608
1	188.653
0.998139	192.291
0.943482	124.9
0.999464	168.707
0.993265	148.452
0.997386	168.03
0.991147	157.594
0.9943	170.053
0.832311	149.138
0.983923	141.563
0.993805	176.136
0.977749	202.726
0.997437	155.827
0.995336	184.792
0.995053	182.664
0.97641	205.129
0.996126	174.814
0.998004	175.533
1	185.989
0.997876	164.779
0.998491	191.081
0.991416	162.868
1	200.614
1	191.249
0.994243	186.558
0.988557	172.383
0.998906	189.774
1	191.238
0.994852	170.118
1	204.22
1	197.666
0.994472	167.809
0.995222	157.804
0.987478	140.798
0.982986	164.39
0.997112	172.708
0.961964	144.617
0.995221	147.323
1	194.91
0.996762	177.758
0.991308	173.349
1	181.395
0.995406	164.505
0.993761	166.979
1	210.851
0.995356	157.677
1	186.419
0.996552	185.354
1	201.509
0.97617	159.937
1	204.524
0.995773	199.379
0.962577	189.52
0.969527	124.386
0.996002	139.032
0.98424	181.681
0.999195	180.953
1	182.872
0.984797	202.292
0.993475	175.477
0.98763	167.44
0.999222	175.841
0.996864	176.941
0.994524	209.237
1	180.931
0.996389	156.691
0.997371	174.299
0.999277	183.096
0.99935	163.181
1	145.63
1	167.493
0.987263	198.499
0.995019	178.275
1	198.025
0.984022	187.739
0.997705	186.746
0.9914	181.984
1	191.118
1	185.575
0.992176	163.487
0.997148	187.745
0.999288	188.149
1	179.466
1	200.185
1	218.733
0.99908	189.367
1	165.457
0.994784	202.914
0.997168	203.066
1	174.476
1	190.032
0.990293	119.583
0.998108	196.061
0.999613	196.489
0.989809	160.468
0.979792	146.888
1	192.047
0.994303	176.023
0.992321	154.337
0.983568	173.182
1	205.597
0.81905	145.952
0.997829	191.588
0.978263	162.536
0.997808	191.489
1	161.14
0.997156	188.929
0.996146	195.52
0.99168	185.952
0.999961	207.702
0.995198	145.492
0.996195	196.133
0.996614	182.538
0.999865	171.243
0.999593	190.84
0.996871	197.322
1	184.44
0.992762	193.06
1	218.55
1	182
0.997269	166.169
0.998381	172.412
1	180.072
1	185.278
0.986228	154.59
0.988812	134.573
0.998943	177.736
1	238.99
0.994621	212.819
0.995119	187.072
0.970948	143.631
0.995933	153.74
0.994673	193.137
1	183.913
0.995457	173.851
0.998268	200.28
0.980016	163.316
0.996279	179.137
0.993614	187.595
0.997686	200.215
1	190.179
0.983225	183.81
1	207.88
0.978485	187.84
0.995366	181.064
0.993321	173.194
0.993523	157.582
0.996194	218.765
1	197.712
1	185.429
0.99611	178.09
0.99819	164.39
0.998151	163.835
0.99621	160.897
1	181.934
0.991937	159.286
0.994617	207.865
0.985294	172.551
0.990362	116.808
0.998542	190.347
1	183.248
0.994416	226.654
0.997385	186.81
0.997311	144.194
0.995687	124.29
0.994707	169.753
0.991969	186.419
0.99821	170.587
0.995333	172.134
0.995584	202.148
1	206.606
0.913	193.752
0.994766	147.912
0.993235	188.69
0.994524	172.348
0.972088	157.512
0.999565	158.676
0.977363	132.197
0.995141	153.532
0.997872	190.573
0.980462	156.608
0.994693	210.604
0.998466	182.565
1	172.308
0.996099	179.226
0.997723	192.432
0.997507	174.052
1	187.691
0.993146	173.292
0.983515	187.019
0.99718	198.801
1	189.325
1	197.853
0.992656	172.731
0.727273	173.453
0.910981	158.089
0.900294	142.26
0.795892	171.528
0.694139	119.231
0.757835	136.711
0.646489	186.172
0.749681	165.97
0.866097	186.467
0.839881	174.986
0.506588	120.93
0.909491	171.476
0.940852	174.362
0.594461	112.579
0.860954	139.943
0.942059	155.145
0.776423	122.874
0.562739	141.676
0.845222	181.069
0.806828	154.389
0.913616	115.802
0.889882	125.793
0.944381	200.255
0.687926	111.642
0.868153	154.81
0.833335	120.275
0.822769	168.535
0.859807	194.448
0.577784	187.291
0.922434	154.693
0.868836	179.477
0.815464	187.931
0.914519	120.996
0.83382	132.786
0.669447	132.657
0.894594	197.104
0.708611	130.215
0.792045	175.647
0.917343	151.003
0.821909	165.336
0.33117	112.152
0.887817	160.169
0.940764	182.22
0.827751	170.141
0.839281	186.424
0.868727	166.577
0.885558	148.566
0.94151	179.811
0.833083	175.34
0.7662	127.177
0.853184	173.816
0.937515	170.517
0.824232	156.659
0.626274	152.676
0.806463	146.949
0.880577	152.473
0.310785	100.28
0.919835	163.015
0.858032	174.694
0.941706	154.188
0.750632	187.339
0.327003	177.308
0.737606	124.603
0.898431	164.11
0.784073	193.499
0.866567	154.551
0.926218	156.71
0.791744	99.559
0.881635	164.748
0.899501	107.564
0.74903	187.542
0.629625	64.1405
0.882166	211.57
0.864313	127.475
0.856813	205.582
0.408292	136.58
0.851439	131.195
0.747063	120.433
0.885951	135.07
0.833386	110.436
0.81408	175.14
0.920904	129.368
0.921675	141.45
0.889423	189.473
0.905724	144.125
0.642295	161.499
0.807196	176.409
0.741407	140.627
0.640732	113.04
0.810406	176.068
0.706621	120.408
0.845793	138.528
0.772757	135.735
0.86848	130.384
0.8766	138.174
0.894752	154.784
0.80392	150.997
0.889868	173.176
0.793058	170.358
0.927543	169.829
0.60346	132.288
0.725564	135.757
0.792515	138.456
0.838124	164.457
0.838705	136.719
0.850773	166.703
0.707633	117.26
0.835441	164.748
0.824674	155.428
0.86165	169.994
0.0653149	54.8635
0.907514	143.08
0.82585	128.725
0.763702	162.96
0.824089	138.989
0.709086	128.849
0.0425299	63.8436
0.853783	176.08
0.774593	151.479
0.679508	135.698
0.914734	137.266
0.786825	172.348
0.402343	131.818
0.839136	137.142
0.867988	197.666
0.683499	136.697
0.73877	203.892
0.714386	143.597
0.865108	185.65
0.775092	94.8156
0.745663	178.802
0.93123	166.475
0.932611	165.439
0.920978	130.53
0.921978	145.079
0.872711	118.558
0.649644	135.617
0.745912	140.178
0.73243	170.317
0.801066	189.679
0.729516	193.577
0.671621	116.138
0.814785	142.843
0.772774	129.074
0.830667	132.612
0.820573	154.311
0.924371	141.64
0.796047	146.39
0.862901	178.718
0.839684	106.283
0.847392	170.517
0.84737	162.592
0.940749	127.984
0.895649	137.259
0.812411	169.334
0.889115	128.872
0.52637	179.906
0.827381	132.786
0.837703	147.241
0.924052	176.006
0.879039	165.813
0.559233	130.192
0.767291	101.321
0.789442	142.787
0.864576	146.915
0.893144	203.848
0.579708	150.924
0.900231	182.828
0.8082	129.228
0.622138	121.68
0.882137	114.952
0.678338	142.042
0.905889	167.469
0.877564	144.007
0.56841	136.154
0.625779	148.708
0.913894	102.225
0.754828	144.388
0.905463	138.795
0.837455	175.266
0.855869	130.353
0.919947	151.69
0.924749	166.319
0.824857	116.052
0.717174	146.499
0.860585	152.512
0.844694	116.962
0.901344	147.16
0.59376	108.766
0.864342	101.528
0.710141	137.637
0.732074	171.318
0.898458	134.425
0.678056	130.123
0.7937	182.351
0.851139	183.837
0.810359	157.347
0.862931	125.754
0.748433	120.698
0.882755	145.568
0.999501	194.525
0.998895	187.83
0.995254	175.704
0.996212	139.226
0.986397	138.564
0.996237	157.067
1	201.559
0.999017	183.178
0.995918	172.232
0.99858	202.252
0.992111	169.753
1	192.042
0.995411	161.833
0.99204	139.728
0.995939	169.499
0.992443	199.103
0.998352	182.038
1	146.144
0.997754	152.059
0.996877	156.837
0.986454	144.554
0.998788	173.92
0.759722	143.965
0.997534	178.762
0.999177	158.512
0.985505	165.257
0.996329	185.634
0.998215	183.821
0.997891	188.643
0.994818	182.45
0.991875	177.008
1	211.518
1	159.95
0.990184	173.856
0.993429	202.015
0.988194	135.72
0.989722	167.224
0.964404	166.613
0.985764	186.274
1	184.976
0.999273	152.164
1	213.864
0.991491	165.578
1	156.352
1	203.715
0.992532	169.712
0.995445	141.718
0.997664	187.505
0.997066	208.686
0.994637	172.203
0.992739	151.268
0.996937	164.833
0.963545	152.742
0.994711	195.464
0.956195	205.31
1	183.527
0.974211	162.284
0.99912	202.993
1	208.528
0.999131	167.41
0.98585	138.888
1	205.883
0.997618	211.665
0.997058	204.553
0.974439	139.599
0.960129	162.524
1	165.36
0.998777	144.049
0.999708	192.935
0.996423	189.505
0.995368	174.385
1	191.974
0.997686	183.967
0.997645	175.59
0.995788	182.379
0.998263	167.726
1	183.303
0.999414	181.984
1	201.965
1	183.908
0.991483	189.13
0.995005	204.978
1	150.413
1	204.856
1	177.313
0.994183	158.915
0.985963	191.515
0.997552	208.538
1	207.889
0.997448	192.089
0.992151	141.436
0.994188	150.698
0.988696	183.532
1	199.319
0.991174	173.107
0.998793	158.095
0.96967	145.417
0.996051	184.705
1	194.469
1	213.082
1	173.494
0.989431	133.462
0.998742	213.448
0.999152	181.058
0.998482	165.3
0.97005	145.602
1	183.793
0.996159	175.744
0.995849	163.573
0.996721	163.884
0.997254	174.413
0.997798	169.953
0.997054	197.069
0.99779	192.479
1	193.866
0.985761	177.933
0.992628	175.22
1	186.328
1	201.435
0.999578	197.363
0.996233	173.695
0.999068	181.433
0.998377	174.086
0.991396	168.487
0.996677	180.876
0.990623	145.63
0.994114	178.477
0.972631	141.358
0.986776	154.46
0.990122	203.524
0.964665	145.959
1	183.292
0.986079	157.321
0.984516	162.45
0.997986	168.707
0.994759	173.251
0.993045	170.065
0.997293	167.26
0.999181	182.258
0.992311	184.954
0.99897	188.021
0.998363	176.737
0.991624	184.895
0.997864	180.078
0.995163	174.654
0.974691	183.27
0.98626	131.507
1	208.274
0.994766	150.725
0.996827	195.949
0.905566	185.683
1	210.005
0.999964	212.594
0.998567	210.846
1	165.867
0.99776	177.764
1	216.12
0.995902	172.441
0.985574	185.365
0.998929	178.174
0.995286	177.223
0.997215	182.082
0.998635	183.984
1	186.338
0.998807	196.921
1	191.473
0.988877	167.195
0.991772	194.736
1	208.351
0.996651	166.283
0.992928	177.398
1	191.175
0.994783	172.319
0.988209	133.746
1	175.271
1	169.47
0.991362	173.459
0.955478	146.335
0.987318	176.182
0.997335	180.028
0.992511	155.371
0.996516	203.062
0.984664	143.729
0.946212	122.483
1	190.132
0.995143	229.73
1	152.217
1	174.671
0.96317	177.539
0.994777	183.592
0.999312	183.614
0.995202	159.311
0.99328	166.751
0.99815	190
0.984073	122.752
0.997094	166.895
0.994646	167.446
0.997004	151.01
1	156.032
0.999759	181.179
0.556652	128.328
0.769269	96.6851
0.890021	157.137
0.665941	92.8009
0.855573	173.321
0.875464	171.371
0.837146	156.256
0.87093	156.544
0.864381	174.052
0.784266	130.261
0.887307	144.062
0.856324	142.394
0.867409	154.932
0.883956	144.388
0.730631	132.763
0.723514	126.214
0.892242	138.816
0.910187	152.434
0.898918	161.382
0.88412	159.581
0.873935	151.697
0.828345	135.403
0.790897	135.499
0.670762	165.027
0.845714	198.892
0.883868	137.164
0.897749	134.365
0.768262	139.226
0.858879	168.291
0.871874	162.204
0.896942	156.716
0.586909	158.802
0.60303	124.571
0.822052	132.575
0.877804	162.628
0.58899	165.245
0.889468	157.169
0.749386	110.136
0.0337486	43.2435
0.873608	117.312
0.789087	115.62
0.3706	83.5344
0.819276	150.34
0.809677	195.54
0.831909	121.951
0.858531	141.619
0.905038	124.595
0.571532	107.731
0.832564	175.744
0.799751	126.056
0.847064	151.677
0.892004	136.074
0.809937	173.971
0.87236	179.594
0.697252	77.2399
0.74777	134.789
0.962162	135.757
0.30914	149.72
0.897543	167.165
0.836848	148.412
0.964749	140.307
0.786612	174.82
0.845873	185.935
0.835814	125.666
0.813234	162.966
0.880947	164.924
0.80605	179.755
0.817023	149.526
0.792045	148.58
0.851509	158.777
0.776029	173.563
0.0484827	45.4092
0.860718	161.357
0.873681	176.431
0.743182	161.419
0.823126	157.632
0.719026	174.528
0.767279	162.659
0.725796	119.883
0.932027	157.911
0.886205	188.059
0.890807	196.926
0.812251	135.941
0.877448	188.992
0.832628	162.948
0.831798	131.202
0.901066	199.203
0.865652	164.116
0.477803	141.549
0.904016	149.827
0.770116	143.972
0.877005	139.635
0.655473	166.421
0.747917	163.04
0.875163	121.474
0.802183	154
0.700369	153.584
0.049282	42.3084
0.691807	132.62
0.595576	160.443
0.857561	128.281
0.880068	127.326
0.870205	143.729
0.909101	180.244
0.691413	173.626
0.87576	162.843
0.877703	144.097
0.753794	180.178
0.890678	112.428
0.862456	158.493
0.903344	144.541
0.748461	169.894
0.887731	147.784
0.882267	166.223
0.901849	162.548
0.867775	186.655
0.795141	139.929
0.729622	129.283
0.924009	165.33
0.85818	150.506
0.875801	180.621
0.775747	160.487
0.831044	133.011
0.907035	189.362
0.791993	139.377
0.849914	146.854
0.72404	106.358
0.901852	145.031
0.813879	151.73
0.689576	90.111
0.913932	138.13
0.705348	152.486
0.844474	162.278
0.804851	126.436
0.901763	134.677
0.824848	164.633
0.636619	159.361
0.629376	134.343
0.881266	132.484
0.810348	140.599
0.930791	122.393
0.235537	57.8792
0.885882	174.029
0.917402	166.703
0.879457	113.234
0.813018	184.467
0.637991	125.052
0.877475	139.334
0.884729	146.82
0.893489	145.938
0.655886	164.9
0.365141	133.955
0.61432	166.727
0.867615	135.181
0.860817	133.349
0.883397	188.86
0.668438	153.545
0.864998	132.401
0.905676	173.309
0.853391	187.899
0.810788	183.537
0.816214	136.58
0.744769	145.148
0.642428	95.7914
0.888708	112.872
0.803866	165.535
0.768727	139.599
0.776586	116.944
0.485585	132.401
0.858472	193.106
0.898337	136.938
0.922432	149.813
0.515592	128.023
0.696092	184.385
0.858427	151.631
0.733742	93.9681
0.695464	125.435
0.532559	188.584
0.579095	128.841
0.54029	150.453
0.855781	152.892
0.884511	114.481
0.854444	161.543
0.560359	125.841
0.846563	128.732
0.515266	121.655
0.773777	140.513
0.817634	165.542
0.847138	168.79
0.823882	179.861
0.904524	154.084
0.893561	158.152
0.902174	134.536
0.821229	187.029
0.692609	158.468
0.845326	173.787
0.732421	139.435
0.746853	121.926
0.872048	125.762
0.877803	155.1
1	184.429
0.995632	157.429
0.943789	169.098
0.988736	179.917
1	190.741
0.998916	175.869
1	207.687
1	221.414
1	178.93
0.998898	210.209
0.999219	216.254
0.996919	205.397
0.998834	193.551
0.994311	209.542
0.99616	196.051
0.971917	179.883
0.997618	206.465
0.995831	173.038
0.997916	211.372
1	217.32
1	181.207
0.993695	205.056
1	198.56
0.991767	203.435
0.995369	182.959
0.995882	187.675
0.986524	175.545
0.999333	176.924
0.996869	192.65
0.999108	200.38
0.991603	222.068
0.997845	179.7
0.994046	181.516
0.981721	182.466
0.999366	169.47
0.999044	179.02
0.994025	177.989
0.991838	159.912
0.960444	155.39
0.993629	185.472
0.988858	155.75
0.913887	208.935
1	187.888
0.991824	176.307
0.992081	164.414
0.997133	200.913
0.994952	188.749
1	171.721
0.998841	182.625
0.997513	165.106
1	202.45
0.993873	180.033
0.995033	191.254
0.972246	149.479
1	207.663
0.997478	204.734
0.968669	132.416
0.994746	189.911
0.989358	187.547
0.990632	168.143
0.998023	211.159
1	208.014
0.990904	197.033
0.990381	186.955
0.991085	198.751
0.99116	174.43
0.998389	211.088
0.99783	176.85
0.95079	145.877
0.998544	175.066
0.997604	196.825
0.991148	194.062
0.99714	185.521
0.994926	172.145
0.990836	188.032
1	204.636
0.996866	203.755
0.998476	201.445
0.99872	175.784
0.989221	144.368
0.996071	198.535
0.994829	204.029
0.9953	189.457
0.997186	176.358
0.903646	171.167
0.973841	174.379
0.998831	194.299
0.968847	164.87
1	195.033
0.997292	198.479
0.995163	180.422
0.994444	198.005
0.995293	207.278
1	179.46
1	210.043
0.995736	171.061
0.99101	180.167
0.995288	227.732
0.996986	188.844
0.989352	210.057
0.99562	168.369
0.970404	136.945
0.987872	150.167
0.98729	187.59
0.991327	186.981
0.997165	177.629
0.980889	204.157
0.998407	217.872
0.98943	178.746
0.996899	210.704
0.998213	194.751
0.998996	208.01
1	218.449
0.99898	218.005
0.996979	181.025
0.987593	178.326
0.990615	183.112
0.992606	180.339
0.997267	180.677
0.996901	206.504
0.996317	180.981
0.991345	157.575
0.993285	182.855
0.978884	183.521
0.992023	206.954
0.997055	165.179
1	225.406
0.997192	237.609
0.985717	161.759
0.954318	174.831
0.990244	195.269
1	204.802
0.996078	199.885
0.988884	228.132
0.997565	213.424
1	188.351
0.992918	186.124
0.993184	170.317
1	196.672
0.998872	208.187
0.993254	148.304
0.989344	184.819
0.993919	163.101
0.998646	179.371
0.997676	199.67
0.99728	170.247
1	208.226
0.99834	191.405
0.985845	145.458
0.992429	209.771
1	190.337
0.990059	193.127
1	206.925
0.994928	212.598
0.999158	182.434
0.995759	199.254
0.997057	200.554
0.983711	163.988
0.996732	195.336
1	227.925
0.995392	190.992
0.993647	210.537
0.979583	151.228
0.99074	160.549
0.998834	149.218
1	179.254
0.99802	205.529
0.998539	210.713
1	200.449
1	138.586
0.997151	171.33
1	162.154
0.988916	161.425
0.997686	185.516
0.996515	203.406
0.998097	187.211
0.997059	187.59
0.995549	187.441
0.994458	199.193
0.991955	211.187
0.981751	140.663
0.996182	184.429
0.995277	183.94
1	196.087
0.996542	169.038
0.994368	194.576
0.978794	159.003
1	146.717
0.99704	165.873
0.9923	175.3
0.992531	183.363
0.996513	201.683
1	176.057
1	195.346
0.997795	207.21
0.997366	200.629
0.992668	187.91
1	221.007
0.997049	193.075
0.999885	226.482
0.922402	175.266
0.863436	191.207
0.875764	170.663
0.872142	167.78
0.650182	152.315
0.8825	126.704
0.803504	168.796
0.908925	193.763
0.735738	152.427
0.875847	176.091
0.84863	169.334
0.208899	103.798
0.920454	174.608
0.854427	167.069
0.0962376	96.3535
0.795152	192.935
0.905324	173.724
0.539237	124.804
0.459905	98.0918
0.901694	202.825
0.754529	130.79
0.674292	197.155
0.856541	155.936
0.900222	165.958
0.893657	155.788
0.901426	168.979
0.885116	187.174
0.818636	179.956
0.631718	177.944
0.883242	158.183
0.774008	188.133
0.907314	216.509
0.93398	212.363
0.210123	88.7468
0.667822	145.739
0.892541	144.167
0.915761	167.511
0.915997	206.223
0.709306	172.91
0.82023	220.921
0.90549	152.013
0.8266	163.432
0.840467	128.055
0.752137	188.526
0.760074	176
0.882721	142.499
0.688363	166.036
0.852552	172.621
0.799745	150.572
0.874678	199.324
0.83442	169.228
0.63082	136.609
0.916722	173.101
0.8722	136.748
0.902802	186.692
0.880738	137.485
0.618024	189.774
0.797891	131.636
0.904808	188.404
0.751484	200.564
0.891555	165.324
0.860712	124.491
0.888824	144.769
0.531206	109.078
0.872546	156.218
0.823858	174.494
0.774015	197.287
0.729927	150.911
0.812208	151.387
0.78233	150.386
0.796713	114.035
0.447208	57.5674
0.746674	149.03
0.887546	168.119
0.935061	163.884
0.460408	159.969
0.602527	156.652
0.708804	139.728
0.854887	170.288
0.798689	190.121
0.884113	157.385
0.47257	70.852
0.774203	168.902
0.755923	167.511
0.838403	164.627
0.865985	95.2995
0.825267	163.45
0.559425	162.542
0.901338	190.83
0.735851	153.909
0.645204	201.221
0.87858	216.042
0.819614	155.042
0.688917	160.474
0.946056	144.097
0.713003	211.622
0.803334	124.547
0.880271	147.058
0.461131	92.7793
0.763879	159.881
0.896432	174.344
0.761573	170.98
0.76547	145.286
0.936711	168.659
0.828382	163.811
0.824637	135.588
0.849448	124.531
0.81229	151.947
0.917335	179.817
0.756388	199.94
0.863528	158
0.891259	186.15
0.86303	128.335
0.158453	38.6782
0.843733	167.684
0.448625	163.156
0.610836	96.2601
0.406836	188.621
0.779902	197.939
0.765736	120.715
0.504379	132.34
0.912032	115.178
0.86412	180.621
0.835668	122.27
0.89353	186.692
0.526431	142.752
0.942544	165.795
0.813987	142.99
0.706526	138
0.873568	140.193
0.906081	173.39
0.90699	145.052
0.85478	189.04
0.745504	120.441
0.805972	148.681
0.743326	169.947
0.131465	70.9507
0.853504	163.872
0.771077	169.829
0.624691	155.461
0.761563	176.59
0.541057	140.143
0.920475	152.545
0.853941	199.088
0.91193	168.428
0.750208	155.621
0.914427	143.729
0.809319	165.142
0.772201	200.639
0.683336	172.928
0.59053	150.113
0.918724	141.336
0.880759	181.477
0.212086	102.44
0.826101	180.011
0.745137	145.375
0.508332	146.595
0.823931	137.412
0.899718	180.217
0.849069	156.959
0.886215	164.079
0.916963	189.198
0.662907	182.625
0.700727	131.202
0.654589	131.377
0.832121	207.22
0.841323	193.979
0.818231	130.514
0.544828	136.242
0.891338	204.353
0.756521	181.207
0.727574	140.335
0.853099	205.942
0.919057	146.786
0.728564	178.32
0.903854	138.441
0.196583	99.368
0.882285	168.487
0.725197	145.134
0.663507	125.658
0.844097	151.783
0.742044	178.595
0.909304	153.33
0.405031	130.905
0.727095	139.757
0.629256	131.431
0.907026	192.068
0.693751	153.069
0.37054	102.167
0.804189	140.727
0.72902	149.486
0.149269	46.5833
0.799914	184.7
0.0627525	29.8998
0.823664	156.429
0.813036	145.959
0.806564	187.547
0.47262	165.487
0.89307	195.811
0.929301	150.519
0.999673	188.16
0.989162	159.43
0.948798	154.764
0.998761	191.494
0.994216	200.25
0.999836	204.793
1	191.859
0.994033	160.368
0.982797	161.802
0.993823	183.646
0.997135	168.985
1	209.294
0.996105	183.287
0.986403	176.346
0.996709	168.202
0.994365	185.186
0.994296	200.464
0.993498	196.321
0.996395	198.071
0.993603	180.925
0.998726	189.979
0.996385	178.045
1	183.314
0.981757	156.697
0.963033	177.899
0.987535	179.449
1	184.06
0.99026	192.057
0.996524	187.489
0.998803	199.825
0.996848	198.126
0.999443	196.092
1	159.028
0.993035	212.65
0.995935	175.773
1	176.244
0.99456	162.825
0.99568	192.416
0.994644	174.453
0.993065	164.797
0.997608	181.554
1	155.035
0.98757	187.723
0.986545	182.417
0.99937	176.414
0.994823	157.968
0.967104	164.481
1	192.328
0.972017	191.546
0.998107	167.493
0.996898	186.531
0.979128	170.029
0.992511	169.033
0.998142	187.115
0.990043	143.024
0.996445	162.191
0.990364	189.029
1	162.966
1	206.528
0.998297	187.302
0.996002	167.601
0.989929	184.011
0.986095	158.43
0.991332	177.279
0.989134	171.505
1	175.226
0.99659	212.066
0.998743	151.519
0.996005	171.802
0.991765	138.275
0.99971	176.091
0.994851	177.279
0.988442	187.013
0.979826	196.194
1	192.219
0.999152	198.111
0.992119	160.262
0.997844	172.128
1	197.079
0.996812	190.179
0.982985	154.835
0.988051	169.682
0.997618	201.708
0.994022	184.873
0.979676	129.561
1	187.12
1	183.706
0.996995	194.987
0.995569	155.711
0.994591	191.426
0.997289	178.41
0.994929	187.072
1	207.413
0.998454	180.488
0.971655	161.883
0.998489	183.636
1	177.972
0.989424	189.251
0.998801	196.886
1	185.521
1	187.286
0.972502	137.499
0.989814	181.78
0.997887	186.558
0.996476	192.821
0.994943	186.473
0.983219	167.2
1	193.861
0.99223	200.823
0.987416	152.709
0.98855	159.556
0.998452	163.058
0.99282	171.33
0.996375	173.839
0.948596	134.35
0.992435	214.714
1	185.089
0.984432	179.672
0.985951	140.064
0.997562	176.969
1	182.877
0.995736	164.578
0.98685	180.555
1	160.997
0.992863	159.662
0.998407	196.51
0.996962	189.077
1	212.937
0.988571	163.805
0.771851	146.908
0.99495	157.092
0.989688	198.59
0.993355	183.167
0.942498	150.698
0.997372	206.441
0.998944	151.083
0.998902	194.797
0.995086	161.394
1	194.546
0.996923	179.989
0.978261	158.714
1	207.446
1	185.769
0.995578	182.264
0.983108	155.801
0.994143	173.355
0.985062	163.909
0.999165	216.097
1	159.047
1	183.172
0.995794	188.319
0.999396	185.973
0.986534	144.132
0.999597	189.747
1	196.082
0.98678	192.971
0.998318	193.592
0.994644	204.602
0.99975	214.96
0.99989	196.662
0.996456	172.679
0.998233	183.499
1	191.379
0.976242	152.997
0.99401	162.598
1	182.318
0.998436	190.531
1	208.897
0.99131	169.647
0.998355	183.161
0.995622	194.098
0.992805	165.717
0.998553	180.006
0.997031	168.28
0.999051	172.105
0.980316	147.133
0.987796	170.652
0.995141	168.333
0.989432	180.4
0.999324	180.848
1	181.753
1	204.372
0.996408	171.889
0.992214	173.361
0.998185	189.621
0.998245	183.788
1	180.776
0.997624	185.251
1	200.973
1	211.428
0.993997	176.516
1	180.255
1	200.245
0.985944	196.347
1	194.89
0.991214	171.301
0.997008	189.837
0.98398	160.456
0.99	195.448
0.997207	172.893
0.889529	138.917
0.881017	154.9
0.860936	165.179
0.700545	146.363
0.907743	140.364
0.853554	130.637
0.896825	131.271
0.884761	160.842
0.714804	162.979
0.809066	198.489
0.562566	142.134
0.926599	149.76
0.797948	105.3
0.854114	128.429
0.759153	99.2875
0.784623	138.304
0.872785	187.249
0.884723	180.898
0.796785	122.131
0.744529	161.326
0.890598	153.955
0.748146	106.78
0.820376	126.143
0.794709	155.358
0.91749	161.58
0.835359	166.691
0.664924	116.129
0.847145	138.946
0.828242	160.112
0.936943	181.554
0.926119	138.094
0.862482	166.835
0.887892	141.894
0.912129	149.492
0.884151	152.807
0.426579	126.159
0.864683	177.178
0.875296	177.167
0.745825	154.383
0.891085	180.992
0.879148	141.032
0.879606	128.289
0.653172	131.309
0.929575	141.57
0.829449	145.54
0.696496	201.022
0.749331	134.06
0.691583	136.14
0.824422	169.77
0.878918	194.915
0.83411	125.809
0.812203	132.725
0.917582	169.505
0.853598	169.239
0.87934	158.827
0.914366	143.576
0.761044	144.582
0.864392	218.806
0.699649	124.177
0.816426	211.939
0.815554	138.203
0.87897	139.406
0.891563	162.635
0.847024	153.597
0.872566	93.0806
0.871852	122.409
0.891496	169.918
0.401121	87.59
0.919669	163.75
0.836314	136.477
0.853265	167.248
0.843802	138.838
0.909599	116.739
0.849536	145.32
0.847078	198.383
0.701481	183.674
0.923183	148.587
0.877874	135.779
0.87824	164.128
0.692396	177.409
0.788242	145.313
0.848384	183.003
0.606024	130.092
0.728329	185.062
0.859596	151.704
0.929812	139.392
0.7194	116.936
0.848681	170.675
0.845236	134.826
0.927005	183.592
0.703359	129.992
0.69146	174.591
0.774338	169.287
0.226719	117.881
0.873284	172.58
0.896983	167.278
0.640768	136.923
0.663313	147.777
0.783073	108.821
0.771403	148.122
0.661703	68.6294
0.656847	140.684
0.82603	145.643
0.807331	133.109
0.921173	182.921
0.88189	156.755
0.918941	109.407
0.860524	170.106
0.895992	143.443
0.861361	146.424
0.819637	122.016
0.89647	169.541
0.885501	131.08
0.791589	97.0361
0.82468	170.094
0.919122	167.177
0.47063	147.567
0.853855	138.304
0.765669	92.5635
0.737678	184.239
0.827893	150.433
0.881677	126.048
0.87757	136.382
0.895383	126.357
0.789934	151.532
0.86048	156.748
0.971085	121.902
0.884331	157.956
0.866627	129.746
0.65747	135.263
0.843423	142.976
0.842929	171.779
0.783805	184.396
0.900488	153.108
0.851448	111.068
0.79892	159.844
0.81078	116.705
0.705427	166.307
0.863993	184.071
0.687045	115.438
0.834958	148.02
0.859286	161.988
0.84388	177.121
0.888693	167.338
0.960533	148.479
0.819829	148.304
0.530557	130.927
0.433095	104.48
0.886648	177.37
0.840904	112.419
0.903827	90.8845
0.867242	144.118
0.88743	213.57
0.683931	105.802
0.900032	162.616
0.812044	133.394
0.724252	152.23
0.816787	131.134
0.806925	139.226
0.787632	169.068
0.88992	153.773
0.797578	144.104
0.872113	184.158
0.772048	155.441
0.583127	159.085
0.475565	165.13
0.703009	162.807
0.889949	147.662
0.85952	175.077
0.443033	137.04
0.859164	143.972
0.88646	180.898
0.900638	162.512
0.938443	160.318
0.744572	150.486
0.83944	101.961
0.874385	162.948
0.783134	154.227
0.706207	124.314
0.916167	142.576
0.890135	156.051
0.54267	96.7368
0.921785	172.656
0.840733	147.845
0.849903	113.287
0.637989	133.499
0.84153	121.004
0.926296	165.033
0.857087	148.351
0.933438	141.542
0.955727	139.32
0.694591	161.784
0.912459	147.621
0.823025	127.499
0.792956	143.087
0.880642	170.687
0.847504	146.485
0.538743	174.74
0.825023	180.488
0.812959	145.252
0.99556	175.664
0.994736	169.959
0.988734	142.12
0.992403	200.639
0.99374	182.258
1	228.591
0.996162	171.429
0.994234	174.654
0.996949	207.316
0.997663	201.236
0.993677	189.272
1	193.013
0.998359	214.919
1	183.428
1	180.167
0.996506	173.92
0.994337	182.943
1	185.046
0.96707	152.63
0.999115	181.874
0.985966	155.325
0.988738	175.773
1	172.615
0.983889	176.726
1	173.931
0.98324	168.725
0.994606	188.446
0.997408	198.066
0.996312	167.744
0.997043	180.942
0.995961	154.59
0.996639	151.565
0.997849	183.445
0.997752	164.091
0.998886	162.253
0.98841	172.099
1	196.835
0.99804	180.344
0.997633	214.583
0.996555	199.274
0.99784	179.354
0.996702	216.102
0.984402	167.631
0.999034	192.671
0.9922	194.808
0.9863	166.343
0.998298	175.505
1	163.224
1	177.195
0.990817	179.092
1	204.098
1	209.026
1	156.339
1	164.499
0.982159	172.575
0.994924	151.215
0.998538	170.065
1	218.65
0.996894	168.79
0.998757	155.235
0.999576	200.559
0.994846	192.083
0.990594	199.274
0.998131	219.053
0.998214	191.87
0.996195	200.649
0.992796	159.631
0.999175	170.546
1	189.378
0.998942	201.296
0.999005	192.857
1	204.871
0.999632	188.42
0.993355	143.108
1	197.307
0.9979	197.332
0.996121	189.04
1	183.123
0.986147	170.833
0.99008	203.494
0.998551	170.839
0.996284	206.053
0.998435	192.104
0.995979	180.699
0.988405	178.818
0.985279	153.127
0.981285	202.237
0.993541	158.707
0.991307	145.671
0.99606	163.939
1	187.819
0.999589	150.997
0.989012	170.687
0.998413	165.366
0.985	126.079
0.997896	184.228
0.997497	203.755
0.999147	193.67
0.999294	172.546
1	177.37
0.994169	153.219
1	200.714
0.999115	184.64
0.996461	170.423
1	172.105
1	179.527
0.99975	203.603
0.997141	192.551
0.992518	142.59
0.984699	154.428
1	172.881
0.996121	149.913
0.993845	149.646
0.996522	176.403
0.997744	193.293
0.995582	206.509
0.996678	171.546
0.995781	161.963
0.974856	162.733
0.999037	188.271
0.994959	181.554
1	185.973
0.998065	163.579
0.985745	191.212
0.994314	173.055
0.991818	191.473
0.995471	175.795
1	164.864
0.999643	162.96
0.996088	181.494
0.998868	177.042
1	170.364
0.934014	152.151
0.998201	170.687
0.995476	177.184
0.978315	168.772
0.999721	204.475
0.978878	128.787
0.999037	172.725
0.998218	163.652
0.999183	108.222
0.995322	213.79
1	200.564
0.997862	184.212
0.993194	181.047
0.999744	181.03
0.991089	174.986
1	189.889
0.990616	157.531
0.990617	187.115
0.999075	136.125
1	189.937
0.98531	171.686
0.990945	183.995
0.995336	192.966
0.965929	158.12
0.980115	176.975
0.985741	161.034
0.994952	188.78
1	211.348
0.990039	126.665
0.990383	163.793
1	197.479
0.996426	178.578
0.995558	170.094
0.998474	168.677
0.993728	166.757
0.961051	159.537
0.998831	175.02
0.991146	148.176
1	142.281
0.996942	181.643
0.99953	137.113
0.997731	167.003
1	207.596
0.997552	158.896
0.995017	181.527
0.995424	137.688
0.998082	182.642
0.981705	160.717
0.99915	184.543
0.981485	152.702
1	166.102
0.996247	176.833
1	168.547
0.998582	179.109
0.986111	140.036
0.993891	178.039
0.998044	158.392
0.978881	142.331
0.994716	165.807
0.995067	140.769
0.99483	184.97
0.999262	138.42
0.998908	200.395
0.998324	185.979
0.992639	161.759
0.994529	191.567
0.984911	131.438
0.993385	211.542
0.757108	147.723
0.791482	98.2649
0.867199	160.929
0.749156	163.548
0.810039	149.084
0.854632	137.521
0.906458	122.793
0.841398	185.521
0.837736	154.881
0.0582985	33.7343
0.915567	161.71
0.785934	133.589
0.713536	142.513
0.748857	137.557
0.884487	166.703
0.514887	134.551
0.842821	120.275
0.792839	157.842
0.861037	114.787
0.79985	207.364
0.728293	146.772
0.814632	146.506
0.809454	171.791
0.777465	148.614
0.917922	182.22
0.885855	140.72
0.802084	169.18
0.79309	138.174
0.84138	160.792
0.844066	187.222
0.61291	137.92
0.903421	166.397
0.852022	137.971
0.897711	136.865
0.830592	127.153
0.802526	162.462
0.912073	179.7
0.875897	153.799
0.879404	196.754
0.768418	136.103
0.8367	162.197
0.829029	145.513
0.803623	151.208
0.77453	132.537
0.950109	154.945
0.904807	177.679
0.87348	155.756
0.895945	153.812
0.853378	165.511
0.452305	129.607
0.592483	134.685
0.88543	170.229
0.671796	176.782
0.755562	139.32
0.681391	111.373
0.744038	124.948
0.903536	150.08
0.890847	148.074
0.90141	179.733
0.886067	165.807
0.506991	94.9526
0.899574	177.702
0.744092	158.24
0.809901	141.894
0.911745	163.187
0.520847	133.761
0.864879	155.358
0.757538	129.661
0.923431	129.553
0.887168	128.086
0.915903	148.317
0.856399	126.365
0.867428	155.679
0.861334	182.159
0.940958	173.73
0.670953	189.526
0.826474	156.812
0.693329	122.963
0.839848	140.727
0.861547	149.893
0.862564	152.401
0.814922	146.867
0.822091	146.895
0.897271	151.974
0.843208	181.362
0.780539	194.396
0.828394	145.01
0.830823	159.267
0.90982	143.367
0.825789	193.474
0.91401	181.312
0.842472	165.705
0.88833	182.198
0.789414	171.423
0.841031	138.196
0.501116	112.392
0.931853	163.744
0.475468	116.576
0.757875	137.419
0.854533	172.968
0.85103	124.226
0.836676	144.865
0.724634	156.55
0.909813	131.939
0.846148	162.542
0.759079	163.359
0.814959	154.357
0.81157	169.239
0.497008	124.78
0.84474	97.5705
0.89552	180.039
0.94193	131.324
0.6343	144.381
0.797584	179.014
0.827344	123.491
0.862274	126.27
0.892136	180.538
0.842018	107.49
0.926392	152.774
0.811984	166.979
0.754379	197.479
0.643022	128.895
0.805301	110.968
0.887441	163.009
0.90348	163.365
0.629761	146.055
0.805405	169.499
0.933643	141.633
0.409599	155.608
0.803237	175.351
0.93819	141.626
0.879489	172.835
0.735148	150.207
0.854662	115.681
0.823578	164.073
0.748282	135.063
0.916117	176.255
0.830584	195.187
0.888116	200.589
0.796872	130.568
0.895577	176.199
0.596935	90.9725
0.839995	163.97
0.590491	133.866
0.707368	141.202
0.804838	168.695
0.919047	156.352
0.629735	140.641
0.857658	128.857
0.790147	153.016
0.921979	174.631
0.900059	129.746
0.867177	145.424
0.800333	152.643
0.886905	192.873
0.720717	156.103
0.847437	193.551
0.411219	125.236
0.915359	161.009
0.874547	163.052
0.745593	179.377
0.805991	131.248
0.850613	162.972
0.885845	153.173
0.813798	169.941
0.835405	129.915
0.848633	148.25
0.899457	133.139
0.900309	205.956
0.903781	128.164
0.966357	198.962
0.880198	161.604
0.802355	119.206
0.907304	179.566
0.903459	163.97
0.878653	183.935
0.754696	146.833
0.709803	139.018
0.648182	143.395
0.867708	143.979
0.845829	132.989
0.845494	130.461
0.853642	130.131
0.864224	149.833
0.770779	131.271
0.929464	149.82
0.900912	165.614
0.877633	154.214
0.892742	145.424
0.790452	143.227
0.931641	150.373
0.829147	133.866
0.848714	125.26
0.897586	115.213
0.943635	117.898
0.773415	171.488
0.861558	150.127
0.8439	163.31
0.87838	154.79
0.816054	147.872
0.997416	147.919
0.996324	153.304
0.998915	167.756
0.997561	226.491
0.98687	177.409
0.999043	223.15
0.991808	156.704
0.934773	162.567
0.99865	204.402
0.97856	183.238
0.988338	179.209
0.995471	176.828
0.99437	206.393
0.997307	173.269
0.968604	152.951
1	214.555
0.993216	181.83
0.99598	191.228
0.995757	161.078
1	186
0.978331	197.798
1	206.063
0.987102	178.902
0.997379	193.892
0.926029	127.02
0.986646	197.975
1	203.317
0.991046	185.596
0.996458	190.714
0.998036	193.66
0.987607	197.2
0.994547	180.986
0.997775	210.775
0.990126	220.127
0.994211	218.376
1	205.893
0.994736	183.712
0.991058	205.587
0.997348	136.682
0.989973	176.153
0.996551	187.435
0.972468	163.695
0.998234	226.084
0.994562	203.406
0.996259	177.876
0.995202	215.634
0.99184	203.858
1	157.721
0.997791	203.298
0.988869	185.564
0.975326	182.614
0.9961	201.931
1	202.069
0.998565	193.028
0.995512	197.59
1	199.384
1	219.486
0.996632	226.022
0.987626	182.85
1	197.413
0.926691	156.933
0.99289	187.222
0.997292	190.242
0.983575	176.884
1	190.809
0.995376	200.599
0.995862	175.054
0.997447	205.139
0.985581	171.213
1	213.607
0.989431	188.754
0.995048	199.86
1	161.932
0.999291	192.125
1	208.509
0.997046	183.815
0.955808	171.598
0.991673	168.819
0.990754	161.394
1	189.415
0.989652	194.566
0.98391	163.45
1	201.266
0.996082	202.771
0.993591	224.236
0.999022	218.925
0.990626	168.612
0.997965	166.973
1	192.629
0.994237	195.51
0.99823	207.673
0.998521	157.506
0.998506	208.911
0.998737	160.194
0.998408	214.872
0.996023	207.721
0.997471	185.267
0.999013	196.392
0.996472	199.464
0.998804	211.948
0.992865	172.215
0.99446	181.879
0.995634	211.253
1	208.394
0.99134	209.452
0.984772	158.07
0.975745	164.353
0.998946	196.066
0.99454	165.027
0.990918	178.421
0.988411	210.457
0.99273	164.785
0.996205	196.743
0.98585	158.158
0.996299	190.037
0.996349	196.097
0.993767	196.01
0.993053	190.168
1	216.458
0.995365	194.232
1	206.427
0.987069	154.719
1	225.184
1	192.031
0.994089	162.173
0.989465	183.712
0.995586	188.276
1	210.205
0.999836	206.857
0.998346	193.267
0.99525	208.902
0.985334	165.68
0.986875	166.355
0.995439	189.731
0.997597	169.009
0.993658	197.464
0.926863	142.766
0.99677	186.874
0.998399	215.212
0.998884	194.761
0.99784	181.532
0.999016	170.704
0.98906	146.41
0.996827	208.945
1	217.062
1	198.504
0.991101	191.724
0.996091	175.328
0.993428	201.316
0.997848	189.716
0.992915	164.408
0.996502	201.341
0.997785	191.651
0.997424	191.348
0.99798	184.445
0.990376	178.342
0.993925	172.017
0.980216	180.111
0.991	176.528
1	227.526
0.986563	120.216
0.99273	202.015
0.897844	141.308
0.992049	182.285
0.994007	178.247
0.99494	186.371
0.997377	214.079
0.979786	170.488
0.982751	178.561
1	198.444
0.999272	189.415
0.975658	169.611
0.970926	179.644
0.999818	222.904
0.995207	215.541
1	189.388
1	207.976
1	182.461
0.998259	190.405
1	188.149
1	182.882
0.991393	174.213
1	162.997
0.99398	203.936
0.993914	190.494
0.997889	193.184
0.962992	137.557
0.985541	179.393
1	233.846
0.986938	187.056
0.990743	170.499
0.992423	197.226
0.991696	159.217
1	183.27
1	190.955
0.992679	201.484
1	210.333
1	154.855
0.998317	206.097
0.998696	181.251
0.938311	175.197
0.804537	161.883
0.812593	184.521
0.920806	125.634
0.912648	172.517
0.858704	134.328
0.908826	139.018
0.773491	178.544
0.802413	153.258
0.842314	175.682
0.807509	96.1977
0.930397	195.499
0.933731	154.149
0.894673	183.744
0.874735	149.459
0.90953	149.392
0.836688	130.092
0.90986	169.34
0.963158	214.639
0.70072	182.943
0.786491	116.919
0.839451	173.568
0.858645	132.348
0.901112	154.415
0.904772	187.654
0.864828	206.882
0.604593	129.892
0.897998	181.94
0.950481	197.944
0.921917	161.425
0.966689	192.671
0.951716	139.893
0.779462	194.124
0.937727	157.652
0.8537	175.402
0.704003	121.07
0.444226	101.153
0.858309	199.294
0.842737	169.552
0.695982	137.84
0.54609	147.675
0.777604	99.94
0.905944	161.716
0.836952	145.148
0.889864	151.44
0.831409	203.912
0.886825	171.814
0.645863	159.744
0.817719	132.499
0.879544	128.631
0.778755	182.844
0.820722	186.778
0.586092	133.537
0.841526	173.649
0.914126	152.033
0.919586	145.815
0.823007	183.636
0.494658	126.396
0.94957	204.46
0.918127	160.225
0.915985	183.641
0.685684	140.748
0.702561	138.42
0.888701	213.082
0.901658	183.45
0.917334	139.542
0.936174	204.074
0.788982	150.592
0.746726	149.452
0.802822	149.278
0.894318	163.585
0.725539	177.601
0.952531	136.836
0.92494	175.67
0.86002	138.917
0.794678	165.994
0.923171	172.482
0.821088	150.732
0.833432	143.764
0.872326	216.462
0.712288	160.823
0.829703	141.725
0.898318	210.286
0.782137	177.719
0.800456	188.918
0.908919	174.344
0.959175	157.924
0.519366	129.553
0.92299	166.187
0.828735	168.113
0.897635	190.158
0.845942	130.514
0.837179	176.358
0.818881	183.112
0.880934	171.68
0.849188	186.059
0.834247	179.393
0.884072	115.715
0.566547	152.735
0.853342	176.295
0.940927	169.658
0.82704	167.839
0.877921	150.625
0.716506	194.921
0.812374	173.17
0.901902	197.449
0.858376	135.963
0.829513	170.341
0.659578	168.784
0.737999	140.52
0.697219	164.9
0.46856	116.679
0.912962	183.815
0.898761	162.592
0.823245	171.02
0.926232	170.523
0.892288	160.2
0.955009	160.343
0.797351	165.958
0.822851	179.221
0.900778	145.313
0.79848	172.853
0.905418	201.792
0.931084	165.082
0.694676	117.303
0.390295	163.963
0.848303	179.494
0.911677	168.119
0.548409	73.9594
0.684063	160.767
0.817545	176.929
0.858501	143.701
0.746565	157.417
0.851149	179.181
0.920611	154.919
0.832209	212.014
0.835669	200.559
0.71946	80.9197
0.777311	90.4544
0.817509	163.365
0.792784	165.451
0.837739	157.347
0.860666	196.433
0.877443	112.134
0.508541	115.767
0.937649	146.779
0.868181	191.567
0.616377	172.308
0.727862	116.447
0.88497	186.96
0.855642	160.842
0.940843	200.38
0.910412	168.06
0.898548	129.391
0.810982	210.461
0.270732	88.3968
0.844912	166.511
0.861907	128.117
0.914677	136.118
0.853401	175.043
0.883246	126.111
0.603914	146.192
0.856215	167.69
0.672713	148.236
0.859024	134.981
0.706541	151.625
0.890417	129.992
0.847784	143.457
0.753553	131.681
0.888621	155.846
0.813507	173.257
0.681804	165.409
0.188551	100.11
0.517845	119.248
0.783507	203.514
0.835658	152.434
0.54586	186.446
0.738596	170.376
0.826429	126.444
0.895724	131.149
0.759547	170.188
0.85129	192.089
0.913108	155.782
0.710219	120.599
0.902326	133.244
0.803057	155.158
0.872701	171.207
0.806774	170.974
0.883057	164.785
0.933738	138.224
0.51786	148.627
0.848233	177.076
0.798916	170.634
0.737288	146.267
0.527846	151.361
0.884977	179.928
0.488689	119.34
0.857089	186.789
0.545645	194.144
0.895519	153.395
0.999283	160.281
0.997256	175.562
1	160.736
1	158.562
1	180.876
0.9812	164.134
0.988189	170.129
0.99584	191.128
0.998446	225.362
0.996199	152.033
1	168.226
0.991098	186.15
1	209.132
1	157.785
1	164.511
1	183.336
0.999472	197.15
0.998244	197.869
1	155.473
0.982377	155.235
0.994167	210.528
0.997796	157.092
0.986972	129.915
0.938979	116.61
0.993374	166.583
0.997882	181.967
0.995126	168.701
0.978393	153.987
0.994792	150.572
0.997931	164.948
0.983947	190.195
0.988263	180.205
0.998428	200.125
0.99541	195.878
0.994776	186.955
0.963827	191.358
0.973675	178.88
0.991585	203.789
1	190.31
1	188.505
0.998739	187.019
0.981417	160.306
0.990276	204.309
0.998768	171.866
1	203.858
0.991812	191.029
0.947159	129.027
0.992463	184.57
0.993166	164.359
0.995317	197.768
0.996841	196.321
1	201.534
0.998033	187.606
1	202.825
0.99182	182.115
0.999629	204.651
0.99914	185.078
1	182.11
0.995487	182.921
0.991779	146.089
0.999312	217.61
1	193.049
0.993926	177.46
0.998876	185.995
1	166.271
0.964601	163.829
1	191.666
0.998041	210.979
0.997156	188.011
1	191.88
0.995082	181.345
0.996983	155.66
0.999361	199.424
0.997808	190.714
0.998873	198.806
0.988547	182.527
0.99436	148.876
0.998825	193.293
1	214.453
0.995123	193.618
0.985683	129.661
0.99702	207.74
1	170.745
0.995519	164.694
0.995112	191.228
0.998335	181.058
0.981845	166.445
1	183.821
0.9984	179.154
0.984926	185.3
0.998358	183.112
0.993009	193.923
0.997566	139.564
0.999215	202.317
1	196.581
1	224.584
1	220.957
0.999578	208.686
0.993774	205.115
0.994969	173.338
0.992222	183.75
0.998298	204.807
1	222.122
0.967221	177.544
1	180.621
0.998344	204.895
0.986072	147.384
0.998629	177.696
0.992643	213.077
0.998193	181.857
0.993477	198.655
1	211.159
0.99847	195.668
0.996683	183.276
0.999616	187.601
0.992914	185.839
0.993814	185.111
0.990398	172.163
0.996887	197.069
0.987152	164.524
0.990885	197.909
0.994594	159.167
0.994787	185.435
1	198.126
0.985175	208.077
0.995871	201.584
1	153.069
0.995138	152.905
0.983191	181.4
0.998293	199.244
0.998537	212.993
0.978443	143.415
0.997596	232.151
0.98167	164.183
0.995429	188.897
0.994941	166.048
0.998522	179.761
0.997803	177.539
0.997532	181.488
0.99804	163.242
1	200.155
0.996737	160.087
1	206.64
1	190.316
1	200.315
0.991425	197.697
0.998889	182.148
0.995854	172.227
0.997853	210.651
0.984867	187.152
0.998655	192.987
0.998622	168.137
0.967409	170.123
1	164.499
1	222.957
0.994923	169.109
0.996389	185.51
0.996437	156.109
1	205.076
0.996006	174.017
1	196.418
0.976307	138.449
1	189.921
0.997907	154.195
0.997027	208.423
0.998627	226.755
0.99354	190.908
0.937911	168.891
1	192.489
0.994367	150.532
0.992666	168.44
0.996856	229.255
0.999693	220.309
0.987054	154.383
1	208.183
1	159.518
0.999727	184.158
0.985262	119.842
0.994805	185.132
1	219.672
0.99722	185.116
0.998719	175.168
1	160.953
0.995397	203.544
0.998986	193.437
0.99877	210.713
0.993277	129.136
0.997025	192.224
0.995323	170.763
0.992292	180.189
0.997972	182.384
0.997026	211.48
0.988043	168.683
1	202.094
0.998109	164.146
0.996143	182.351
0.997829	203.332
0.987351	159.336
0.989462	204.749
0.998542	222.648
0.210436	67.8528
0.889064	174.814
0.544026	143.798
0.848954	176.545
0.849114	169.482
0.851373	133.214
0.846776	166.451
0.709514	141.167
0.0408668	38.6523
0.403414	113.243
0.85364	166.006
0.187492	66.8132
0.86613	151.947
0.847468	141.344
0.792462	155.094
0.644076	152.026
0.848004	180.649
0.90313	143.429
0.739904	151.704
0.433681	154.253
0.887974	145.897
0.570572	148.997
0.679562	137.877
0.760028	152.263
0.434773	101.232
0.910105	159.009
0.871131	167.857
0.835358	154.997
0.893847	150.419
0.884772	164.572
0.671566	183.227
0.943671	132
0.781678	134.863
0.688278	172.991
0.847049	126.657
0.922686	179.588
0.809667	180.898
0.857073	200.893
0.525771	146.758
0.883304	113.411
0.806395	172.215
0.894484	123.782
0.0539628	37.5766
0.921819	149.499
0.685984	130.668
0.737855	121.959
0.888672	128.016
0.894798	194.576
0.761435	134.283
0.705978	169.482
0.840892	165.873
0.918198	127.295
0.854425	165.837
0.868066	148.23
0.810317	169.003
0.892509	155.332
0.832686	221.639
0.0645051	57.8792
0.948036	151.756
0.868793	194.633
0.477615	107.434
0.805897	124.121
0.431341	133.888
0.696252	121.045
0.610055	122.246
0.879864	147.729
0.89327	129.908
0.527244	141.52
0.873833	164.56
0.791999	136.022
0.610576	66.2118
0.923749	161.901
0.749659	131.826
0.878091	139.621
0.749089	140.164
0.666673	155.242
0.950089	169.446
0.87092	130.407
0.820457	138.867
0.805596	148.378
0.886068	177.601
0.805731	106.028
0.641752	78.9304
0.918907	133.079
0.754859	152.774
0.861059	117.371
0.814085	164.268
0.805362	130.307
0.622501	160.705
0.871402	167.571
0.637528	126.412
0.868368	144.416
0.808276	138.275
0.876756	100.319
0.556176	143.178
0.788858	174.728
0.775738	88.0341
0.884326	172.29
0.87864	153.909
0.878491	126.618
0.645527	140.407
0.85792	182.033
0.611693	118.025
0.653596	161.833
0.939978	178.718
0.848651	141.789
0.620519	162.868
0.830922	128.546
0.065806	44.2719
0.824296	167.613
0.7317	193.22
0.905468	184.9
0.636041	137.485
0.919127	142.253
0.669675	145.176
0.929177	183.445
0.894708	201.514
0.865085	144.72
0.821449	142.281
0.787524	154.784
0.791319	131.735
0.829983	159.116
0.743209	127.067
0.743574	131.879
0.784057	151.75
0.862064	157.086
0.549753	76.2496
0.604178	153.186
0.812559	160.4
0.875638	137.724
0.83249	189.003
0.849456	164.152
0.854639	150.286
0.929956	116.568
0.422408	190.379
0.853342	186.564
0.854154	160.873
0.733507	168.665
0.846633	135.831
0.779151	167.714
0.746198	91.0055
0.784536	140.043
0.790486	118.743
0.722682	114.28
0.91573	124.113
0.890477	153.74
0.784585	190.882
0.657991	160.343
0.761967	195.1
0.761093	140.947
0.785023	145.554
0.863506	132.393
0.869453	144.035
0.899381	160.568
0.863355	132.74
0.621221	175.573
0.85425	142.408
0.75766	141.259
0.904511	175.522
0.798622	171.738
0.71	159.499
0.913522	175.111
0.740419	108.72
0.903509	148.862
0.761743	148.095
0.429227	68.4251
0.862179	142.07
0.852559	146.253
0.857779	155.589
0.906849	166.361
0.839363	171.482
0.852293	142.731
0.472473	78.0513
0.881488	175.248
0.735913	153.434
0.812449	170.288
0.891356	170.253
0.865162	128.023
0.700232	137.666
0.374474	122.841
0.881129	172.296
0.780781	127.059
0.442798	72.6636
0.894561	176.085
0.882422	99.8198
0.541281	93.1451
0.681964	147.173
0.70611	181.956
0.439379	71.7914
0.81881	140.471
0.874343	171.196
0.798869	191.609
0.856489	151.882
0.847693	154.764
0.918765	172.406
0.544275	136.704
0.876441	146.253
0.815696	130.238
0.883401	108.093
0.922433	138.578
0.974398	190.457
1	203.72
0.987872	158.31
0.949261	183.957
0.994701	164.517
0.996358	181.841
0.993093	165.396
1	216.291
0.988328	197.504
0.986635	183.139
0.994161	191.358
1	206.058
0.994959	171.418
0.998026	200.634
0.993882	145.973
0.998975	179.449
0.994217	185.548
0.989024	186.424
0.995039	179.41
0.990629	175.909
0.998123	182.74
0.990169	182.011
0.98752	169.251
1	180.782
0.999964	182.34
0.992706	183.679
1	182.609
1	212.819
0.967111	144.416
1	182.822
1	185.898
0.997341	195.622
0.995143	141.972
0.987954	180.577
0.995911	173.563
0.988365	173.199
0.995549	189.995
0.964076	126.27
1	170.329
1	209.499
0.992066	169.428
0.997884	202.406
0.999762	195.069
0.990099	146.506
0.998738	188.42
0.996448	205.027
0.996393	158.518
0.996729	198.232
0.99747	162.382
0.994191	203.755
0.995511	224.41
0.998352	175.009
0.991309	211.83
0.99773	193.215
0.999338	212.894
0.980277	156.563
0.998234	213.045
1	185.634
0.990388	178.079
0.990956	161.697
0.991145	170.968
0.997548	199.208
0.989005	183.314
1	186.938
1	202.766
0.993946	186.997
1	215.29
1	200.035
1	171.796
0.998595	165.934
0.994765	183.636
0.995373	178.32
0.998351	172.377
0.999103	206.243
0.994788	180.244
0.995001	168.481
0.998695	200.045
0.985986	174.006
1	186.548
0.99907	185.024
1	177.584
0.996748	168.196
0.995149	180.649
0.998858	220.78
0.997369	202.173
0.974882	154.674
1	192.499
0.99026	173.741
0.993354	196.581
0.999612	208.95
0.99931	186.075
0.998336	188.101
0.996034	188.632
0.995334	165.336
1	213.864
0.937126	164.365
1	158.877
0.993886	159.725
0.99854	191.917
1	198.736
0.991307	197.312
0.997646	182.937
1	173.032
0.989409	201.539
0.999287	204.675
0.99881	229.247
0.992524	181.676
1	200.095
1	190.589
1	178.326
0.972143	170.587
0.996809	190.295
0.998461	205.927
0.992563	157.143
0.999601	217.002
0.999364	192.94
0.994737	153.903
0.981599	152.689
0.998987	180.798
0.99691	195.648
1	203.101
0.996008	141.563
0.995223	167.541
0.997033	181.587
1	171.511
0.993028	186.489
0.997729	174.339
0.990804	150.06
0.99969	203.607
1	172.887
0.997274	191.932
0.961886	155.364
0.99324	203.15
1	233.671
0.990831	163.731
0.988486	169.174
0.991974	163.291
0.997281	150.738
0.981198	145.643
0.99378	179.716
1	190.72
0.980312	195.274
0.996012	201.807
0.998632	223.204
0.981432	146.376
0.991471	204.504
0.999071	193.778
0.99314	208.864
0.998676	200.115
0.994757	165.076
0.998074	174.316
0.998765	216.873
0.999458	196.804
0.996907	180.355
0.997915	178.202
0.99729	169.77
0.985892	152.787
1	188.441
0.999061	161.555
1	199.319
0.992896	139.778
0.99155	199.254
0.999068	174.448
0.990065	169.033
1	206.625
0.995726	173.315
0.997146	180.35
1	179.343
1	158.89
0.990992	153.193
0.997442	184.938
0.998717	187.029
0.999062	192.473
0.999374	192.146
1	235.079
0.994575	217.177
0.99339	188.865
0.998333	153.049
0.994904	149.96
1	210.029
0.997992	187.259
1	219.627
0.996765	203.411
0.991821	160.835
0.998258	195.172
0.995512	184.721
0.999057	182.192
0.951303	175.818
0.991985	176.131
0.998438	172.354
0.996794	186.333
0.998458	200.335
0.996216	183.347
1	200.105
0.99822	167.38
1	198.056
0.994025	198.353
0.986657	149.8
0.993612	157.461
0.997153	187.782
0.830458	178.712
0.86915	185.219
0.871631	178.969
0.851522	98.7826
0.81022	115.534
0.694574	113.111
0.864819	153.695
0.877498	160.231
0.88897	192.224
0.928177	197.282
0.83747	160.281
0.919121	208.634
0.875994	129.244
0.900211	163.988
0.907401	188.202
0.93111	158.518
0.782232	96.4261
0.708125	173.269
0.829163	122.711
0.923981	137.811
0.843775	152.309
0.857528	168.493
0.800464	131.072
0.907501	192.837
0.524661	64.5446
0.810059	151.671
0.910694	119.892
0.923199	193.587
0.730425	122.246
0.785502	189.995
0.92908	135.617
0.583211	132.62
0.886322	145.176
0.800186	170.704
0.701858	139.478
0.826872	131.088
0.783939	171.056
0.865154	132.045
0.417141	149.633
0.749983	116.301
0.548097	106.874
0.864001	147.173
0.850128	173.349
0.893529	152.617
0.828009	175.647
0.582101	137.732
0.804736	169.387
0.833859	193.809
0.759144	145.238
0.706207	129.661
0.782763	171.727
0.677451	156.837
0.62304	151.947
0.836038	137.375
0.852534	118.499
0.836633	116.936
0.831044	116.782
0.843973	128.367
0.906254	190.636
0.942543	168.624
0.843685	149.559
0.551779	117.652
0.839836	157.201
0.784489	166.817
0.812782	170.769
0.851071	147.662
0.703383	173.47
0.793995	175.243
0.579177	110.824
0.805377	179.944
0.855148	171.476
0.848833	154.473
0.626554	147.587
0.783057	186.188
0.0302191	13.784
0.913703	198.197
0.0784955	20.0998
0.1052	56.7098
0.843566	130.3
0.836079	109.06
0.83514	151.625
0.953285	153.264
0.927558	156.327
0.826612	116.962
0.622357	162.923
0.256881	164.152
0.748225	174.402
0.879596	134.201
0.58738	135.993
0.836683	188.298
0.838004	111.032
0.877145	160.381
0.907367	204.162
0.091553	15.0997
0.585635	120.308
0.255526	141.152
0.934064	144.291
0.114162	57.2014
0.789468	147.146
0.745127	180.688
0.89024	171.674
0.550945	140.335
0.730968	146.922
0.891161	169.929
0.922361	170.223
0.9416	126.27
0.62977	109.745
0.856039	185.704
0.591109	120.739
0.709068	132.582
0.749425	115.326
0.911168	138.716
0.812588	160.63
0.834622	162.142
0.915898	169.641
0.578704	135.573
0.857419	133.094
0.633444	151.519
0.277129	101.627
0.933638	142.773
0.871504	187.115
0.795826	134.335
0.852798	168.511
0.866519	169.735
0.880797	160.723
0.901693	207.552
0.661609	150.033
0.815329	128.872
0.44782	88.6454
0.862717	127.161
0.853378	165.451
0.719342	160.698
0.794432	171.283
0.846094	174.631
0.940398	172.696
0.754989	95.2365
0.611543	172.893
0.897752	193.763
0.913077	216.924
0.84753	146.472
0.833811	129.576
0.791462	176.584
0.918992	182.071
0.759767	160.891
0.644927	156.933
0.810411	185.235
0.510427	68.1616
0.857776	125.332
0.576879	128.81
0.68306	147.499
0.556177	77.1362
0.82499	159.518
0.850268	137.215
0.808461	95.4254
0.615751	132.65
0.920028	152.977
0.820168	172.702
0.805249	125.068
0.753372	165.837
0.868941	148.034
0.831974	140.385
0.850702	175.117
0.866053	147.932
0.70095	148.748
0.652296	108.268
0.896079	158.196
0.774242	105.29
0.781142	141.152
0.867506	156.384
0.688306	122.548
0.758146	155.184
0.93358	169.753
0.744665	120.092
0.603542	102.635
0.710414	158.304
0.58619	112.054
0.848331	142.752
0.922748	172.98
0.801001	164.14
0.808816	143.896
0.901071	166.709
0.858696	115.784
0.901721	162.905
0.794883	171.802
0.735387	121.844
0.902084	145.815
0.765351	198.957
0.912241	173.753
0.591207	163.799
0.916913	174.161
0.574159	104.957
0.844658	187.766
0.955975	172.25
0.549657	150.1
0.865426	165.807
0.865643	142.892
0.883024	174.011
0.765881	172.54
0.872415	109.316
0.77534	87.155
0.996329	201.017
1	190.798
0.994988	200.599
0.987224	196.891
0.99391	172.476
0.992976	195.079
0.982346	147.851
1	190.489
0.997557	163.939
0.996606	185.962
0.997228	185.979
0.992523	194.777
0.998806	203.426
0.99826	192.364
0.986079	156
0.945134	121.483
1	186.349
0.993455	183.891
1	160.456
0.995081	153.486
1	204.832
0.998098	166.571
1	199.795
0.979802	159.612
0.997282	201.901
0.998299	191.755
0.99922	175.892
0.997502	206.441
1	176.528
0.993015	185.683
0.996174	174.637
0.988932	189.462
0.996739	195.249
0.991289	182.915
0.970224	131.697
0.981281	198.967
0.997876	181.731
0.996032	203.544
0.986412	186.896
0.987093	211.173
0.99511	181.576
0.992949	173.954
1	193.608
0.995598	207.899
0.997607	191.802
0.99321	205.747
0.98916	183.412
0.996732	165.1
0.992088	182.872
0.980692	212.278
0.995815	197.195
0.996532	190.562
0.999697	192.281
0.994335	173.638
0.990301	176.142
0.998895	154.706
0.997382	172.412
0.998892	194.525
0.990861	172.569
0.997031	197.949
0.999177	195.151
0.965499	170.822
1	154.538
0.994678	190.699
0.996009	175.34
1	179.003
0.99996	199.925
0.928544	147.899
0.997757	194.206
0.996868	198.429
1	176.878
1	196.382
1	216.776
1	180.178
0.999503	210.723
0.994145	174.356
0.985586	174.728
0.991487	196.855
0.999029	204.348
0.977232	159.906
0.997639	157.061
0.998696	192.427
0.993947	165.161
1	174.654
0.993917	172.638
0.994456	221.725
1	197.884
0.993684	175.094
0.998866	169.204
1	188.292
1	187.579
0.992769	195.064
0.99709	183.456
0.998956	198.136
1	176.301
0.994094	182.483
1	176.062
1	194.551
1	178.634
0.988663	173.874
0.942108	143.262
0.999785	176.204
1	181.852
1	191.531
0.985404	147.743
1	210.29
0.997963	188.643
1	187.665
0.99886	177.184
0.999633	187.297
0.991097	187.681
0.99169	170.476
0.99833	196.097
0.999032	209.179
1	188.992
0.997662	189.831
0.999788	201.633
0.9928	193.69
0.996785	201.777
0.984602	179.315
1	191.969
0.993997	192.265
0.996592	188.944
1	178.712
0.998431	210.181
0.985129	161.121
0.992139	159.047
0.962689	184.293
0.984735	198.207
0.995154	184.694
1	174.951
0.999558	211.376
0.997164	203.931
1	172.017
0.994806	210.794
0.981378	139.571
1	162.942
0.998612	195.187
1	166.949
0.997243	184.413
1	208.868
0.995552	202.559
0.998745	150.652
0.986501	195.888
0.997304	183.145
1	216.744
0.994443	151.789
0.992918	174.642
0.994898	189.905
0.973378	150.306
0.979161	162.764
0.992954	165.221
0.986718	199.028
0.991299	169.641
0.995711	206.77
1	215.458
0.957455	124.892
0.952855	141.81
0.996055	165.415
0.991808	189.795
0.997658	152.02
0.999739	191.128
0.994504	133.798
0.998259	195.99
0.990956	195.136
0.994408	169.994
0.980024	164.748
0.999828	178.354
1	211.211
0.985419	207.846
0.994065	156.614
0.997589	193.111
0.998119	223.253
0.997912	232.28
0.996834	167.893
0.996045	163.585
1	172.041
1	167.786
0.999511	222.594
0.995085	180.538
0.998944	197.069
0.970044	178.062
0.989943	142.983
0.986966	188.223
1	181.89
0.998224	190.316
0.984972	116.172
0.999523	200.624
0.999163	183.39
1	157.022
0.925628	134.015
0.999431	180.322
0.98957	201.142
0.995302	182.071
0.989469	175.374
0.989102	168.967
1	160.873
0.990621	169.05
0.984121	160.156
0.998117	201.4
0.908297	155.968
0.675941	166.187
0.801208	153.154
0.725765	110.136
0.664747	145.685
0.631682	152.138
0.867996	160.866
0.792257	120.258
0.858589	134.179
0.848552	129.213
0.930915	177.837
0.775938	141.739
0.843399	187.67
0.459584	134.603
0.890427	167.702
0.617507	101.912
0.867344	142.913
0.675831	126.38
0.846733	163.994
0.780445	165.033
0.837569	173.194
0.834849	85.1117
0.882639	182.455
0.8896	147.858
0.787344	139.133
0.917753	185.709
0.521782	144.014
0.913701	146.561
0.830394	150.173
0.880733	159.349
0.761889	161.747
0.888228	178.326
0.913312	156.346
0.870583	124.78
0.16945	51.264
0.958722	154.013
0.904171	176.992
0.8865	116.138
0.957087	123.256
0.699188	131.529
0.777557	137.106
0.772761	151.136
0.150304	42.7785
0.699971	194.844
0.545188	70.6541
0.567503	92.6283
0.89586	140.755
0.899174	167.839
0.920961	162.794
0.718827	125.068
0.905874	157.309
0.652712	133.836
0.806411	117.524
0.848843	184.992
0.847031	165.56
0.929912	154.104
0.863814	196.158
0.607095	128.957
0.485029	102.742
0.770074	135.492
0.563663	131.795
0.527614	149.017
0.897432	164.244
0.656145	178.398
0.851346	150.884
0.925716	143.234
0.790616	190.976
0.180777	38.7556
0.912031	153.14
0.904854	148.654
0.735467	185.833
0.883622	150.612
0.914786	170.687
0.871494	145.382
0.857731	118.339
0.759413	188.117
0.822327	207.697
0.85074	158.77
0.879649	141.774
0.888938	161.053
0.800488	134.09
0.658565	185.505
0.827099	151.882
0.905597	149.833
0.874	127.828
0.871989	155.126
0.848211	144.167
0.523777	68.8767
0.863913	112.481
0.567783	90.233
0.871102	177.544
0.874364	165.765
0.849324	172.389
0.885804	153.987
0.866423	155.332
0.732301	134.127
0.802319	184.44
0.898969	160.137
0.897704	178.98
0.701449	147.085
0.923101	164.93
0.820384	111.875
0.853924	160.854
0.546908	123.077
0.838321	125.316
0.849804	195.182
0.766486	135.226
0.8954	193.85
0.846712	163.683
0.846682	169.523
0.944001	201.291
0.741782	182.757
0.811628	134.581
0.784709	126.024
0.842726	190.2
0.695799	177.392
0.889927	142.253
0.938812	171.155
0.617338	173.545
0.896521	161.171
0.945195	155.422
0.866608	166.379
0.611865	178.045
0.591952	133.432
0.706453	162.794
0.809032	144.375
0.730178	152.539
0.838825	127.828
0.799678	149.218
0.796617	176.737
0.862857	189.911
0.893595	197.347
0.801344	202.48
0.913278	151.914
0.804425	163.101
0.549332	144.146
0.853227	161.969
0.758351	146.24
0.847943	195.382
0.903915	190.242
0.779115	158.322
0.865815	170.323
0.353556	58.6174
0.92158	148.566
0.95702	164.311
0.828674	142.253
0.852334	142.183
0.880739	173.447
0.907647	183.51
0.833538	173.684
0.914331	183.929
0.652971	115.343
0.888837	194.314
0.898652	196.891
0.656908	171.126
0.871623	151.189
0.428043	95.2155
0.937391	193.721
0.851288	183.325
0.804211	217.766
0.858093	187.627
0.835869	145.389
0.863652	180.289
0.406519	101.814
0.811093	142.204
0.846768	140.485
0.955673	139.886
0.287338	76.6942
0.812749	141.365
0.813024	148.128
0.138102	67.3201
0.828758	132.537
0.892841	159.625
0.902989	129.267
0.85949	134.06
0.384643	181.945
0.805487	92.747
0.908773	143.91
0.507375	104.976
0.711503	154.764
0.915431	163.052
0.664842	150.393
0.788619	190.305
0.895665	134.164
0.630255	103.383
0.77072	143.792
0.900272	157.721
0.385865	127.224
0.922717	216.933
0.629937	166.637
0.553174	167.266
0.900181	131.095
0.835475	128.18
0.890918	171.709
0.887254	146.854
0.88417	184.358
0.799817	181.444
0.171721	49.2747
0.865257	179.655
0.911146	160.655
