0.996227	1.08818
0.995881	1.05745
1	1.1903
1	1.00034
0.99656	1.27772
0.993473	0.914281
1	1.10347
0.985948	0.7831
0.995273	1.00164
0.998645	0.729951
0.994548	0.903666
0.991414	0.919302
0.980762	1.18371
0.993135	0.99294
0.995143	0.931819
0.994466	1.29415
0.987108	1.05276
1	0.97952
1	1.21217
0.99773	0.880412
0.994569	1.24193
0.997602	1.1133
0.998607	0.90993
1	0.730723
1	1.22346
0.999019	0.73368
0.997282	0.82435
0.980485	0.667865
0.986188	0.99199
1	0.826254
0.990994	0.858456
0.994759	0.792402
0.997508	0.748086
0.99432	0.997164
0.99906	1.00652
0.998886	1.02842
1	0.794158
0.999154	1.02014
0.997621	0.789674
0.99134	1.18782
0.997554	0.79463
0.993613	0.966998
0.993014	1.13243
0.998569	1.07896
0.996212	0.67259
0.994783	1.06272
0.995534	1.30589
0.999351	1.23563
0.990973	0.887679
0.978424	0.908883
0.99756	0.719606
1	1.01274
0.995373	1.20864
0.988224	1.04678
0.99553	1.03437
0.982448	0.918188
0.985654	1.22473
0.997793	0.938627
0.996791	0.978332
0.999562	1.02084
0.983247	1.34089
0.990941	0.854748
0.991037	0.918692
0.998707	1.25402
0.991252	1.17685
0.991818	0.942297
0.99779	0.953692
0.991578	1.1878
0.993591	0.892717
0.995035	1.06062
0.996995	0.889323
0.995563	0.791608
0.99561	0.929606
0.997065	0.910519
0.995436	1.09908
0.998852	1.01906
0.996456	1.2208
0.998281	0.908656
0.996405	0.92874
0.997522	0.828253
0.992371	0.875169
0.994574	0.921037
0.984861	1.23048
0.98043	0.986574
1	1.14117
0.999752	1.02011
0.995119	1.29726
1	0.715125
0.99638	0.965039
0.993757	1.03369
0.996027	1.0614
0.995729	0.848469
0.988693	0.962544
1	1.24596
0.990002	0.966244
1	0.709076
1	1.12037
0.998394	0.885084
0.993152	1.10173
1	0.941944
1	0.980907
0.998387	1.32647
0.976313	1.03617
0.993534	0.847808
0.956325	0.99776
0.998202	0.764696
0.993553	0.961312
0.997527	1.15249
0.99564	1.19223
0.997217	1.16296
0.996443	0.995769
0.996978	1.16235
0.997697	0.941786
0.989496	1.06616
0.979683	0.87697
0.99691	0.726511
0.994771	0.799856
1	1.05093
1	1.09451
1	1.03108
0.991208	1.07153
0.997155	1.07089
0.999496	0.89197
1	1.05136
0.984794	0.947021
0.991256	1.15004
1	1.0077
0.995776	0.941534
1	1.02127
0.998197	1.17812
0.998817	0.813822
1	1.04903
0.997851	0.835951
1	0.738032
0.966434	0.861718
0.99867	1.04813
0.990883	1.19237
0.980569	1.04789
0.999149	0.95329
0.997582	0.920035
0.994846	0.987004
0.996359	1.07367
0.995832	1.19086
1	0.904462
0.992937	1.21331
0.999163	0.981604
0.998527	1.24639
0.998279	0.935673
0.997239	1.02537
0.988817	1.14832
0.998337	0.964739
0.990027	1.22785
0.990405	1.01657
0.99907	0.946514
0.999079	1.11058
0.998104	1.17349
1	1.0781
0.997116	1.147
0.998053	1.12326
0.996078	0.94645
0.993553	1.05245
0.989079	1.15426
0.995754	0.827554
1	1.05327
0.997344	1.03485
0.987253	1.3594
0.997022	1.03508
0.992242	0.859153
1	1.18101
0.996952	1.05011
0.99855	0.977525
1	1.03698
0.990873	0.952854
0.992561	1.09648
1	0.970818
0.991295	0.831941
0.997182	1.14318
0.995562	0.906516
0.97499	0.800004
0.999097	0.76066
0.998819	0.98375
0.999931	1.07798
0.997642	1.34579
0.995765	1.1791
0.982861	1.15245
0.986787	0.830481
0.999096	1.04637
0.997809	0.907569
0.997631	1.1372
0.996648	1.14472
0.984324	0.90725
1	0.910986
1	1.31913
0.998514	0.847391
0.993976	0.567846
0.994203	0.872814
0.950758	0.854641
0.997079	1.03896
0.992819	1.25578
0.999487	0.90969
0.927164	1.09805
0.751958	0.7567
0.911716	1.15954
0.854089	1.0197
0.709202	0.84537
0.799208	0.603317
0.831452	0.84485
0.742335	0.811132
0.852813	0.74526
0.895214	0.814734
0.762551	1.14713
0.765774	0.779139
0.819104	0.861404
0.545239	0.633702
0.761058	0.581387
0.93549	0.895385
0.845953	0.730625
0.740762	0.603539
0.739609	0.556829
0.852913	0.613561
0.788077	0.861978
0.905314	0.795254
0.75117	0.414306
0.873835	0.828745
0.750151	1.03205
0.922717	0.948501
0.799015	0.987085
0.882348	0.735834
0.628997	0.514296
0.748384	0.779431
0.760677	0.885469
0.727499	1.11225
0.68102	0.782037
0.841835	1.07307
0.910865	0.763872
0.889523	0.882362
0.685604	0.561361
0.838492	0.884979
0.845121	0.940861
0.893738	1.17682
0.910005	0.96362
0.903164	0.68436
0.833327	0.780895
0.834012	0.826445
0.895031	0.949965
0.868211	0.813521
0.737225	1.16054
0.891731	1.03033
0.631709	0.4989
0.85953	0.650632
0.745871	0.726089
0.817875	0.672738
0.523436	0.504442
0.846795	0.84439
0.868245	0.706318
0.822876	1.03305
0.748503	0.690191
0.84986	0.508725
0.584436	0.415243
0.849211	1.01315
0.872371	0.818419
0.880139	0.879686
0.815278	0.720995
0.881092	0.92788
0.706301	0.828888
0.795977	0.961864
0.899475	1.25885
0.816867	0.687055
0.635186	0.863478
0.668361	0.755068
0.828531	0.800821
0.277124	0.181314
0.836709	0.639217
0.728094	0.473673
0.868135	0.383715
0.552622	0.638047
0.842698	0.742957
0.732424	0.418054
0.961192	0.790855
0.8286	0.610654
0.901867	1.07549
0.825656	0.686024
0.847049	0.663977
0.816376	0.872989
0.773033	0.808785
0.815211	0.652591
0.85819	0.957696
0.891623	0.905622
0.869774	0.755378
0.88271	0.749615
0.516563	0.387608
0.783726	0.687115
0.913766	0.900895
0.710471	0.699081
0.825153	0.50201
0.859774	1.11421
0.699279	0.599302
0.702578	0.504066
0.0244353	0.0234601
0.835204	1.15048
0.734672	1.10428
0.883909	0.695595
0.906001	0.531232
0.840758	0.800544
0.82804	1.00361
0.877337	1.04011
0.82108	0.581244
0.925267	0.778701
0.866016	0.924952
0.83853	0.809597
0.658082	0.345247
0.902851	1.01745
0.906435	0.8165
0.786045	0.945746
0.636892	0.716471
0.607764	0.713463
0.713359	1.02562
0.889892	0.748412
0.870505	0.953676
0.829694	0.716622
0.742409	0.402805
0.877032	0.525027
0.805822	0.467792
0.889709	0.666622
0.951416	0.816891
0.940324	0.936135
0.799772	0.732394
0.573414	0.704875
0.736524	0.426446
0.925444	0.865882
0.876966	1.08539
0.881405	0.792622
0.871045	0.753005
0.570168	0.684096
0.758741	0.825772
0.809973	0.773522
0.73761	0.780459
0.89839	1.14465
0.933456	0.756033
0.812322	0.922889
0.879187	0.980302
0.887766	0.791966
0.703734	1.07091
0.957209	0.939389
0.891516	1.32758
0.926209	0.82445
0.583861	0.386504
0.897575	0.621447
0.873533	0.833367
0.876444	0.973922
0.885909	1.11618
0.711218	0.409653
0.8799	0.778011
0.913998	0.831958
0.96268	0.9028
0.885479	0.546304
0.620615	0.440075
0.895585	1.18314
0.887241	1.12813
0.938199	0.814599
0.871524	0.854607
0.890101	0.83609
0.816372	0.863404
0.73526	0.769196
0.811224	0.864956
0.886682	1.24877
0.835004	0.792757
0.796045	0.806073
0.868957	1.00047
0.891891	0.953784
0.904979	1.19257
0.903009	0.904802
0.878965	1.05569
0.756137	0.888483
0.538966	0.551174
0.737468	0.548578
0.853238	0.890128
0.944165	0.999106
0.818532	0.574351
0.839405	0.714623
0.8686	0.744011
0.887803	1.17364
0.873429	1.26083
0.885494	0.912982
0.92505	1.10446
0.911215	0.806966
0.904256	0.837518
0.840277	0.808842
0.920222	0.9257
0.73981	0.601876
0.885526	1.03692
0.906965	1.0764
0.802461	1.2513
0.628727	0.920731
0.805104	1.15661
0.941982	0.707429
0.545806	0.762634
0.831847	0.908805
0.761746	0.682859
0.857087	0.939265
1	1.05269
1	1.06146
0.997472	0.784472
0.997402	0.96437
0.994197	1.27068
1	1.02549
0.992012	1.05098
0.999815	0.711713
0.991843	0.990436
0.996529	1.08414
1	0.847659
0.98915	1.26894
0.996134	1.01023
0.990816	0.975168
1	1.28719
0.997946	0.862157
0.988049	0.794508
0.997724	0.916367
0.988851	0.903988
0.966019	0.717124
0.944355	0.759834
0.999053	1.18163
0.887001	1.26249
0.996179	0.967763
0.995201	1.25335
1	1.15104
1	0.585989
0.996122	0.956087
1	0.88522
0.996262	0.659013
0.968657	1.32269
0.995706	1.17541
0.996606	0.785424
0.994664	0.762271
0.996224	0.912223
0.995858	1.42992
0.999635	1.02637
1	0.982587
0.996653	1.16507
1	0.929425
1	0.773294
0.99956	0.695645
0.999014	0.876881
0.997395	1.03666
1	1.04716
0.996422	0.733747
0.644866	0.483662
0.998516	0.845103
0.992527	0.819173
0.992342	0.820336
0.998293	0.761746
0.994826	1.28851
0.998098	1.22
1	0.817975
0.992801	1.07216
1	0.450644
0.983457	0.947664
0.999361	1.4244
0.997748	1.3138
1	0.970845
1	1.30329
0.992189	1.25172
0.99729	1.34586
0.993285	1.11032
0.996361	1.17159
0.991536	0.881845
0.990566	1.02321
0.996305	1.23928
0.998671	0.940838
0.998277	1.03939
0.989431	0.990136
0.998717	0.897722
1	0.658512
0.994188	1.08726
0.985583	0.652324
0.998248	0.56071
0.998061	0.923899
0.995689	0.844358
0.997576	1.09518
0.99487	0.717893
0.997365	0.806321
0.997167	1.07082
1	0.889418
0.996251	0.769202
1	0.865565
0.998357	0.868896
0.996358	1.01028
0.992311	0.947993
1	0.6705
0.988139	0.96673
0.996573	1.60684
0.99389	1.1166
0.977386	1.01977
0.99885	1.16356
1	0.881669
0.994337	0.918727
0.994453	1.03941
1	1.05605
0.996937	1.00451
0.998341	0.733211
0.991308	1.02171
0.998511	1.25417
1	0.953769
0.999416	0.808748
0.998831	1.16766
1	1.0382
0.991561	1.01205
0.998895	1.21067
0.991598	0.834624
0.98991	0.985212
1	1.02236
0.999762	0.84682
1	1.27807
0.990678	0.995719
1	1.08447
1	0.74802
1	1.50929
0.995241	1.05635
0.9958	1.09926
0.995774	0.882406
0.995124	0.68989
0.995946	0.579845
0.996244	0.695607
0.998823	1.11112
1	1.02225
0.994383	1.16954
0.99805	0.556279
0.995923	1.20274
0.998484	1.22842
1	1.17211
0.991382	0.874588
1	0.920585
0.9981	0.959334
0.992921	1.05067
1	1.00311
1	0.840933
1	0.871667
1	0.618742
1	0.933919
0.99867	0.748151
0.996126	0.783942
0.995442	1.3485
1	0.757422
1	1.19339
0.999259	1.2199
0.990836	0.910413
0.999074	0.87279
0.996421	0.935048
0.998013	0.746443
0.980521	1.24557
1	0.933781
0.989241	0.749505
1	0.825983
0.991007	1.32479
1	1.28118
0.99908	0.839094
0.996897	1.02207
1	0.973878
1	0.992109
0.992117	0.924201
0.887186	1.18343
0.990448	1.15537
0.989185	0.920341
0.997649	1.02593
0.973433	0.907201
0.974992	0.980589
0.996989	1.17513
0.995688	1.02508
0.988209	1.08266
1	0.87346
0.997333	0.765375
0.982406	1.06379
0.996208	0.748112
0.999073	1.20285
0.99436	1.09498
0.999499	0.604716
0.974715	0.762806
0.975436	0.820052
0.99848	1.17157
0.90514	0.996125
0.979929	1.23757
0.995465	0.943584
0.998279	0.785979
1	1.28332
0.932109	0.912246
0.993198	1.26852
0.999519	0.758286
0.944799	0.951957
0.985784	0.811954
0.998673	0.894574
0.998935	0.897342
0.998596	1.012
0.998615	0.877808
0.993075	0.826138
0.999289	1.16833
1	0.954968
0.995418	0.730247
0.993493	0.728483
0.995444	1.05846
0.992239	0.720412
0.868454	0.825457
0.844495	0.629964
0.883563	0.848029
0.870077	0.609201
0.510352	0.277441
0.500286	0.441126
0.919649	0.99044
0.810003	1.03635
0.689783	0.421785
0.770962	0.748482
0.889736	1.17904
0.345212	0.342386
0.789544	0.782635
0.789619	0.669652
0.898091	0.720961
0.899816	0.842602
0.930132	0.971658
0.652315	0.745572
0.89628	0.792711
0.826696	0.730105
0.889528	0.665271
0.896536	0.724944
0.888465	0.7255
0.879312	1.1377
0.85615	0.970614
0.672385	0.725231
0.802001	1.03216
0.930445	0.976111
0.803082	1.06203
0.82	1.00921
0.908153	0.92803
0.832104	0.695214
0.754436	0.712525
0.82653	0.496416
0.892051	0.833462
0.931759	0.607805
0.769275	0.829552
0.815698	0.604616
0.723025	0.945037
0.918361	1.08151
0.882283	0.71302
0.854795	0.678133
0.857584	0.683789
0.618628	0.329491
0.540851	0.485262
0.892545	1.06349
0.919905	1.09943
0.732686	0.467754
0.866785	0.8369
0.819052	0.894113
0.841006	0.975147
0.837456	0.795278
0.887598	0.753303
0.869002	0.446434
0.799233	0.710059
0.886093	0.785066
0.813488	0.91183
0.901659	0.66617
0.858365	0.95864
0.183149	0.106897
0.932654	0.886661
0.418315	0.493942
0.895639	0.66391
0.832529	0.948276
0.810566	0.8063
0.74898	0.811314
0.860755	1.11656
0.863588	0.471418
0.470366	0.373635
0.905457	0.895989
0.822811	0.527991
0.876593	1.08006
0.874348	0.790402
0.882943	0.595224
0.618427	0.479767
0.920565	1.1384
0.836993	1.02871
0.871997	0.859735
0.904586	0.908462
0.250845	0.321163
0.879186	0.750755
0.679972	0.821762
0.856601	0.858112
0.5277	0.401044
0.905581	0.692558
0.787589	0.998086
0.417917	0.276693
0.956019	1.0782
0.807456	0.724191
0.688809	0.994068
0.796389	0.711868
0.718727	0.413858
0.933638	0.64563
0.897369	0.858878
0.875498	0.613641
0.867096	0.557567
0.836462	0.827517
0.799863	0.745554
0.743536	0.785944
0.820485	0.83223
0.901465	1.32705
0.788137	0.722426
0.855958	1.04073
0.909419	0.820148
0.807227	1.09438
0.87159	1.01782
0.780992	0.887533
0.838581	0.858179
0.559028	0.690588
0.831892	1.05673
0.722755	0.371849
0.81976	0.647575
0.731007	0.66582
0.853372	0.78991
0.505523	0.36516
0.874335	0.995014
0.909441	0.842048
0.8529	0.991078
0.842053	0.761114
0.893425	0.953896
0.815307	0.644109
0.701176	0.645557
0.827904	0.74325
0.852112	0.612578
0.810941	0.717085
0.680941	0.614564
0.697494	0.730559
0.807354	0.537717
0.84381	1.16879
0.836883	0.948215
0.781361	0.912617
0.917747	1.01712
0.824952	0.694698
0.872607	0.865579
0.592735	0.519426
0.406278	0.301206
0.758886	0.700396
0.902953	1.03698
0.829249	1.06122
0.867676	0.864259
0.872696	0.780239
0.890973	0.885301
0.895483	0.591807
0.885786	0.821003
0.567384	0.39349
0.902676	0.709515
0.676336	0.571759
0.786411	0.78946
0.338535	0.497869
0.745942	0.745536
0.756937	0.792604
0.47356	0.27892
0.880535	1.00635
0.841202	1.10983
0.80477	0.853456
0.903172	0.985582
0.810311	0.921317
0.876676	0.449436
0.86261	0.529214
0.632833	0.525969
0.93064	0.739607
0.865804	0.778914
0.887167	0.60166
0.833571	0.670331
0.911812	1.00813
0.886436	0.893202
0.594725	0.473604
0.756845	0.983335
0.917612	1.10152
0.910139	1.06126
0.525222	0.50016
0.897447	1.1314
0.838238	1.00194
0.88075	0.996841
0.633579	0.816276
0.867981	0.943503
0.399073	0.317083
0.646398	0.529407
0.863352	0.994194
0.790345	1.19079
0.893667	0.873486
0.827379	0.824677
0.897429	0.746417
0.820128	1.05912
0.887555	0.821202
0.939098	0.904815
0.920954	0.894677
0.787254	0.829385
0.809653	0.605199
0.926775	1.14878
0.945783	1.26243
0.912906	0.936793
0.894358	0.67885
0.517694	0.543166
0.841511	0.95367
0.772442	0.64981
0.538839	0.379934
0.886358	1.06252
0.807089	0.644513
0.722631	0.857281
1	0.767414
0.994682	0.716736
0.988249	0.900294
1	1.16968
0.984252	0.702725
0.953015	0.883071
0.995236	0.952093
0.983032	1.3404
0.984123	0.964373
0.356076	0.268741
1	0.877148
0.989331	0.87364
0.989036	1.0536
0.948545	0.939133
0.960143	1.0486
0.995967	0.556435
0.993353	1.11614
0.986085	0.781056
0.996881	1.19084
0.992859	0.825812
0.998251	0.895046
0.99626	0.925291
0.980111	1.09842
0.986114	1.32419
0.908708	1.09916
0.99704	1.20213
0.998766	1.09585
0.998561	1.41573
0.998725	1.0449
0.999645	1.04458
0.990445	1.22676
1	1.07344
0.992654	0.826404
0.995998	1.26326
0.997339	0.81915
1	0.980992
1	0.986211
0.985937	0.960387
0.997454	1.04358
1	0.960727
0.999809	1.17802
1	1.17047
1	1.24988
1	1.06578
0.99799	0.984742
1	0.820461
0.997966	0.797258
1	0.784119
0.998732	0.692659
0.986406	0.965023
1	1.44695
0.995733	0.991575
0.997996	0.697852
0.991937	1.05984
0.984225	0.675448
0.997742	1.01674
0.99105	0.934534
0.99914	0.974216
0.974251	0.992669
0.987862	0.807069
0.997508	0.755298
0.996337	1.27287
0.997619	0.935458
0.998934	0.845842
0.981222	1.1433
1	0.724134
0.992672	1.01937
0.987958	0.699202
0.991916	1.27026
0.999577	0.876927
1	0.945649
0.984481	1.09058
0.998418	0.780297
0.998592	0.821715
0.998513	0.851473
0.998989	0.749251
0.99911	1.09253
0.99086	0.929865
0.99908	0.877628
0.986032	0.757233
0.979113	1.05647
1	1.18204
0.989218	0.915529
1	0.940931
0.996514	0.855582
1	1.21285
0.998116	0.928106
1	1.30098
0.992733	0.732161
0.964349	0.684406
0.9991	1.13536
1	0.750739
0.999159	0.934568
0.994138	0.817787
1	1.10846
1	1.15235
1	0.877578
1	1.0412
0.99724	1.01577
0.998507	0.975027
0.999619	0.854458
1	0.784818
0.993745	1.02902
1	0.73862
0.998167	1.2827
0.998991	0.98367
0.998047	0.888802
0.992129	1.30701
0.998398	0.978788
0.995383	0.899007
1	1.06985
1	0.830812
0.96701	1.20565
0.99266	1.06924
1	1.27685
0.981682	0.819607
0.993962	0.943638
0.999662	1.15206
0.993986	0.765866
1	1.09252
0.997724	1.02364
0.990709	1.11621
1	1.22864
0.977371	0.821244
1	1.13636
0.99102	1.20745
0.994479	1.09869
0.999324	1.26233
0.997442	1.04307
0.997717	1.08413
0.996259	0.826753
0.995752	0.869066
0.985911	1.10302
1	1.03503
0.99684	0.79531
0.99954	0.938517
0.998942	0.913169
1	0.77865
0.993671	1.28397
0.995356	0.757774
1	1.12109
1	0.915839
0.993824	1.16282
0.992983	1.0012
0.999307	1.28842
1	0.792333
0.994501	0.968238
0.987899	0.764181
1	1.08332
1	0.692591
0.98788	1.01023
0.991862	1.06054
0.991439	0.645114
0.997965	0.972993
0.994016	1.09413
0.998662	0.999979
0.981718	1.2832
0.996263	0.737722
0.992628	0.776303
0.994862	1.17685
0.99217	0.614487
0.976293	0.622644
1	1.015
0.996746	0.929198
0.993484	0.633188
0.991442	0.75036
0.996794	0.962117
0.99893	1.17365
0.998618	0.858945
0.987777	0.929105
0.99751	0.748647
0.993214	1.1428
1	0.718207
1	1.20964
1	1.09947
0.992033	0.848083
0.851591	1.24823
1	1.02899
0.983387	0.990705
1	0.847284
0.982121	1.02103
1	0.744694
0.999341	1.06831
0.99682	0.903764
0.998574	0.730701
1	1.06644
0.99692	0.892571
0.985241	0.981863
1	0.611663
0.999425	0.909436
0.996699	1.13244
0.994398	0.942755
0.956102	1.23987
0.931328	0.500342
0.986441	0.88122
1	1.0476
0.997937	0.9006
0.964406	1.1938
0.998307	1.03656
0.991564	1.13896
0.911044	0.808504
0.883142	0.611352
0.813941	0.775996
0.457819	0.320902
0.922736	0.663043
0.82421	0.873364
0.906091	0.896501
0.937937	0.871417
0.864404	0.804834
0.585083	0.639783
0.869399	0.954273
0.869782	1.0152
0.90482	1.02867
0.0653259	0.116596
0.819628	0.682006
0.884337	0.925269
0.710137	0.799044
0.84033	0.907315
0.825448	0.887996
0.837673	1.05663
0.607282	0.669663
0.813169	0.551595
0.877915	0.76469
0.861387	0.842595
0.843292	0.842096
0.893241	0.774083
0.78264	0.527155
0.822384	0.933839
0.835861	0.789193
0.942078	0.568487
0.95955	1.16806
0.591242	0.557905
0.889093	0.713239
0.755855	0.658282
0.820484	0.600865
0.752237	0.578959
0.911731	0.740271
0.693127	0.659445
0.830743	1.13027
0.768219	0.868802
0.819108	0.892984
0.707926	0.458359
0.884313	0.968562
0.847758	1.12373
0.901394	0.730721
0.695547	0.42289
0.850454	0.894233
0.731844	0.86694
0.909827	0.632998
0.818112	0.702643
0.889103	1.05527
0.738996	0.495732
0.498909	0.529569
0.887829	1.05269
0.931415	1.1993
0.825513	1.13501
0.652653	0.679021
0.867153	0.867544
0.927347	0.757981
0.800162	1.0297
0.96438	1.13895
0.653215	0.897363
0.838979	0.975256
0.870036	0.923893
0.924306	1.0743
0.88478	0.756501
0.909005	0.619765
0.69942	0.773041
0.700084	0.903979
0.944919	0.963475
0.838761	0.880182
0.898808	0.861935
0.892052	0.823521
0.866861	0.690291
0.790429	0.853119
0.737244	0.384731
0.798183	0.54899
0.590919	0.652211
0.538316	0.98836
0.825457	0.611474
0.489436	0.529945
0	0
0.853088	0.685248
0.843928	0.634825
0.918068	0.661163
0.793957	1.06377
0.833965	0.701381
0.619664	0.5857
0.829988	1.09684
0.900208	0.854503
0.91428	0.924628
0.874885	0.606832
0.781288	0.812468
0.842383	0.418663
0.677982	0.638451
0.831483	0.682003
0.674564	0.675301
0.91373	0.969049
0.867095	0.862009
0.908584	1.07512
0.855458	0.903059
0.944646	1.06006
0.729232	0.686871
0.763507	0.497411
0.898518	0.779271
0.0497964	0.0523501
0.855318	0.850045
0.704679	0.607717
0.833357	0.745831
0.78967	0.746443
0.605873	0.525777
0.932457	0.89803
0.87537	0.641213
0.855188	0.705767
0.829802	0.825213
0.854856	0.770788
0.788592	0.927325
0.840783	0.871174
0.825641	0.877099
0.745221	0.789126
0.886751	0.642415
0.848348	1.09718
0.706287	0.85076
0.328532	0.259125
0.499837	0.803373
0.83081	1.04575
0.733155	0.781928
0.801062	0.812674
0.933492	0.916248
0.90658	0.854182
0.913935	0.857886
0.830514	0.765262
0.793196	0.871985
0.864266	0.892439
0.646035	0.829562
0.80251	0.663355
0.868933	0.786384
0.799139	0.77717
0.798905	0.661063
0.680737	0.575021
0.855027	0.726316
0.646007	0.974487
0.824785	0.839378
0.83301	0.864184
0.737985	0.504892
0.803964	0.671927
0.422513	0.433242
0.85501	0.519824
0.893728	0.804534
0.899229	0.857945
0.0684885	0.0529702
0.780717	0.555563
0.0470197	0.0479206
0.855644	0.764572
0.884662	0.804551
0.796091	0.55403
0.784156	0.823362
0.851626	0.86706
0.707659	0.766204
0.83746	0.926554
0.686881	0.469562
0.876869	0.858835
0.967991	0.904548
0.894301	0.785439
0.681432	1.0426
0.785791	0.745596
0.8699	0.806455
0.896167	0.838715
0.0664349	0.110208
0.767565	0.692353
0.874652	1.08828
0.674185	0.610295
0.78198	0.799426
0.842331	0.781338
0.853271	0.920714
0.763804	0.424594
0.517124	0.631034
0.622234	0.576171
0.86725	0.956657
0.980403	0.909998
0.787191	0.776822
0.933437	0.813091
0.143283	0.177714
0.0650137	0.0936668
0.571508	0.718942
0.84491	0.733474
0.843641	0.597062
0.584075	0.569629
0.699343	0.815318
0.73555	0.859372
0.657802	0.589436
0.881275	0.821959
0.76828	0.744354
0.766293	0.910943
0.176511	0.269563
0.850584	1.01383
0.722144	0.625405
0.739946	0.756795
0.801457	0.833432
0.873891	0.40206
0.993885	1.20508
0.986996	0.937325
0.975542	1.19665
1	0.789579
0.979027	0.781729
0.990373	1.26304
0.997943	1.18859
0.976825	1.22052
0.998867	0.717503
0.994463	1.15148
1	1.08817
0.99291	0.954164
0.839546	0.765683
0.998389	0.916987
0.998287	1.0767
0.993863	1.00286
0.999315	0.67537
0.993456	0.811669
0.994635	0.792321
0.995007	1.23425
0.998568	1.19929
1	1.03882
0.842226	0.6426
1	0.983044
0.995689	0.843707
0.933866	1.04307
0.993929	1.02803
0.99709	0.712594
0.999231	1.10952
0.980351	1.04565
1	0.630181
0.931723	0.902432
1	1.05215
1	0.795222
0.998463	1.11371
0.989852	1.04352
0.990748	0.782172
0.999161	0.845868
1	1.14666
0.992949	0.962798
0.774124	0.727759
0.994415	1.14072
0.995309	1.33556
0.997947	0.967056
1	0.765362
0.99061	0.800464
0.999592	1.06041
0.606738	0.658813
0.998704	0.915658
0.997828	0.947732
0.998361	1.08015
0.976485	1.07428
1	1.0199
0.90474	0.899619
0.838918	0.72533
0.988861	0.851711
0.997597	0.900784
0.999861	0.897876
0.998015	0.869423
0.994946	0.978272
1	1.09535
0.995812	1.03123
0.994754	0.903069
0.995202	1.09173
0.982604	1.09809
0.986086	0.826844
0.977685	1.16169
0.989315	1.01066
0.99454	0.924223
1	1.15917
0.997014	0.990232
0.996698	0.90226
0.985824	0.991261
0.993652	0.792406
0.995567	0.924483
0.995126	1.07679
0.997666	0.474378
0.99931	1.01947
0.999939	1.13715
0.998824	0.791507
0.995922	1.18056
0.969542	1.06585
0.998907	0.7806
1	0.943716
1	1.03999
0.998696	0.722235
0.977649	1.21867
0.989426	1.10364
1	0.763057
0.99944	0.83294
0.992754	0.803356
0.997266	0.978134
0.998237	1.05003
0.997326	1.0445
0.998992	1.18032
0.998355	1.39756
0.996105	1.00323
0.99523	0.813592
0.996341	0.878883
1	0.809787
0.999429	0.888864
1	0.998502
0.996078	0.720188
0.992669	1.03878
0.990368	0.770075
0.952561	0.78479
0.993698	0.736181
0.999527	0.755587
0.966513	0.901608
0.997196	1.21425
0.967984	0.662806
0.999168	1.14454
1	0.991843
0.995881	0.976055
0.977206	1.33005
0.991286	0.930636
0.989406	1.37635
0.998171	1.28259
0.980743	1.28801
0.994566	0.774696
0.998585	0.879989
0.996088	0.959239
0.992563	1.24055
0.995153	0.949775
0.990931	1.40009
1	1.01158
0.942763	1.09376
0.999714	1.13234
0.984788	0.987086
0.976239	1.14366
0.998056	1.0988
0.986135	0.816694
0.976619	0.989047
0.993263	0.743123
0.999161	0.909846
0.996146	1.18621
0.997224	0.964338
0.974881	0.844484
0.988032	1.06421
1	0.561277
0.994694	1.12889
0.998345	1.03691
0.972226	1.16412
1	0.894139
0.995817	0.941761
1	1.19917
1	0.777158
0.990666	0.694034
1	0.862607
0.991784	0.809053
0.99575	1.00783
0.995271	1.34077
0.994557	1.36975
0.968066	1.02482
1	1.10562
0.996421	0.843495
1	0.767871
1	1.20708
0.928895	0.776647
0.993335	0.769247
0.997174	1.02241
0.979297	0.81158
0.981538	0.978491
0.989828	0.900153
0.995455	1.12879
0.995501	0.826077
0.990634	0.998917
0.994055	0.989379
0.994551	0.90517
1	1.21465
0.998497	1.13945
0.987916	1.2785
1	0.895141
0.965059	1.12998
0.996983	0.685889
0.995538	0.905362
0.987714	1.23857
0.994945	1.28366
0.967462	1.00218
1	1.15797
0.996365	1.00304
0.994631	0.834382
1	0.804178
0.991781	0.866416
0.984447	0.760507
1	0.847653
0.997901	0.781615
0.992626	0.992447
0.998145	1.05999
0.99729	0.859797
1	0.886078
0.988099	1.06513
0.998548	0.852984
0.996713	1.13172
0.995142	1.08094
0.996405	0.58265
0.993116	0.803564
0.9903	0.993941
0.997368	1.19623
0.996543	0.889261
0.728609	0.70742
0.805352	1.01569
0.873845	0.670919
0.908521	0.952831
0.856478	0.870978
0.903336	0.841882
0.602681	0.562794
0.648323	0.526707
0.138455	0.140231
0.889991	0.810846
0.881617	0.730317
0.915926	0.781306
0.51493	0.523856
0.842369	0.910893
0.834519	0.798959
0.866457	0.969015
0.861109	0.787954
0.782127	0.677769
0.893284	1.05307
0.927843	0.786816
0.860452	0.795857
0.648773	0.311441
0.881451	0.74637
0.82657	0.987899
0.777235	0.796293
0.895606	0.83465
0.837171	0.917438
0.660192	0.5891
0.796838	0.924944
0.838597	0.80222
0.766431	0.859818
0.913963	1.18362
0.582485	0.698797
0.688049	0.733541
0.892873	0.647498
0.630408	0.704786
0.934987	0.49616
0.868465	0.719968
0.903822	0.82648
0.890482	1.20024
0.828991	0.571155
0.332834	0.242733
0.872523	0.737192
0.842284	0.90323
0.882118	1.18384
0.932441	0.67684
0.873107	0.629639
0.869973	0.823357
0.843865	0.749643
0.55852	0.544662
0.898299	0.860228
0.863992	0.896567
0.87831	0.952268
0.900803	0.680907
0.912313	0.760527
0.940992	1.02436
0.824121	0.868389
0.88854	0.628423
0.662094	0.97669
0.693095	0.740493
0.772898	0.939266
0.878062	0.43804
0.629741	0.650886
0.692086	0.611357
0.811091	0.943393
0.723537	0.935815
0.908732	0.854396
0.700505	0.835415
0.664636	0.598518
0.8921	0.796639
0.855056	0.967711
0.564703	0.498293
0.931146	0.713921
0.85706	0.903424
0.838549	0.394689
0.882261	0.525019
0.796299	1.13682
0.769718	0.865052
0.892174	0.988753
0.828672	0.836682
0.689963	0.703717
0.929258	0.894628
0.8112	0.666196
0.860263	0.886284
0.902616	0.675893
0.918077	0.856517
0.76278	0.726471
0.803693	1.12184
0.777534	0.73067
0.865521	0.659628
0.824626	1.01381
0.873915	0.838196
0.760596	1.0408
0.862944	0.825812
0.842493	0.837624
0.704094	0.684495
0.0367683	0.041624
0.857925	0.895668
0.807955	0.983926
0.855763	0.936394
0.808101	0.750264
0.787289	0.946378
0.742088	0.952848
0.888919	0.900911
0.844608	0.815612
0.874759	0.672172
0.815201	0.630444
0.958408	0.997911
0.897209	0.821409
0.745861	0.825982
0.643183	0.637031
0.928342	1.11356
0.863111	1.03378
0.550036	0.605603
0.642199	0.669111
0.782561	0.860221
0.784152	0.627137
0.897799	0.938625
0.853161	0.930131
0.758992	0.777357
0.932673	0.898485
0.845998	0.904768
0.769169	1.26585
0.816543	0.580987
0.855097	0.767545
0.696579	0.762529
0.521967	0.650364
0.515584	0.393591
0.411107	0.419637
0.874701	0.766518
0.865578	0.795253
0.83915	0.969671
0.806335	0.787624
0.676422	1.11811
0.82856	1.012
0.831753	0.847822
0.861374	0.548244
0.516596	0.467512
0.897025	0.977161
0.853211	1.00978
0.82899	0.739773
0.918848	1.1061
0.858489	0.830563
0.883624	0.783599
0.851763	0.615268
0.804106	0.724385
0.76748	0.745205
0.86438	1.21588
0.756376	0.711829
0.489999	0.542822
0.755534	0.832396
0.803341	0.75559
0.680823	0.612286
0.903009	0.804363
0.664907	0.66292
0.799602	0.561139
0.880582	0.74869
0.941374	1.12595
0.943297	1.18338
0.675667	0.77397
0.902858	0.750432
0.899448	0.687832
0.796534	0.652795
0.876361	0.822016
0.915367	0.929267
0.936338	0.819287
0	0
0.765398	1.1968
0.816997	0.965432
0.547479	0.502158
0.66078	0.700575
0.576016	0.666649
0.16091	0.209078
0.642602	0.615867
0.754426	1.04944
0.774985	0.863183
0.539917	0.712699
0.907803	0.893632
0.844573	0.605554
0.742512	0.757534
0.962414	0.897299
0.919155	1.06264
0.926197	0.859446
0.647692	0.384165
0.631059	0.501863
0.755205	0.64211
0.897415	1.09065
0.952073	0.852983
0.84773	0.822848
0.877547	0.727517
0.857337	0.64735
0.820703	0.797577
0.916361	0.761216
0.81193	1.09578
0.793003	0.588306
0.728375	0.642367
0.757437	0.710919
0.905113	0.928055
0.581922	0.496094
0.812809	0.486035
0.995509	0.871213
0.994372	0.957221
0.994699	0.919301
1	0.899195
0.998558	0.720035
0.996078	0.763432
0.996616	0.976081
0.988595	0.946031
0.996336	0.814209
0.996659	1.08658
1	0.891708
0.994526	1.20462
0.994476	1.1704
0.991694	0.886972
0.976362	0.717047
1	1.25165
0.99396	0.900583
1	1.03446
0.98455	0.921561
0.98224	0.938989
0.985989	0.737884
1	0.948445
0.985349	1.00007
0.99772	1.20732
0.994603	0.714071
0.992917	0.842151
1	0.789416
0.994461	1.3437
0.999706	1.30484
0.99579	0.9409
1	0.867106
0.994809	0.851732
0.994964	1.21903
0.998089	1.22319
0.993083	0.73169
0.997286	0.892709
0.994648	1.17793
0.992805	0.768246
0.99497	1.05991
0.996622	1.34489
0.998784	1.04046
0.99802	0.870817
0.994318	1.06511
1	0.844278
0.998307	1.04339
0.998313	1.24116
0.987029	0.908158
0.962849	0.756969
0.998096	1.36342
0.995686	0.939391
0.986488	0.863303
0.996292	1.38318
1	0.904426
0.995451	1.01691
0.988736	0.784099
0.97785	1.11838
0.991836	1.03514
0.966379	1.04159
0.98121	1.01161
0.990241	1.13901
0.99052	0.993946
1	1.20231
0.997071	0.970249
0.998353	1.31931
0.999095	0.795084
0.998631	0.863673
0.996062	0.792039
0.994584	1.28202
0.996373	1.13415
0.9989	1.05421
0.995358	1.08614
0.885661	0.98899
0.993218	0.921983
0.996631	0.958608
0.994846	1.02595
0.99288	0.882333
0.995391	1.14543
0.997382	1.06802
0.99816	1.16861
0.986455	0.951803
1	0.935485
0.993837	0.890182
0.993369	0.892214
0.996339	1.13142
0.996988	1.09556
0.999104	0.778554
0.997149	1.06998
0.909747	0.930539
0.992708	1.08758
0.999187	0.981964
1	1.19588
1	0.997034
0.998741	1.06317
0.994391	1.03652
0.993507	0.978125
1	1.24385
1	1.11421
0.994787	0.833159
0.998437	1.00136
0.999712	0.893727
0.993354	1.22161
0.992582	1.13721
0.940656	0.681657
0.997983	1.31681
0.987585	1.23755
1	1.02216
0.993628	0.776402
0.99904	1.31919
0.992911	1.12434
0.999099	0.871582
1	0.944401
0.992995	1.04673
0.991922	0.952739
1	0.935297
0.996368	1.27983
0.986052	0.962698
1	0.622018
0.984603	1.03083
0.999131	1.16899
1	0.928839
1	1.02711
1	1.11602
0.998204	0.900185
0.982042	0.758664
0.99374	0.925254
0.998141	0.725636
0.998561	0.881733
0.998945	0.963589
0.990075	1.19511
0.98938	1.07261
0.999871	1.03696
0.997698	0.991359
1	0.854052
0.996448	0.880583
0.995882	1.33725
1	1.01887
1	1.12339
0.986382	1.00878
0.951524	1.40319
0.999352	0.962561
0.992214	0.8417
0.989325	1.14941
0.991289	0.68251
1	1.28278
1	0.864667
0.998914	1.12888
0.996258	0.972324
0.998913	1.38826
0.997137	0.886571
1	1.08108
0.997964	1.0235
0.993609	0.81655
1	0.820565
0.999524	0.874687
0.998348	0.818239
0.997525	1.1196
0.99256	0.96605
0.999319	1.02724
0.99964	1.1917
0.995841	1.25276
0.98943	0.819956
1	0.847644
0.996662	0.780496
1	1.22277
1	1.17983
0.996948	0.736974
0.993588	1.28082
1	0.900226
0.986233	0.711788
0.501166	0.405456
0.98487	0.972477
0.99082	1.09865
0.998602	0.912417
0.995842	0.927562
0.994503	1.02227
0.996835	1.14044
0.990664	1.12036
1	0.699648
0.985727	1.00117
0.995464	1.05991
0.998145	0.791155
0.995107	1.2579
0.996361	0.917021
0.997182	1.09138
1	0.901306
0.984405	0.866525
0.999415	0.991721
0.996322	0.974873
0.994253	1.29874
0.992372	0.974102
1	1.02513
0.995551	0.854864
0.986814	1.0971
0.987854	1.01406
0.997838	0.732142
0.995415	1.20242
0.998496	0.854204
0.985558	0.877788
1	0.892686
0.999264	0.804725
0.734558	0.686375
0.792921	0.791607
0.844097	0.570462
0.776409	0.949459
0.795893	1.04524
0.721492	0.440121
0.618412	0.397677
0.788489	0.834096
0.830559	0.878244
0.71118	0.60695
0.780095	0.572655
0.894131	1.17966
0.740314	0.551716
0.907826	0.737079
0.826522	0.929195
0.944139	0.894177
0.864454	0.899242
0.846577	0.847914
0.322375	0.33159
0.873123	0.942503
0.881941	0.875946
0.11651	0.0897957
0.781265	0.812297
0.868959	0.618648
0.574833	0.462978
0.759916	0.966784
0.871865	0.766978
0.869185	0.766397
0.929167	0.851739
0.812905	0.67865
0.924758	1.02167
0.87401	0.90708
0.852719	0.751384
0.494796	0.436694
0.853462	0.831514
0.897788	0.534216
0.203319	0.188481
0.85539	0.784811
0.642654	0.810055
0.864848	0.59299
0.72916	0.647895
0.895351	0.654688
0.706003	0.477104
0.91633	0.867294
0.825193	0.699834
0.880005	1.02045
0.538795	0.458084
0.856552	0.926639
0.908326	0.714257
0.872906	1.06447
0.894448	1.02207
0.909987	0.744366
0.747308	0.799867
0.916509	1.16148
0.874138	0.579722
0.891286	0.859985
0.777736	0.809648
0.902966	0.940818
0.841206	1.06178
0.696858	0.861479
0.637658	0.726425
0.856044	0.688021
0.783443	0.923083
0.724857	0.457886
0.411025	0.333695
0.739581	0.847552
0.731349	0.73935
0.811573	0.796574
0.912151	0.690794
0.924989	0.760789
0.728974	0.569493
0.863014	0.758596
0.820491	0.938365
0.757675	0.959928
0.907491	0.928767
0.765661	0.627133
0.883007	0.864526
0.932441	0.954919
0.912184	1.03118
0.776125	0.602318
0.904579	0.883218
0.771779	0.946176
0.590661	0.792154
0.135899	0.061605
0.656881	0.835784
0.919799	0.810105
0.868375	0.90404
0.869914	1.05589
0.942216	0.818226
0.779795	0.547537
0.907225	0.668286
0.205083	0.170451
0.850633	0.872398
0.855244	0.63939
0.919097	1.03363
0.796196	0.57026
0.528885	0.408831
0.149881	0.0833172
0.708668	0.711051
0.919946	0.829041
0.9195	0.90357
0.864108	0.724489
0.724944	0.568794
0.782601	0.604688
0.815087	0.779786
0.78483	0.980267
0.922192	0.69912
0.879171	0.75464
0.811506	0.671557
0.83148	1.05656
0.776758	0.668979
0.895443	0.71928
0.789836	1.00588
0.8503	0.824924
0.865567	0.577135
0.870495	0.698027
0.775293	0.631726
0.886102	0.683749
0.784314	0.98039
0.881816	1.0451
0.0332308	0.0517718
0.878702	0.539717
0.886057	0.913726
0.914057	0.727115
0.846623	0.592934
0.62926	0.726666
0.632093	0.691066
0.880085	0.692596
0.892936	0.768824
0.891593	0.805373
0.911872	0.582142
0.840044	0.609028
0.844444	0.373113
0.814853	0.565876
0.846495	1.21866
0.902466	0.960684
0.944442	1.03125
0.826841	0.546622
0.824521	1.08306
0.621377	0.616255
0.919471	0.840615
0.907439	1.13128
0.917591	0.957417
0.825158	0.615666
0.897837	0.502973
0.672487	0.641031
0.844426	0.571478
0.746268	0.671746
0.750701	0.631987
0.747033	0.432068
0.777558	0.834889
0.65307	0.65126
0.855216	0.795472
0.825601	0.578426
0.756354	0.87367
0.861107	0.986401
0.872055	0.993206
0.804319	0.740055
0.719063	0.795734
0.894572	0.714093
0.780131	0.681291
0.864107	0.753725
0.912048	0.801113
0.871836	0.806994
0.863051	0.463583
0.833423	0.890694
0.871613	0.693434
0.918815	0.974767
0.721551	0.656629
0.819265	0.764995
0.670653	0.81863
0.785828	0.770244
0.895814	1.02897
0.740218	0.98278
0.930958	0.777577
0.39832	0.355286
0.826059	1.03135
0.898196	0.760682
0.909721	0.924972
0.315667	0.295636
0.424306	0.498639
0.10608	0.129396
0.901316	0.713031
0.888072	0.942835
0.837754	0.838616
0.705115	0.67144
0.842828	0.94891
0.920524	1.10413
0.722774	0.627981
0.353496	0.242237
0.918824	1.01254
0.769822	0.834121
0.753848	0.615779
0.774732	1.27895
0.583253	0.828218
0.585991	0.508258
0.906794	0.552046
0.752773	0.925029
0.898947	1.17642
0.904678	0.965843
0.984727	0.817507
0.995518	0.985077
0.996065	0.975886
1	1.3921
0.994831	0.69852
1	0.863611
0.994774	0.853575
0.998624	1.09261
0.941354	1.10661
0.987767	1.0006
0.986477	0.966651
0.996564	1.04486
0.995481	0.790197
1	0.988161
0.986642	1.00245
0.963844	0.949747
0.990179	1.11426
0.998478	1.1008
0.997997	0.890079
0.997407	1.24943
0.998822	1.37534
1	0.652276
1	0.83651
0.995054	0.746998
1	0.782985
0.99207	1.25093
0.995339	1.01714
0.987018	1.30039
0.99835	1.12105
1	1.0886
1	0.741083
0.992596	0.972997
1	0.83681
0.995237	1.06153
0.959126	0.797668
0.993115	0.872477
1	0.977394
0.991021	1.28035
0.982248	0.853457
0.991899	0.917905
0.992917	0.993492
0.997175	0.97378
1	1.06042
0.998459	0.869784
0.998161	0.8609
0.997885	1.14442
0.995427	0.766468
0.984352	1.00412
0.99588	1.31636
0.998723	0.980122
1	1.15282
0.999418	0.766244
0.995913	0.826684
1	0.900439
0.989132	1.0599
0.997899	1.02114
0.993263	0.746258
0.994816	0.904806
0.996611	1.02187
1	0.91836
0.987286	0.644967
0.994224	0.867348
0.993388	0.880495
0.994278	1.00431
1	1.06123
0.982012	0.950557
0.99706	1.16226
0.996867	1.32568
0.998971	1.0243
0.997338	0.790581
0.999299	0.952228
0.999141	1.13652
0.988004	1.22504
1	0.970738
0.996207	0.875584
0.997034	0.82039
0.987708	0.916727
0.998304	0.863506
0.972192	1.14875
0.991397	1.01835
0.997338	1.12441
1	1.12847
0.99552	0.793952
0.999526	0.8251
0.994697	1.04792
0.996897	0.652263
0.980452	1.20083
0.991107	1.11546
0.809008	0.953249
0.999091	1.30929
0.999011	0.955397
0.983668	0.994361
0.987516	0.587564
0.99719	0.858516
1	1.10266
0.996512	0.65932
0.992	0.970644
0.986696	1.04398
1	0.947259
0.980654	0.920785
0.999287	0.882112
0.988481	0.865319
0.980425	0.927346
0.996441	0.866668
0.990034	0.839615
0.998959	0.886572
0.984562	0.83195
0.993942	0.817637
0.999516	0.810643
1	0.729606
1	1.07341
0.998466	1.13234
0.998662	1.08881
0.993518	1.15978
0.998589	0.980804
0.996064	0.846812
0.963271	0.901658
0.998735	1.21158
0.993731	1.08032
0.997513	0.987394
0.993352	0.68691
0.995648	0.814357
0.998428	0.904935
1	1.11494
0.997082	1.10757
0.990627	0.952134
0.980273	1.18084
1	1.09029
0.997943	1.13916
0.987776	1.02481
0.998287	1.30956
0.990243	0.665613
0.995297	0.722293
0.999798	1.09873
0.996782	1.02105
1	0.978463
0.995693	0.912833
0.994752	1.00447
0.990313	0.849994
1	0.827123
0.992615	0.907092
0.999215	0.918398
0.9985	0.940947
0.997462	1.38158
0.999129	0.952981
1	1.13154
0.997089	1.28662
0.998855	0.619197
0.994316	0.931527
0.995206	1.12107
0.602402	0.585434
0.998598	0.833603
0.99608	0.937058
0.992861	1.01401
0.998982	1.11653
0.979967	1.40339
1	1.03871
0.993542	1.06286
0.984387	0.739771
0.993187	0.904976
0.993834	0.907865
0.996325	1.03963
0.995565	1.06852
0.996696	1.13342
0.999664	0.882822
0.983907	1.36453
1	1.01691
0.998028	0.923754
0.996753	0.887443
0.990865	0.946054
0.997099	0.779285
1	0.855788
0.994284	0.966848
0.999706	1.00453
0.993191	0.786959
0.981564	0.792498
0.990775	0.788316
0.966797	0.946384
0.992985	1.19285
1	1.23228
1	1.14594
0.998061	1.1272
0.998763	0.847316
0.996831	0.884297
0.994187	0.865931
0.988196	1.0794
0.979198	1.00782
0.992984	0.903971
1	1.13731
0.978315	0.874048
0.997517	0.77079
0.996949	1.16517
0.998569	1.14012
0.995587	0.89448
0.990933	1.11348
0.991614	1.16294
0.991455	0.8407
0.999139	1.20576
0.997008	0.643416
1	1.25755
0.921811	0.750949
0.901822	0.85487
0.847807	0.75903
0.812183	0.93084
0.547146	0.630071
0.817752	0.808272
0.820916	0.607485
0.908471	1.20755
0.0711096	0.0452328
0.667414	0.808368
0.784856	0.732787
0.56747	0.501396
0.811901	1.03719
0.763711	0.356809
0.742262	0.463366
0.754979	0.552588
0.817698	0.807045
0.521787	0.405952
0.576539	0.523848
0.861827	0.946171
0.914257	0.918931
0.819726	0.646085
0.580432	0.562017
0.873266	1.04217
0.841013	1.34164
0.827067	0.909875
0.833721	0.751473
0.889728	1.05986
0.9076	0.760311
0.782765	0.697296
0.806801	1.16741
0.924151	0.661577
0.814342	0.594561
0.76944	0.742291
0.803601	0.894818
0.777495	0.715985
0.695476	0.775177
0.732887	0.634722
0.923998	0.980618
0.819952	0.759701
0.897594	1.02966
0.725772	0.879192
0.688608	0.723957
0.831659	0.944905
0.77682	1.02578
0.957078	0.895708
0.787875	0.915376
0.931235	1.1458
0.949564	1.00554
0.92756	0.95192
0.943313	0.738851
0.892965	0.710376
0.862589	0.821468
0.936951	0.935104
0.89241	0.693802
0.813832	0.725633
0.934969	0.792587
0.869833	1.06189
0.0804173	0.0418798
0.793706	0.752622
0.553552	0.724427
0.881078	0.675882
0.77803	0.822443
0.885147	0.786016
0.325304	0.282587
0.413063	0.371005
0.70077	0.36288
0.889499	1.37425
0.862978	1.04198
0.853784	0.556666
0.7888	0.622163
0.811106	0.894207
0.894725	0.673041
0.828347	0.712331
0.831482	0.67064
0.848945	0.812815
0.891342	0.688985
0.806168	0.792003
0.907157	0.872265
0.750217	0.867799
0.592623	0.470292
0.887337	1.0814
0.800048	0.749321
0.864757	0.785501
0.860612	0.859249
0.82553	0.688642
0.884425	1.13118
0.720541	0.441281
0.818047	0.352521
0.944668	1.06594
0.702231	0.690143
0.559771	0.62362
0.911245	1.28216
0.829588	1.10584
0.831679	0.946852
0.910972	0.718176
0.577434	0.747494
0.360762	0.42687
0.658047	0.610199
0.855975	0.887458
0.86365	0.684691
0.717682	0.928707
0.923364	0.947066
0.510861	0.6054
0.817702	0.582141
0.826322	0.570581
0.734661	0.862947
0.805314	1.04483
0.870644	0.903393
0.689056	0.772297
0.91446	0.819216
0.853749	0.844325
0.891021	1.08252
0.811044	1.20925
0.51182	0.55835
0.879943	1.11555
0.922147	0.914546
0.906489	0.789026
0.891333	0.96675
0.743531	0.623265
0.836404	0.771617
0.885581	0.671778
0.517371	0.780579
0.842588	0.896046
0.886161	0.855306
0.914161	1.13426
0.917375	0.601708
0.665123	0.970411
0.85748	0.570193
0.846752	0.863285
0.627801	0.665441
0.87416	0.539685
0.793602	0.678536
0.867517	0.899461
0.707766	0.496521
0.0308828	0.0181969
0.910466	0.877866
0.852065	0.779613
0.734608	0.827636
0.205285	0.238107
0.867816	0.716293
0.684211	0.696792
0.657763	0.62654
0.912725	0.881281
0.65292	0.496103
0.820429	0.623029
0.793102	0.526762
0.773837	0.666105
0.652412	0.44958
0.864277	0.802031
0.958617	0.642812
0.555373	0.577745
0.858095	0.71932
0.791615	0.842842
0.563701	0.548148
0.679572	0.569171
0.850359	0.561368
0.863447	0.906368
0.874194	0.664025
0.0423241	0.0298341
0.845926	0.756302
0.931044	0.812133
0.865602	0.881925
0.91164	0.856782
0.845512	1.13521
0.855441	0.602264
0.864355	0.966221
0.907465	1.19202
0.803678	0.767263
0.870766	0.92394
0.811107	0.618104
0.778611	0.652933
0.909299	0.909501
0.904101	0.991391
0.80528	0.671008
0.776213	0.575775
0.885622	0.749328
0.687532	0.620532
0.835495	0.613042
0.886954	0.849984
0.655001	0.498854
0.819735	0.810055
0.783153	0.708225
0.548087	0.64363
0.591137	0.553509
0.850744	0.93893
0.815646	0.926137
0.74006	0.866964
0.888898	1.06032
0.768191	0.526431
0.846108	0.731069
0.937974	1.19238
0.575085	0.606999
0.809942	0.768677
0.95734	0.85446
0.876831	1.03212
0.836304	0.409454
0.629709	0.402473
0.961975	1.16169
0.891609	0.688511
0.996736	0.85606
0.985597	0.775503
0.985081	0.780836
0.987156	1.37512
0.995452	1.10189
0.994699	1.39505
0.998991	1.15633
0.996365	0.989475
0.997416	0.96492
0.95772	0.794063
0.995764	1.12266
0.972103	0.827187
1	1.0536
0.993861	0.98828
0.995198	0.846639
0.991548	0.885901
0.987228	1.15085
0.986134	1.183
0.998694	0.714107
1	0.574548
0.996775	1.04875
0.999906	1.00177
0.994779	1.07149
0.976566	0.933707
1	0.825836
0.997153	0.716472
1	0.865784
0.994618	1.05925
0.994963	0.717593
0.988119	1.20893
0.998507	1.07953
0.995819	0.97666
0.995292	1.09851
0.999468	0.835002
0.998692	0.910672
1	0.969808
0.999686	1.01535
0.998806	1.03724
1	1.0757
0.993684	0.765525
0.988307	0.964084
0.99343	0.697916
0.999103	1.00359
0.977377	1.11441
0.993995	0.706247
0.999247	1.14964
0.99784	1.14422
0.997781	0.637968
0.998912	0.947188
1	0.739851
0.990522	1.13117
0.999355	0.891797
0.990145	1.02172
0.99548	0.988745
0.999004	0.847635
1	0.915665
0.997633	1.07039
0.999039	0.929767
1	0.853006
0.994573	0.99681
1	0.652024
0.991589	1.0436
0.998068	1.09699
0.997774	0.994088
0.998388	1.17148
0.982252	1.06226
0.990548	0.819423
1	1.00198
0.997778	0.866118
1	0.86505
0.996244	1.08319
0.997104	0.947564
0.995853	1.16384
0.997402	0.961808
0.997906	1.18486
0.923599	0.715089
1	1.25214
1	1.2105
0.998024	1.08337
0.998844	0.908403
0.996085	1.02434
1	0.755225
0.989891	1.07389
0.997251	1.20819
0.992196	1.2934
0.999114	0.916966
0.993614	0.802684
1	1.00201
1	1.0511
0.999144	1.18493
1	1.05773
0.99874	0.946466
1	0.963357
0.994637	0.800901
0.995566	0.747459
0.9962	0.888457
0.999417	1.02367
1	1.2664
0.995859	0.729356
0.997272	1.20349
0.998522	0.90103
0.993981	0.666897
0.997935	1.04736
1	0.952315
0.995954	1.05531
0.995567	0.8599
0.997662	1.1852
0.996957	0.787527
0.973669	1.12356
0.99917	1.10758
0.998936	1.11271
0.997262	0.679571
1	1.16384
1	1.03574
0.8388	0.929036
0.997124	0.72762
0.994991	0.811971
0.985048	0.906623
0.999127	0.686338
0.99277	0.904331
0.966446	0.847594
0.994764	1.02991
0.998584	0.934897
0.99401	0.726076
1	1.20551
1	1.18946
0.997455	0.903744
0.998492	1.02739
1	1.04178
0.98364	0.807716
0.995857	0.837444
0.996537	0.605442
0.998535	0.969859
0.995079	0.794085
0.999275	1.21565
0.996207	0.865712
0.995859	1.12308
0.990272	0.823254
0.982101	1.18666
0.994052	0.866758
0.965818	1.13829
0.996332	0.703622
0.99437	1.27097
0.995578	0.864509
0.996189	1.28565
0.989993	0.953404
1	1.00136
0.9716	1.22963
1	0.781909
0.992149	1.35136
0.976766	1.05311
0.997567	0.914255
0.997732	0.922827
0.99815	0.769449
0.99638	1.12225
1	0.815648
0.994077	0.978307
0.993077	0.910128
1	0.81761
0.998035	0.976665
1	1.09741
0.991272	1.08572
0.998519	1.20694
0.999616	1.20904
1	0.818167
0.990382	0.772331
0.996282	1.04926
0.99764	1.20429
0.999898	0.832369
0.995187	0.952683
0.985515	0.384167
0.992717	1.04483
0.999587	0.868589
0.99236	0.724573
0.999134	0.842934
0.988839	0.964876
0.998734	0.965114
0.998602	1.03658
0.996843	1.32611
0.981817	0.684893
0.985024	0.706656
0.995244	1.2471
0.986678	0.950241
1	0.954919
0.99705	1.21636
0.999416	0.736588
0.999552	1.14473
0.968535	1.16564
0.991087	1.24749
0.986071	1.00052
0.993289	1.15654
0.999047	0.992527
0.996207	0.933917
0.992573	0.688789
0.999108	0.827422
0.939785	0.671399
1	0.99671
0.998832	1.10855
0.999387	0.931445
0.973229	1.22981
0.884243	0.73279
0.799557	0.801542
0.884939	0.749531
0.907358	1.0046
0.923102	0.46219
0.7599	0.673349
0.769202	0.923109
0.890842	0.719724
0.608677	0.624785
0.752478	0.612312
0.823844	0.442011
0.910058	0.565001
0.814044	0.563754
0.697577	0.817711
0.875923	0.505885
0.881731	0.99122
0.876278	0.574373
0.835459	0.932758
0.687634	0.704881
0.915862	0.77721
0.696232	0.936206
0.524923	0.43742
0.870046	0.846246
0.719734	0.585224
0.873853	0.953477
0.746066	0.906074
0.777975	0.585093
0.925988	1.00495
0.665072	0.562148
0.0249899	0.0253854
0.577052	0.515766
0.873577	0.870911
0.925099	1.21636
0.935477	0.742989
0.838341	0.565842
0.91621	0.962571
0.8612	0.866123
0.898944	0.918008
0.944414	0.906912
0.778682	0.94735
0.760112	0.785311
0.817193	0.870939
0.848554	0.853272
0.805591	0.784939
0.669358	0.548848
0.592371	0.51832
0.89319	0.848823
0.795877	0.65707
0.419851	0.276493
0.940013	0.931097
0.886866	0.748031
0.692481	0.747119
0.851721	1.08995
0.86762	1.16179
0.743286	0.798216
0.928353	0.960143
0.763417	0.918159
0.80955	0.703522
0.775556	0.687483
0.770397	0.657265
0.863918	0.794068
0.85651	0.954567
0.932869	0.682422
0.946513	1.00067
0.79676	0.83303
0.700847	0.872557
0.819057	1.30225
0.1605	0.179392
0.886676	0.798643
0.928132	0.944694
0.739527	0.734357
0.728067	0.658816
0.818289	0.554622
0.584568	0.515168
0.960944	1.05818
0.788041	0.68502
0.93311	1.07621
0.867332	0.717955
0.603331	0.613584
0.829681	0.916893
0.852442	0.754306
0.911038	0.81599
0.699287	0.73227
0.921256	0.902535
0.810149	1.01382
0.572481	0.730135
0.814572	0.580895
0.714973	0.565337
0.899563	1.03476
0.910791	0.711728
0.723809	0.946327
0.500673	0.474544
0.852395	1.08612
0.84789	1.18221
0.926637	0.896458
0.756085	0.985208
0.821333	0.71193
0.830421	0.873709
0.679028	0.704952
0.753996	0.686812
0.799324	0.833899
0.732002	0.570226
0.734772	0.716037
0.513295	0.60054
0.502537	0.814655
0.851983	1.05339
0.885489	0.741309
0.873102	0.961426
0.906047	0.85892
0.865059	1.20609
0.561661	0.783079
0.797226	0.665281
5.96046e-08	5.96046e-08
0.955393	1.12363
0.646777	0.587764
0.81461	1.01598
0.466585	0.561018
0.852351	1.07453
0.886601	0.567991
0.762734	0.602212
0.761467	0.940929
0.810893	0.597039
0.733525	0.546325
0.830363	0.664638
0.917625	0.982047
0.621673	0.424387
0.807507	0.910681
0.804365	0.812246
0.83593	0.771367
0.623785	0.844705
0.915281	0.543595
0.900633	0.703827
0.806807	0.65414
0.878195	0.799811
0.849015	1.07648
0.614785	0.347017
0.56187	0.482831
0.816077	0.847551
0.774673	0.697
0.890169	1.06237
0.865347	0.895648
0.85826	1.1051
0.934583	0.873801
0.891534	0.632621
0.482674	0.7083
0.854801	0.774615
0.900578	0.873058
0.868065	0.970852
0.907449	0.89707
0.822041	1.00619
0.929602	1.2032
0.851976	0.965924
0.931603	0.86624
0.715133	0.590046
0.939901	0.67182
0.755368	0.788009
0.90622	0.91018
0.818241	0.479982
0.796584	1.13166
0.894225	1.01046
0.792824	0.64374
0.852061	0.918315
0.770347	0.57519
0.849161	1.06674
0.855012	1.3445
0.806024	0.781042
0.717198	0.693549
0.934434	1.0539
0.485608	0.579399
0.754226	0.783574
0.870813	1.01818
0.898919	0.958495
0.788469	0.731829
0.751967	0.865366
0.587446	0.624029
0.337235	0.31815
0.508298	0.663605
0.891582	1.02389
0.489709	0.576348
0.877724	0.668766
0.885041	0.915924
0.904405	0.715285
0.861313	1.05862
0.849737	0.922098
0.602041	0.580444
0.934677	1.02264
0.933642	1.26415
0.82752	0.682679
0.812114	0.813903
0.897351	1.34865
0.512593	0.687671
0.611759	0.694192
0.919727	0.909798
0.595773	0.467634
0.927785	0.920232
0.77966	0.662852
0.905334	1.10734
0.770892	0.708141
0.549963	0.383779
0.775909	1.05148
1	1.02212
0.989841	0.774631
1	0.7752
1	0.904257
0.998572	0.88468
0.998309	0.962959
0.983305	0.765541
0.992897	0.970388
1	1.02646
0.998786	0.836538
0.999078	0.804594
0.993961	0.957231
0.995781	0.755824
0.999853	1.12179
0.987619	0.747521
0.996431	1.09711
0.991567	1.08087
0.926625	1.02047
0.997412	0.915617
0.992334	0.881348
0.73447	0.796673
0.99155	0.794306
0.994319	1.04957
0.981242	1.03816
0.990422	1.13205
0.979003	0.797199
0.996267	0.78839
0.999598	1.14097
0.996914	1.47484
0.992789	1.17365
0.998903	0.752987
1	0.998387
0.973395	0.864202
0.998308	0.86899
0.997299	0.826619
0.995391	1.22301
1	0.783234
0.993747	1.3352
0.971118	1.05279
1	0.481163
0.984912	0.679614
0.991281	1.08154
0.995161	0.919623
1	1.09044
0.996876	0.840016
0.992829	1.28216
1	0.591705
0.992925	1.08242
0.992336	1.0781
0.997848	0.975005
0.9967	0.850035
0.999258	1.26398
0.996593	0.967647
0.994494	1.12941
0.998339	0.889804
1	1.06629
0.994773	0.858237
0.996867	1.24561
0.990981	0.710065
0.996728	1.09201
0.991492	0.985059
0.997561	1.02784
0.993261	0.911527
1	0.827087
0.992641	1.18037
0.972061	0.64253
0.987964	0.872075
0.997567	1.11069
1	0.770281
0.902415	0.818299
0.989198	0.872679
0.999066	1.00819
0.995646	1.09084
1	1.04582
0.999083	0.888265
0.999578	0.771664
0.99335	0.924534
0.990452	1.07445
0.968875	0.635859
0.945765	0.631792
0.994428	1.18976
1	1.13695
0.998892	1.16807
0.991798	1.20679
1	1.28892
0.982995	0.920628
0.996536	0.872405
0.99586	1.03058
0.988158	1.37247
0.987033	1.08726
0.996992	0.995032
0.997115	1.27702
0.982253	1.02633
1	1.03138
0.999268	0.767299
0.991907	0.890038
0.994175	1.06257
0.996122	1.13103
0.999163	0.957708
1	1.34471
0.997782	0.900048
0.994663	1.09251
1	1.08691
0.998321	1.09625
0.998175	1.08739
0.999576	1.15021
0.991821	0.622014
0.998049	0.915723
0.999036	0.582974
1	1.30188
1	0.952622
1	1.09683
0.995321	0.770887
0.999617	0.770305
0.970783	0.921047
1	0.759075
0.998366	0.920704
0.995375	0.981074
0.990658	0.924173
0.982027	1.13967
0.994927	1.34042
0.99915	0.957247
0.995713	0.954689
1	1.1592
0.974745	0.993266
0.992791	0.885567
0.99647	1.16382
0.992706	0.940424
0.994388	1.06446
0.999348	1.18964
0.998619	0.992562
0.998736	0.795389
0.99343	0.780312
0.963266	0.885333
0.99787	0.937448
0.985163	1.05548
0.990459	1.16382
1	1.08012
0.983918	0.873302
0.992591	0.984687
0.99786	0.789652
1	0.926956
0.990201	0.92798
0.99425	0.937423
0.992858	0.894387
0.99978	1.15976
1	1.07193
0.995085	0.973194
0.993345	0.977615
0.987708	0.669065
0.994882	1.06412
0.999644	1.04491
0.968316	0.821019
0.998201	0.989775
0.996843	0.915622
0.997945	1.02896
0.996927	0.612198
0.980377	1.26683
0.98067	0.907674
0.999153	1.06896
0.997226	1.16226
0.99527	0.85065
1	0.90577
0.991048	0.875789
0.995594	1.00222
0.981377	0.65604
0.99966	0.941575
0.996334	1.11053
0.98197	0.795788
0.978911	1.02392
0.993873	0.815593
0.992349	0.645999
1	1.06849
0.995091	0.987894
0.997262	0.905907
0.998936	0.882943
1	0.56955
0.993803	1.15021
0.986413	0.83723
0.999795	0.816105
0.993008	1.1564
0.997324	1.17332
0.998051	0.71135
0.998149	1.18246
0.994985	1.02392
0.999425	0.889089
0.996612	0.813654
0.991477	1.0569
0.997453	1.02083
0.995414	0.996365
0.996617	1.1678
0.983197	0.888379
0.983678	1.07837
1	0.877863
0.998778	1.0394
0.999677	0.629095
0.996539	0.877461
0.999432	0.801801
0.988746	1.23846
1	0.904466
0.533389	0.632385
0.799276	0.814417
0.192636	0.103691
0.879164	1.20525
0.912074	0.903644
0.791731	0.673915
0.911032	1.23208
0.895933	0.857816
0.801009	0.858182
0.906184	0.503589
0.885177	0.88097
0.923156	0.816957
0.766897	0.840982
0.539028	0.470915
0.802416	0.91562
0.759242	0.933111
0.870371	0.733715
0.691057	0.61825
0.531188	0.652004
0.893401	1.18172
0.893588	0.872588
0.915203	0.732493
0.889301	0.591545
0.909036	0.70334
0.907698	0.86795
0.915827	0.622136
0.915583	0.989046
0.446174	0.632831
0.824144	0.495007
0.49812	0.441619
0.829429	0.91137
0.829196	0.915283
0.524791	0.389963
0.855579	0.745437
0.815531	0.45597
0.829582	1.02457
0.9346	0.656092
0.740489	0.818264
0.759829	0.791697
0.889586	0.973637
0.588135	0.64146
0.918768	0.735482
0.192135	0.127921
0.764462	0.545847
0.764851	0.92176
0.878271	0.714581
0.852692	1.0477
0.657263	0.716094
0.708977	0.655572
0.908291	1.13893
0.777123	0.790161
0.796353	0.648134
0.780152	1.03286
0.664578	0.703185
0.504234	0.291396
0.882686	1.19736
0.833742	0.574139
0.911427	1.08186
0.579807	0.40249
0.575393	0.495967
0.31447	0.246988
0.545466	0.572445
0.605389	0.423613
0.894525	0.651398
0.767424	1.02811
0.564126	0.739726
0.628471	0.920222
0.900962	1.10185
0.614088	0.817205
0.887443	1.02098
0.914459	0.749186
0.840901	0.803216
0.86186	0.741865
0.757404	0.483084
0.828529	0.812875
0.89863	0.648711
0.797756	0.645984
0.909475	0.909117
0.915101	0.707293
0.600952	0.53277
0.679161	0.619549
0.823106	0.881839
0.882785	1.12821
0.81704	0.627949
0.810015	0.660144
0.951021	0.912921
0.919924	0.688388
0.900791	1.05254
0.91788	0.930594
0.860575	1.02213
0.770783	1.09256
0.878214	0.516195
0.816365	0.914952
0.862939	0.794536
0.900903	0.844354
0.78379	0.471263
0.904369	0.958668
0.685485	0.629295
0.574201	0.59233
0.86846	0.917919
0.364355	0.501861
0.920111	0.913086
0.891553	1.09747
0.910421	1.05978
0.790186	0.742647
0.846165	0.86905
0.78259	0.836881
0.880578	0.915367
0.628788	0.553688
0.906396	0.82882
0.801639	0.70297
0.771913	0.663149
0.843836	0.886017
0.909486	1.32706
0.887744	1.10914
0.861338	0.93252
0.860554	0.580992
0.862572	0.719608
0.835263	1.02895
0.68782	0.865184
0.893493	0.752491
0.896379	0.841808
0.520912	0.668438
0.487956	0.235104
0.92109	0.995525
0.522045	0.648624
0.823317	0.939374
0.520248	0.380759
0.83804	0.89246
0.863816	0.762274
0.914735	0.678684
0.542233	0.518216
0.904675	0.774189
0.800517	0.963054
0.910556	0.737825
0.871598	0.741833
0.895914	1.06717
0.720341	0.803853
0.660065	0.526728
0.519107	0.730724
0.729071	0.700679
0.214728	0.2078
0.777704	0.903246
0.861569	0.748424
0.8954	0.858734
0.767022	1.04715
0.728438	0.71427
0.671229	0.601296
0.848176	0.608336
0.795496	0.844534
0.843665	0.556467
0.877759	0.776883
0.632604	0.920783
0.798378	0.885812
0.889853	0.910037
0.878168	0.938135
0.891075	1.24575
0.906611	0.92843
0.857219	0.788085
0.904702	1.11394
0.859782	0.846388
0.801343	0.675098
0.880646	0.95166
0.786867	0.978825
0.797647	0.806355
0.67125	0.741473
0.920072	0.752386
0.896415	0.723991
0.738559	0.629031
0.890682	1.10756
0.746933	0.63585
0.700763	0.438582
0.907018	1.03469
0.547619	0.66298
0.760215	0.842335
0.561104	0.504233
0.743914	0.780783
0.903881	0.875186
0.791116	0.759239
0.675592	0.601868
0.861024	0.733675
0.822731	1.02179
0.85257	0.732644
0.923492	0.937707
0.163023	0.281799
0.655679	0.956181
0.852316	0.875881
0.795014	0.883614
0.839397	0.930746
0.822498	0.992763
0.847845	0.982463
0.893894	0.999919
0.717708	0.710067
0.859728	0.818761
0.897248	0.935488
0.945638	0.696693
0.93017	0.813471
0.758484	0.934046
0.4908	0.409867
0.847774	1.00975
0.980238	0.699771
0.995618	1.08973
0.992393	0.809081
1	0.965054
0.994355	1.29004
0.998893	0.970922
0.997284	1.05088
0.995916	0.91623
0.99344	1.13696
0.998529	0.858957
0.986039	0.791782
0.996356	1.01059
0.981032	0.60641
1	0.942568
0.999487	0.93366
0.995763	1.11149
0.988243	0.678267
1	0.995497
1	1.11871
0.994157	1.20336
0.984937	0.766106
0.99101	1.12621
0.998336	0.911017
0.987859	0.927914
0.999233	1.02377
0.996228	0.801237
0.985671	1.0911
0.989408	0.92587
0.98915	1.16445
0.991991	1.03998
0.996139	1.09007
0.995963	0.974522
0.998154	1.21554
0.999623	0.822679
0.994226	1.16191
0.996657	1.12657
0.995455	0.991149
0.998497	1.03818
1	0.926092
0.997943	0.86977
0.995965	1.21481
1	0.895259
0.989459	1.40045
1	0.836449
0.992407	1.04516
0.997218	1.12033
0.999613	0.889919
0.99724	0.98185
0.999077	0.990071
0.997944	1.21091
0.997851	0.880897
0.973609	1.06184
0.995404	1.15707
0.997761	1.13146
1	1.48398
0.998297	0.723584
0.999189	0.9543
0.996057	0.868851
1	0.936055
0.992892	0.900668
0.980373	1.03991
0.997951	0.835554
1	0.924092
0.998898	1.07026
1	1.26408
0.992205	1.03565
0.961586	0.807808
0.992699	0.750527
0.996555	1.01532
1	0.749386
0.994559	0.939191
0.995479	0.748127
0.998296	1.03134
0.99621	1.08707
0.986878	0.756231
0.998525	1.18831
0.997596	1.13237
0.989046	0.906515
0.998495	1.36373
0.992736	1.09601
0.979902	0.948573
0.976729	0.856761
0.998285	0.709427
0.99714	0.85918
0.996813	0.826876
0.99382	1.18417
0.984562	0.943716
0.997843	1.28681
1	1.0439
0.994942	0.870509
0.992738	0.879064
0.991816	1.17934
0.999567	0.663067
0.999635	1.09055
0.583184	0.773333
0.984488	1.03365
1	0.95504
1	0.938543
0.983097	1.00876
0.997614	0.792416
0.980682	0.973161
1	0.94569
0.99647	1.37803
0.998033	0.679245
1	1.1336
0.996719	0.722049
0.992067	0.869808
0.994571	0.966034
0.999209	1.09054
0.988022	1.09462
0.98086	0.961258
1	1.02356
0.997087	0.819872
0.981825	1.11904
0.999271	1.02905
0.989183	0.97497
0.995935	0.686333
0.991356	1.11271
0.999647	1.06705
0.998143	0.837747
0.99239	0.85524
1	1.10126
0.993868	1.07178
0.997501	0.977196
0.99795	0.818506
0.99812	0.978888
0.997076	1.02593
0.998727	0.843629
1	0.872581
0.998421	1.05894
0.999022	1.021
0.976946	0.891557
0.968112	1.08526
1	1.1913
0.996594	0.91486
1	1.07276
0.990049	1.17068
1	0.783331
0.99861	0.928853
0.995014	1.08376
0.996141	1.17685
0.997764	1.10723
1	1.24315
0.994866	1.09127
0.973814	0.79152
0.998354	0.672967
0.999043	0.953056
1	1.17897
0.936547	0.681956
0.998326	0.982496
1	1.08977
0.999483	0.591438
0.997501	1.33698
0.99268	1.16504
0.995386	1.30378
0.988594	0.988791
0.996079	0.779732
0.996167	1.28408
0.993695	0.759617
0.996098	1.01281
0.991392	0.962108
0.993396	0.763152
1	1.11114
0.992135	0.893985
0.997857	1.22693
1	0.965468
1	1.03287
0.99256	1.19099
0.998855	1.15146
0.976461	1.28937
0.997712	1.15195
0.987357	1.33999
0.998975	0.647993
0.992707	0.894947
0.993422	1.09155
0.99771	1.13863
0.998547	1.15978
0.998504	0.986347
1	1.05399
1	0.928658
0.987059	1.0617
0.98875	0.828022
1	1.41536
0.996351	0.718441
0.990605	1.05412
0.997509	0.989015
1	0.714176
0.996039	1.1351
0.995536	0.765491
0.993603	0.886726
1	0.822108
0.98227	0.841993
0.999604	0.960874
0.997983	0.940335
0.983235	1.00334
0.988455	1.05864
1	0.965099
0.989037	1.19079
0.998043	0.528159
0.968702	1.06625
0.733556	0.656187
0.878737	0.730213
0.425234	0.55787
0.866837	0.738219
0.899162	0.920863
0.58912	0.469246
0.86097	0.807343
0.535639	0.512114
0.942541	0.72795
0.907969	0.803035
0.757305	0.45189
0.709045	0.672883
0.89088	0.895106
0.934247	0.836145
0.814823	0.78263
0.888916	0.63193
0.445725	0.275349
0.528658	0.463754
0.832227	0.853542
0.883886	0.801082
0.805325	0.778853
0.807476	0.786431
0.663852	0.767995
0.730736	0.552856
0.175228	0.277866
0.827071	0.988006
0.646179	0.495587
0.899953	1.05625
0.738182	0.844737
0.850927	0.786873
0.865785	0.917871
0.571876	0.601302
0.871977	0.671405
0.889991	0.67253
0.710566	1.03511
0.813717	0.888857
0.885004	0.920762
0.89715	0.748774
0.91991	0.657305
0.563516	0.711035
0.743951	0.878761
0.940495	1.14189
0.795544	0.585397
0.887945	0.683754
0.863897	0.820143
0.708529	0.384
0.944812	1.15036
0.834514	1.03084
0.174254	0.121299
0.732666	0.339195
0.898195	0.992958
0.727257	0.987419
0.18681	0.193197
0.522697	0.687467
0.874455	0.935171
0.86157	0.812889
0.90806	0.609856
0.897194	0.806177
0.206339	0.266533
0.851404	0.613014
0.846436	0.571507
0.861979	1.06395
0.883105	1.03007
0.704973	0.660111
0.456775	0.605373
0.836134	0.72013
0.900259	0.575302
0.862701	0.892743
0.927348	0.944038
0.742878	0.641167
0.898628	0.773103
0.85052	0.775832
0.847697	1.05893
0.823433	0.855864
0.896496	0.809456
0.838905	0.751636
0.914804	0.887552
0.79278	0.470652
0.775286	1.03861
0.938029	1.00678
0.699054	0.737418
0.705141	1.25084
0.904875	0.811091
0.911796	0.547487
0.863859	0.579362
0.838273	0.93358
0.650085	0.658797
0.678421	0.467101
0.77292	0.920186
0.878343	0.865664
0.904419	0.794749
0.821655	0.766673
0.933441	0.85528
0.272223	0.32047
0.705531	0.57914
0.914476	0.688351
0.626479	0.70297
0.696923	0.578791
0.748869	0.774268
0.456311	0.52514
0.816244	0.8982
0.660764	0.673619
0.869633	1.24921
0.832561	0.747601
0.540727	0.375055
0.724919	0.646754
0.76379	0.842821
0.584882	0.619087
0.850118	0.858522
0.904597	1.00016
0.671134	0.935843
0.826009	0.512395
0.366293	0.65527
0.841915	0.469461
0.826992	0.710308
0.731009	0.738554
0.897624	0.945393
0.680938	0.584394
0.907051	0.882667
0.795635	0.691799
0.747058	0.637764
0.88354	1.19269
0.837166	1.0397
0.777737	0.745679
0.836298	0.827793
0.790031	0.690342
0.163918	0.174072
0.528519	0.625257
0.654803	0.617172
0.911163	0.707128
0.764096	1.18413
0.935881	1.16055
0.923008	0.668047
0.830475	0.976545
0.836702	0.776724
0.849852	0.912315
0.8609	0.703967
0.853362	0.640654
0.182866	0.182026
0.523661	0.382164
0.873976	0.570768
0.861195	0.993923
0.88786	0.957082
0.753696	0.658971
0.909284	0.883456
0.706113	0.736332
0.501883	0.722856
0.685499	0.486928
0.870625	0.716821
0.882015	1.06819
0.853419	1.07956
0.812373	0.999923
0.890708	0.805736
0.784668	0.740202
0.933826	0.85063
0.494842	0.594748
0.582877	0.377834
0.531353	0.476787
0.837945	0.683344
0.690209	0.765211
0.760567	0.638558
0.870355	0.936296
0.740674	0.530669
0.722851	1.1699
0.88114	1.00318
0.818362	0.779351
0.857882	0.664792
0.906504	1.09356
0.875121	0.624256
0.834112	0.634449
0.851842	0.891778
0.859802	0.930883
0.836231	0.465573
0.765272	0.799879
0.834288	0.652519
0.901591	0.793717
0.878767	1.15545
0.845057	0.830243
0.897214	0.729434
0.768219	0.828224
0.448763	0.379734
0.771774	0.868271
0.851292	1.05233
0.497262	0.576954
0.851305	0.646078
0.95413	0.99743
0.835572	1.06319
0.692878	0.756854
0.494858	0.409075
0.882318	0.859891
0.892814	1.01286
0.709441	0.59609
0.936854	0.548399
0.838814	0.646036
0.883561	0.895496
0.658393	0.783636
0.828516	0.816843
0.325254	0.394162
0.0544608	0.0688215
0.877359	0.787586
0.991315	0.994521
0.989676	1.22903
0.997185	0.682743
0.996764	1.17765
0.972619	0.915918
0.993306	1.18831
0.997507	0.885419
1	1.23003
0.992635	0.68848
1	1.09899
0.994742	0.815202
0.962815	1.00504
1	0.954003
0.994739	0.966745
0.994632	0.919597
0.994511	1.01088
1	1.0887
0.999223	0.953375
0.991964	0.704609
0.996953	1.01297
0.998496	1.04973
0.99741	0.912654
0.976158	0.894016
0.973288	0.886222
0.996692	0.589485
0.989661	1.08912
0.995009	1.22667
0.997461	1.01524
0.99886	0.960262
0.991806	0.695262
1	1.19649
0.984013	0.89583
1	1.01017
1	0.868132
0.998051	1.16112
0.99077	1.0718
0.988494	1.05219
0.992894	0.825096
1	0.630012
1	0.812354
0.999057	1.02394
1	1.1751
0.989677	0.745451
1	0.857447
0.997579	1.20742
0.991949	1.4392
0.999382	1.05684
0.988281	0.996659
0.985656	0.957048
0.998412	0.95089
0.997667	1.11017
0.998433	0.886253
0.999052	1.02098
0.992978	0.694468
0.984054	1.07492
0.997918	0.702696
0.993149	0.919827
0.996435	0.700656
0.985795	1.10654
0.998074	0.992022
0.997389	1.11347
0.993876	0.872716
0.997027	0.975947
0.984267	0.745463
0.958364	0.94875
0.999553	0.787746
1	0.807721
0.99764	0.72272
0.997662	1.12541
0.99819	0.522038
0.990939	0.982307
1	1.24398
0.992547	0.90704
1	0.984128
1	1.08536
0.99406	0.949708
1	1.35832
0.997963	1.07699
0.994392	0.850972
0.992873	0.473749
0.989894	0.840082
0.997065	0.915597
0.994056	0.620866
1	0.779911
0.987373	0.994518
0.998674	0.944612
0.989319	1.0727
1	1.15159
1	0.948526
1	0.879359
0.982668	0.991882
0.995875	0.941885
0.971106	1.16354
0.994223	1.11608
0.997994	1.05196
1	0.936919
0.998087	1.19219
0.994508	0.922751
0.996938	0.89733
0.997841	0.71454
0.99756	0.99518
0.996857	0.93187
0.994504	1.04135
0.996357	0.817566
1	1.197
1	0.727969
0.99446	1.27933
0.989249	1.04726
0.99656	0.708034
0.963841	1.05143
1	1.13087
0.998263	1.02637
0.99352	1.2724
1	0.66822
0.997068	0.818103
0.931957	0.957735
0.99528	1.07328
0.996194	0.998332
0.994285	0.971374
0.9986	1.00751
0.966139	1.20481
0.997835	0.856305
0.997867	0.894988
0.996539	1.07715
0.999599	0.717118
0.984173	0.87011
0.999268	1.13873
0.987776	0.849571
0.995929	0.876114
0.992503	0.871025
0.995661	0.901878
0.999372	0.977969
0.995742	1.07122
0.998771	0.914355
1	0.933316
0.993881	0.908498
1	0.897262
0.998758	0.657665
1	1.32721
0.998818	1.1472
1	1.06241
1	1.03637
1	1.1183
0.98868	0.738177
0.999007	0.911721
1	1.23352
0.979753	1.00913
0.992546	0.964986
0.996224	1.14112
0.980221	1.21129
0.96231	1.0511
1	1.07254
0.991645	0.678775
0.989767	0.816175
0.99812	0.84338
1	1.19763
0.973319	1.16783
0.974584	0.769086
0.978801	0.912847
0.995154	0.893104
0.995602	0.657338
1	1.12395
0.996027	0.935197
1	0.735067
0.998823	1.10679
0.995833	0.996005
0.995959	1.12779
0.994627	1.05741
0.999758	0.990464
0.9984	1.01022
0.995029	0.989708
0.986349	1.15196
0.998955	0.776578
0.999065	0.857682
0.992861	1.03234
0.994644	1.06398
0.999462	1.04223
0.997925	0.971826
0.969778	0.68896
0.996629	0.866163
0.932186	0.840466
1	0.833713
1	0.814181
0.998345	1.04786
0.997911	0.967699
1	0.949066
0.999202	0.850594
1	1.1981
0.997891	0.836866
0.990522	0.998429
0.99273	1.01914
1	1.03194
0.999311	0.882607
0.994753	1.18449
0.991119	1.10613
0.950326	0.59694
0.999412	1.09567
0.988926	1.03303
0.99633	0.848017
0.998453	0.717386
0.896027	0.662892
0.883097	0.630823
0.681025	0.763984
0.726821	0.466949
0.913032	0.639743
0.523716	0.555822
0.912199	0.857366
0.84089	0.636411
0.878352	1.12422
0.599178	0.729446
0.634456	0.566909
0.566408	0.599722
0.642709	0.609208
0.841802	0.961623
0.854057	0.520236
0.85896	0.975912
0.901934	0.914909
0.80131	1.15728
0.815976	0.576758
0.622467	0.696877
0.845179	0.956242
0.761552	0.709637
0.857037	1.14056
0.855289	1.06664
0.879844	0.781173
0.860649	0.519417
0.870185	0.879195
0.907948	0.993688
0.735529	0.654896
0.792375	0.735002
0.759483	0.983666
0.834802	0.465325
0.86078	0.90322
0.902335	0.898118
0.783159	0.639954
0.819772	0.794793
0.893537	0.914489
0.870381	0.743984
0.869504	0.616247
0.772402	0.818117
0.71464	0.973818
0.890614	1.30744
0.887285	0.915876
0.871851	0.77804
0.702771	1.013
0.863011	0.928547
0.79014	0.803724
0.859077	0.81618
0.793195	0.942078
0.934636	0.97166
0.881669	0.910546
0.656272	0.624431
0.816706	0.70955
0.813304	0.868607
0.632204	0.715692
0.725155	0.824249
0.607556	0.59576
0.852257	0.843341
0.658242	0.684098
0.906328	1.11847
0.89493	1.18245
0.45224	0.397845
0.89232	0.789725
0.910519	0.877309
0.682531	0.78365
0.845666	0.980807
0.831294	0.903544
0.84877	0.865289
0.450106	0.387055
0.875576	0.910142
0.812525	0.901691
0.897932	1.07894
0.882858	1.04302
0.904216	0.733479
0.806289	0.760538
0.859658	1.05603
0.871589	0.509473
0.79717	0.765675
0.881346	1.0152
0.486018	0.503983
0.883058	0.965081
0.711312	0.775635
0.873172	0.626891
0.821309	0.69939
0.905669	1.00342
0.781675	0.822828
0.380331	0.574436
0.815635	0.823965
0.765859	0.713835
0.882198	0.820513
0.415478	0.285838
0.841021	0.862754
0.867931	1.20077
0.912287	0.815405
0.865397	0.933678
0.40024	0.4831
0.891501	0.751858
0.607363	0.490393
0.634107	0.802179
0.891826	0.794509
0.538205	0.482522
0.611172	0.751055
0.769121	0.738461
0.866937	0.749735
0.878615	1.04763
0.750462	0.694597
0.918306	1.00419
0.915685	1.12259
0.864569	0.840572
0.861663	0.75865
0.876194	0.991931
0.816508	0.771719
0.881465	0.615366
0.909102	1.07238
0.861538	0.883071
0.890955	1.22736
0.52257	0.535664
0.496739	0.474776
0.875544	0.704106
0.883231	0.856552
0.812071	0.815085
0.915963	0.764845
0.868452	0.769672
0.441677	0.582744
0.850829	0.796528
0.784938	0.746674
0.698588	0.545235
0.919014	0.712022
0.831504	0.881881
0.907778	1.01059
0.839308	0.706843
0.886222	1.00564
0.887697	0.765379
0.940329	1.03312
0.892062	0.583895
0.733155	0.792189
0.80022	0.855697
0.709985	0.672423
0.81819	0.688473
0.839077	0.635912
0.881605	0.806604
0.943548	1.05268
0.906218	0.933374
0.497377	0.491309
0.712675	0.57508
0.809004	0.767625
0.766269	0.58687
0.817853	0.570714
0.820841	0.734565
0.872332	0.73892
0.906408	1.08541
0.864264	0.55661
0.900614	0.821679
0.795746	0.759284
0.919006	1.05322
0.873011	1.10082
0.792438	0.983794
0.818527	0.856872
0.516307	0.395321
0.925904	0.827775
0.924237	1.04492
0.888237	0.677344
0.814797	0.76031
0.813793	1.16665
0.823568	0.947239
0.748216	0.960781
0.715726	0.909873
0.896575	0.980643
0.952117	0.729772
0.829624	0.722901
0.898893	0.881642
0.794831	0.866447
0.83171	0.755493
0.786797	0.418748
0.830045	0.643939
0.747763	0.628456
0.750705	0.748546
0.465647	0.331377
0.877204	0.540018
0.886642	1.23453
0.831701	0.629608
0.854067	1.03148
0.861723	0.980403
0.9196	0.87238
0.851273	0.685323
0.831079	0.541283
0.839967	0.911786
0.467844	0.49962
0.886693	1.01374
0.902999	0.640241
0.785902	0.673134
0.915032	0.924671
0.770311	0.779496
0.64949	0.416236
0.751002	0.76177
0.923221	0.88117
0.833005	0.803095
0.909484	0.718619
0.553208	0.804013
0.851298	0.802746
