405.759	236.016
615.455	427.25
227.734	161.495
653.685	463.911
426.756	296.905
626.669	428.506
689.58	444.117
483.752	354.729
566.54	391.943
646.794	448.897
506.664	341.195
560.554	386.432
441.631	315.446
633.447	439.108
689.354	472.122
595.88	379.32
617.152	419.263
635.161	446.602
409.675	259.978
661.011	418.467
570.395	405.777
644.851	414.737
653.527	441.923
662.318	414.185
646.852	455.204
544.727	409.202
469.872	353.785
583.808	398.643
613.287	403.475
448.747	303.42
680.351	467.046
437.365	278.194
579.023	426.258
477.96	278.425
571.718	422.283
582.822	378.598
447.23	322.304
657.235	444.376
539.951	386.557
442.023	315.724
671.814	479.27
512.304	378.321
680.447	476.74
599.187	390.049
480.655	331.773
546.211	364.405
513.766	374.096
622.8	422.891
532.394	396.193
540.24	426.79
380.546	266.907
511.469	367.793
439.43	297.801
453.275	298.511
427.152	301.027
626.665	472.138
477.112	312.099
647.005	478.685
346.023	230.023
469.214	342.112
398.029	276.062
483.126	308.921
448.296	321.933
465.048	312.349
382.412	249.89
628.119	438.161
541.379	362.223
440.353	312.886
450.775	334.717
664.957	409.429
416.764	301.502
414.052	301.635
516.853	332.196
461.605	280.743
462.621	304.306
508.272	279.853
683.207	432.367
515.529	378.216
430.522	329.897
541.501	390.512
404.281	241.367
692.32	502.991
419.386	309.056
457.524	303.582
426.549	286.792
517.469	308.288
684.193	451.754
597.56	372.088
648.542	455.789
350.405	252.152
499.138	344.868
614.911	438.176
636.539	459.783
425.692	291.933
502.045	357.416
598.749	440.793
659.802	446.147
663.591	447.639
359.001	248.788
655.623	456.801
623.488	408.791
456.047	331.972
506.122	371.735
615.69	398.961
653.217	434.089
461.436	328.412
639.714	431.956
456.686	324.533
663.299	464.818
544.638	385.039
463.079	312.993
502.628	359.472
523.599	375.758
591.112	419.733
640.817	470.418
497.846	314.651
403.324	282.907
677.729	450.687
654.753	427.441
617.214	377.129
465.062	324.612
656.504	462.668
501.383	384.303
450.817	321.256
566.934	430.684
662.23	443.108
529.956	396.05
615.36	402.861
563.663	382.138
490.843	336.848
463.371	352.382
586.798	421.785
395.615	282.968
627.84	478.844
637.808	463.394
604.208	409.531
557.589	411.327
666.644	471.074
599.707	392.07
605.856	394.576
652.077	455.492
447.338	308.195
404.021	280.936
587.013	446.813
420.086	313.47
567.313	361.809
486.882	350.424
480.516	373.858
588.98	395.332
430.005	318.039
677.526	467.781
635.76	440.804
444.575	319.832
661.337	464.978
590.057	397.764
484.466	341.957
514.149	397.104
506.531	316.139
630.851	442.737
469.567	346.503
378.101	246.613
587.06	439.453
598.051	406.986
628.151	424.096
523.395	361.655
400.376	256.261
362.735	263.923
605.312	350.155
409.254	282.381
367.94	264.739
427.545	305.299
600.472	399.241
443.395	344.495
645.629	462.77
668.621	434.352
566.805	402.98
207.478	151.752
514.43	341.797
602.756	427.037
634.45	448.074
370.49	258.72
645.398	434.9
595.666	425.861
356.908	242.826
638.525	433.03
473.323	308.751
620.888	439.729
677.294	507.078
552.906	355.674
424.355	267.832
552.521	371.969
369.797	217.587
675.857	425.123
672.41	467.185
412.159	262.91
617.981	444.864
676.118	442.718
679.155	469.953
612.703	445.54
411.899	283.629
176.281	107.006
238.147	160.515
289.201	204.597
257.701	188.016
302.728	237.522
294.156	199.544
290.747	190.273
322.171	226.215
324.721	246.554
280.15	203.882
187.934	136.378
297.273	215.61
247.164	165.74
107.624	66.8326
236.831	178.709
276.53	189.941
300.972	213.097
292.063	204.041
255.272	175.959
275.73	187.504
274.277	210.754
287.035	178.696
278.713	176.98
210.983	145.906
276.762	206.398
213.558	136.969
272.366	174.517
268.848	185.655
263.173	187.625
260.34	166.717
323.275	204.148
337.491	242.78
279.61	209.334
285.372	198.205
218.073	156.466
285.704	205.532
248.347	153.151
258.107	188.273
290.809	218.748
251.726	183.665
295.611	222.996
345.737	242.109
174.201	100.092
263.251	190.964
284.947	185.129
268.032	208.471
210.381	131.833
239.004	158.2
293.38	206.925
286.648	189.417
252.998	181.81
294.737	210.753
178.485	106.91
308.901	205.605
211.736	148.636
329.099	223.653
292.665	217.169
268.155	187.762
276.579	206.863
245.137	163.986
259.386	173.025
299.98	188.604
236.721	151.889
300.541	204.817
305.869	224.633
251.786	174.79
61.6847	44.3099
264.04	178.649
249.381	183.358
252.454	197.543
297.458	190.624
224.384	151.348
293.256	217.514
207.162	141.938
322.969	245.607
281.917	177.516
257.397	181.664
271.245	203.547
287.098	189.239
202.566	132.355
284.197	191.029
297.183	187.527
222.724	168.882
240.591	160.379
131.396	85.6756
297.268	206.918
246.502	173.905
248.381	161.599
303.803	227.635
110.612	68.5219
350.044	227.113
276.639	183.513
238.541	171.559
211.431	159.763
273.741	190.737
269.364	160.673
253.549	177.432
240.979	146.104
255.801	205.106
296.692	216.036
287.04	209.141
283.727	170.616
265.793	184.589
205.197	156.313
316.217	219.995
287.819	192.823
286.627	213.722
279.721	189.737
211.336	158.37
272.63	212.097
313.126	217.704
255.679	161.553
310.337	206.659
227.352	162.128
190.116	123.144
247.853	174.509
268.881	184.559
298.329	204.103
283.833	210.939
105.726	73.488
265.486	192.926
214.553	157.729
298.933	220.171
252.634	184.967
253.146	162.659
258.478	180.772
278.095	203.474
236.502	175.838
232.783	150.045
232.004	146.223
199.294	139.021
271.533	169.121
295.39	192.292
285.247	201.299
284.136	211.396
213.197	146.502
238.657	154.462
293.646	204.955
241.582	147.14
305.301	224.92
240.173	153.453
288.701	207.141
247.069	162.175
274.456	202.249
248.103	176.289
281.833	199.572
268.252	194.913
290.61	218.439
240.029	186.65
307.124	204.631
316.38	214.95
162.133	113.868
289.156	210.879
197.261	149.753
245.675	177.747
272.751	194.49
249.604	158.397
265.338	180.057
287.261	199.915
285.307	214.343
259.854	191.368
212.141	151.624
261.981	189.073
277.753	198.71
290.739	219.681
150.539	113.365
315.888	228.681
244.561	159.022
297.56	228.908
312.261	227.319
204.287	141.932
0	0
286.243	210.593
267.406	194.576
284.42	193.22
254.266	184.37
325.771	224.562
256.26	198.365
276.034	186.787
264.435	187.939
253.034	147.372
313.871	202.482
287.473	210.156
140.285	91.805
214.418	137.557
222.888	160.82
328.43	213.345
322.397	216.148
234.222	156.76
296.307	219.513
271.704	206.041
272.732	193.1
274.498	190.295
300.04	188.975
288.938	200.988
353.316	241.16
251.185	177.776
272.059	202.616
287.24	211.311
293.872	224.384
655.759	452.385
486.75	340.21
557.909	408.093
639.502	437.673
537.203	353.773
548.818	371.166
661.129	429.046
465.16	350.55
606.804	418.038
446.899	313.48
456.386	312.462
584.815	408.918
350.284	225.109
440.888	280.136
486.073	317.17
667.927	467.512
705.987	491.516
651.088	399.651
672.547	436.983
383.655	276
392.182	280.614
409.616	287.086
538.156	328.847
586.616	390.106
557.676	387.54
491.901	373.161
650.614	412.385
466.292	304.067
371.374	254.706
386.875	277.222
664.773	434.677
606.326	383.377
599.047	405.858
476.655	303.602
622.614	408.292
404.727	288.05
365.071	232.882
533.76	386.628
520.001	401.063
654.147	413.704
355.792	228.98
370.946	250.275
666.456	438.208
342.583	265.449
414.877	288.769
396.273	278.577
585.191	389.024
652.33	445.102
656.481	430.62
631.612	419.652
417.387	297.455
590.489	367.936
618.529	404.525
492.029	379.717
507.325	367.602
627.417	391.689
602.639	421.956
436.889	298.4
638.721	416.788
552.787	393.18
653.08	450.125
453.416	311.535
650.249	466.807
670.595	478.783
603.882	400.632
465.056	339.549
606.045	394.443
629.466	449.456
362.326	267.308
637.755	384.373
566.283	408.478
668.874	495.511
659.369	443.782
422.523	279.443
482.673	320.662
618.977	406.001
523.41	346.977
489.736	358.291
554.855	368.516
631.833	416.235
601.111	433.045
647.957	417.166
509.348	333.431
397.055	264.815
512.112	347.67
624.477	391.493
687.253	484.917
669.453	493.905
681.764	481.521
603.641	436.39
586.071	417.478
377.179	241.244
641.482	425.495
372.095	240.205
514.133	359.431
554.552	416.938
582.846	339.046
450.207	298.331
358.013	263.935
616.293	437.944
399.472	278.049
578.969	405.651
523.736	378.733
476.615	331.934
674.415	481.247
310.097	222.652
409.813	295.143
652.023	426.153
541.702	372.905
646.374	396.861
452.741	296.258
620.242	410.43
634.907	448.42
538.853	375.37
404.213	293.662
650.143	411.794
504.459	347.841
626.01	442.453
599.787	417.143
493.073	350.53
583.795	383.319
573.792	385.965
580.07	386.664
342.635	233.774
640.969	402.775
681.536	429.541
629.447	409.588
474.862	297.874
414.661	293.916
588.37	371.383
395.038	258.243
603.487	387.002
528.731	377.373
451.392	300.845
536.328	359.333
421.577	299.355
408.341	299.202
682.501	466.362
644.737	461.771
617.747	450.603
504.37	328.271
423.716	292.028
386.48	270.119
649.424	403.789
625.316	404.675
561.835	390.34
375.751	267.016
418.927	316.329
660.907	431.724
386.026	292.715
660.029	411.807
377.248	282.364
681.549	423.373
602.271	377.859
504.432	375.491
555.657	385.258
640.641	441.617
650.464	399.406
636.88	462.057
643.725	427.395
415.224	280.389
539.548	371.564
647.782	418.044
550.882	368.96
637.861	376.432
653.215	421.314
639.045	410.809
464.96	297.886
606.18	422.206
634.04	387.119
406.222	249.002
431.171	277.843
666.936	433.688
413.333	284.886
393.308	284.128
659.104	393.465
673.29	438.391
608.788	402.205
663.571	430.34
453.848	283.913
623.635	374.918
668.299	416.494
482.143	300.603
452.228	308.999
348.151	232.518
662.181	491.39
511.898	361.236
610.047	415.483
379.533	267.28
528.726	354.92
670.385	417.846
586.86	441.111
488.019	368.922
605.814	397.451
643.957	421.868
467.054	368.002
583.735	388.302
674.284	377.571
486.103	337.303
439.943	299.66
239.648	169.919
264.985	181.652
235.697	160.021
174.063	127.114
250.902	173.607
228.263	158.223
211.149	143.071
295.1	214.493
298.334	204.607
262.41	190.246
253.423	177.701
284.501	192.132
240.154	155.646
272.433	199.498
294.707	217.612
253.984	184.599
219.155	148.671
315.267	205.022
304.596	223.45
318.882	221.901
325.555	210.842
277.681	185.683
255.689	170.071
201.38	138.378
261.419	198.22
215.107	139.29
289.589	212.447
269.739	211.726
245.104	163.014
285.622	186.349
161.861	116.153
301.657	198.258
198.199	138.328
321.678	222.943
248.877	172.415
286.381	207.148
248.771	156.553
195.898	124.262
314.744	246.525
255.98	200.51
153.189	120.158
108.959	81.0366
280.722	188.153
291.201	222.404
324.359	236.285
274.878	177.248
259.548	191.857
319.695	243.168
258.954	166.359
292.096	190.452
244.743	187.358
283.055	188.254
275.283	179.439
269.342	167.843
266.066	202.144
292.693	194.902
291.707	210.541
269.498	213.241
271.42	172.153
346.964	239.828
285.203	198.432
204.47	131.857
278.478	200.193
283.815	219.677
293.503	200.351
154.464	108.922
299.085	220.511
311.936	194.266
298.112	191.437
296.223	201.774
264.104	169.109
304.411	195.46
243.984	182.304
316.725	248.146
283.702	174.772
307.519	198.879
249.291	180.276
293.406	202.857
199.294	140.105
305.519	206.949
342.219	239.83
376.108	271.614
239.38	170.352
198.124	148.992
256.416	208.672
255.992	189.537
284.624	210.481
246.329	162.538
243.101	188.362
202.289	147.07
280.448	216.093
292.783	227.832
314.342	229.818
224.232	171.098
244.158	184.44
216.224	153.204
264.719	184.364
330.318	216.148
313.665	212.701
266.736	176.999
282.039	191.851
214.621	153.974
308.524	219.901
230.53	169.854
282.622	199.816
270.292	198.598
373.892	267.673
218.959	139.208
232.263	160.68
253.628	189.586
329.301	242.051
297.705	213.175
175.157	122.613
245.793	174.436
340.525	245.765
311.276	204.616
335.124	220.226
181.753	123.213
291.137	222.704
224.573	156.986
211.925	151.386
287.477	200.925
187.211	134.272
142.688	100.092
282.135	193.885
277.325	201.882
222.969	154.699
239.575	171.721
295.034	219.228
318.878	202.719
350.514	253.686
233.974	169.35
240.354	173.074
285.086	210.829
276.749	198.105
235.032	165.848
284.833	187.584
330.636	228.114
336.757	242.553
294.068	210.89
336.152	207.057
295.322	208.157
299.366	178.651
257.744	188.637
297.16	206.424
252.595	165.58
375.083	284.677
317.123	223.323
236.485	174.975
265.245	196.081
281.604	192.232
342.003	228.725
308.652	200.749
312.52	224.735
215.458	152.863
128.783	93.086
253.324	188.459
231.879	149.778
309.241	188.978
307.423	200.697
305.864	232.4
279.666	195.107
239.767	171.873
223.103	164
267.273	200.953
265.819	187.712
259.95	180.779
264.462	160.282
262.473	204.572
269.59	196.447
221.885	163.674
252.097	186.11
145.176	84.4635
236.829	179.762
340.513	225.912
304.278	234.633
294.162	213.223
281.95	204.178
298.952	213.391
175.411	119.263
262.998	198.961
276.899	192.616
259.218	173.195
292.937	193.818
277.789	216.481
236.62	155.912
222.212	171.061
296.225	225.731
267.546	203.77
281.505	195.468
146.39	110.299
276.686	194.896
301.456	205.6
224.165	156.842
218.374	169.506
244.322	183.913
268.207	174.45
219.322	145.413
94.5886	68.2144
222.598	163.342
652.273	452.959
456.064	338.037
388.672	289.34
332.274	246.689
412.488	273.204
409.436	257.393
364.73	253.696
662.488	415.397
547.403	363.435
468.475	333.216
358.765	274.783
420.597	325.666
538.745	349.948
315.422	197.747
437.335	302.183
665.44	445.06
548.33	382.228
576.886	394.282
562.14	409.148
545.913	346.016
376.694	285.064
433.853	298.994
457.969	297.429
351.594	247.264
503.181	327.182
471.553	345.028
658.532	424.914
666.739	425.55
596.086	401.917
362.327	231.516
475.747	329.523
391.587	246.54
523.965	332.084
464.269	318.129
464.597	365.803
662.618	426.174
470.489	332.511
464.716	303.242
421.331	289.575
660.328	447.839
457.583	313.881
469.556	300.403
326.722	211.736
523.038	379.194
612.538	402.8
676.211	455.262
438.075	312.014
407.667	238.159
424.946	319.847
418.564	307.783
490.8	360.298
437.567	313.251
634.096	471.135
351.071	238.694
448.67	300.214
402.534	294.342
482.97	379.702
430.951	285.892
381.897	286.625
463.39	264.633
604.428	430.12
490.49	305.536
365.262	274.218
567.007	413.048
407.206	299.886
603.134	411.543
637.614	403.72
596.529	391.329
329.528	223.378
584.319	387.735
592.922	378.334
558.514	376.889
525.349	382.046
543.462	376.847
589.258	371.272
333.864	240.342
434.478	287.267
624.224	382.959
668.154	435.023
662.722	435.28
434.415	302.691
406.978	263.056
375.988	272.418
649.85	417.621
478.637	332.402
624.436	425.915
413.064	248.763
437.931	333.857
645.932	383.517
626.763	427.189
382.047	281.578
575.156	378.172
669.439	473.549
543.02	375.928
544.297	385.025
478.598	315.79
669.774	443.273
605.309	426.107
611.288	427.549
490.883	319.327
385.369	245.93
420.77	293.659
667.189	408.173
633.87	424.229
470.492	363.372
560.716	369.274
465.938	307.673
402.815	281.126
604.471	414.084
617.096	435.295
604.033	451.612
632.395	394.57
635.031	436.405
398.653	281.554
582.046	408.339
687.972	459.637
637.966	441.022
606.28	361.101
415.566	274.659
591.159	442.995
513.188	357.335
479.578	303.641
428.5	288.012
578.869	389.308
366.374	239.724
257.27	181.608
425.207	250.922
615.255	438.768
519.663	337.528
640.416	442.336
233.996	166.99
487.754	358.675
641.703	474.243
453.558	302.479
442.895	299.189
433.01	295.097
469.664	318.155
580.114	387.1
477.694	311.558
623.614	362.418
598.297	447.858
645.609	427.04
384.092	242.612
580.926	388.991
607.426	426.219
678.426	432.808
612.616	348.138
411.559	301.861
420.305	277.669
671.412	437.337
635.932	468.402
630.738	416.673
594.717	407.893
667.296	440.571
478.325	356.034
391.058	276.665
631.894	422.646
701.918	451.901
636.662	432.865
637.566	422.473
629.188	418.321
453.658	312.106
574.994	373.383
662.476	429.385
610.286	374.923
519.907	328.264
437.486	323.911
672.878	418.878
625.728	401.727
349.667	238.991
473.615	328.534
469.877	317.409
373.251	289.087
396.99	309.126
410.572	325.225
628.849	448.421
360.58	247.547
450.863	319.952
398.278	294.825
408.704	270.439
494.397	360.195
551.262	407.015
664.111	426.954
493.099	358.982
456.514	283.376
644.256	413.895
411.193	280.103
538.583	378.867
515.406	390.276
374.899	265.955
644.225	436.698
483.005	346.495
556.236	409.94
632.893	383.161
648.81	405.599
369.519	267.419
531.3	348.969
549.417	361.473
362.549	253.715
655.747	439.716
280.573	210.109
304.703	219.999
266.192	185.196
280.776	208.68
311.65	216.236
76.9415	55.285
255.153	179.819
251.835	173.081
267.516	194.74
343.207	241.98
334.184	217.893
285.993	196.457
231.877	175.744
173.055	110.846
341.375	226.632
282.469	190.35
297.189	211.666
262.819	183.788
82.0244	64.2344
271.915	197.639
244.094	182.71
324.301	230.175
279.92	211.169
256.451	201.654
293.181	217.372
271.101	162.106
305.033	210.201
204.343	157.921
151.172	105.12
213.061	133.537
267.066	193.63
258.325	197.487
279.453	196.989
273.115	192.303
211.059	147.1
251.247	180.614
274.527	169.674
363.985	253.796
314.651	220.728
252.816	195.981
310.403	234.433
335.637	246.179
314.533	223.69
275.895	194.492
237.88	170.661
260.645	174.285
324.185	211.652
324.483	220.45
319.536	226.26
253.726	165.035
357.062	241.51
289.931	182.203
268.138	204.832
227.833	158.044
290.453	188.103
284.396	190.76
261.019	162.688
284.751	193.997
280.12	216.002
321.398	208.013
262.404	184.686
203.792	151.41
224.263	177.885
296.164	215.758
210.632	150.022
252.785	180.614
304.385	207.069
283.678	205.78
331.965	236.911
325.827	238.374
299.671	215.814
171.581	116.475
227.02	166.107
274.39	175.86
263.93	190.837
240.45	182.387
299.561	193.942
270.607	178.414
283.163	215.668
229.489	156.537
318.366	242.527
271.336	199.204
265.321	172.462
331.583	254.86
303.266	193.761
311.912	204.562
331.672	219.419
307.018	239.657
307.654	219.105
246.723	179.021
297.81	222.251
282.443	215.92
271.457	196.99
242.337	160.185
313.89	237.94
355.756	218.163
319.728	237.52
257.196	161.825
255.543	201.623
233.912	152.884
237.794	164.189
316.822	231.224
282.576	200.913
215.421	166.592
328.919	235.1
304.861	199.73
210.321	149.752
351.026	242.266
285.72	180.938
270.074	176.788
368.981	267.885
312.807	222.712
200.599	138.622
245.648	185.391
229.924	146.202
254.085	177.859
224.842	151.509
224.991	159.727
304.462	218.001
211.785	138.516
274.7	194.273
196.863	124.054
270.935	184.085
308.824	222.886
258.273	202.515
285.244	209.246
244.941	174.725
321.826	235.093
234.834	164.914
309.659	235.535
259.846	184.461
254.759	180.457
307.669	212.429
292.653	211.181
250.23	180.32
329.524	220.198
207.62	150.909
108.347	75.0619
315.224	198.072
280.071	203.91
223.258	156.754
315.891	207.842
234.649	153.341
213.712	150.241
283.625	195.938
224.37	152.328
231.659	169.706
306.354	203.591
259.773	162.038
268.706	192.152
258.536	180.39
262.981	186.793
275.906	191.85
329.66	248.919
309.755	207.334
269.245	173.907
278.767	207.627
314.331	224.765
264.707	197.152
245.937	181.098
166.544	111.057
344.061	231.793
267.443	195.257
247.58	158.332
309.002	215.859
321.804	214.384
302.817	228.971
93.1933	70.4018
241.986	160.393
238.558	176.192
256.008	189.175
375.159	287.326
289.607	202.925
250.212	171.875
294.724	222.33
242.085	167.732
336.36	251.021
298.097	212.378
147.516	93.3503
326.365	222.194
274.623	191.854
283.664	205.93
276.716	190.959
238.889	180.344
309.977	235.98
232.416	158.237
262.16	188.736
292.945	191.842
232.304	173.606
301.644	215.167
254.043	167.677
320.718	232.858
302.633	213.798
301.164	210.165
268.98	175.845
302.79	229.379
353.72	271.29
310.376	204.553
294.32	215.69
296.38	196.174
415.435	309.105
444.629	283.18
520.47	375.302
427.645	269.524
498.533	366.222
455.414	322.194
592.444	425.224
576.532	400.485
615.821	442.627
470.005	328.108
667.817	473.781
463.132	331.269
612.359	435.71
620.874	446.841
646.036	455.386
633.142	457.768
627.81	495.572
471.336	314.273
636.678	442.876
466.386	323.737
492.41	316.5
404.754	274.248
516.558	345.738
344.968	271.503
613.761	487.282
605.719	369.234
372.359	279.625
404.699	285.672
639.594	417.13
665.274	460.716
683.265	491.168
416.673	297.961
651.973	484.76
623.49	473.713
483.292	333.242
365.762	220.341
473.77	333.048
663.114	432.785
585.622	433.904
659.61	460.997
364.074	264.318
431.197	303.172
397.57	300.993
547.295	386.25
666.477	447.07
674.156	498.87
644.742	455.985
620.31	394.816
611.694	419.538
546.655	379.328
289.456	218.726
444.834	289.706
513.051	357.202
491.818	395.962
680.06	487.699
489.567	325.629
402.474	285.029
403.52	288.152
426.365	288.423
595.001	433.355
539.643	373.578
321.798	230.271
624.01	464.004
427.62	302.12
376.551	240.964
416.444	300.842
537.216	371.489
621.619	443.48
595.512	472.361
506.408	379.575
687.884	452.143
591.059	454.629
550.713	407.09
581.132	448.665
653.421	476.341
489.454	332.795
406.196	275.367
657.142	488.91
633.99	454.109
322.314	215.335
591.419	409.543
556.555	353.083
490.969	363.564
576.76	417.302
551.157	401.183
558.091	425.235
578.513	406.844
370.734	281.807
689.314	478.498
455.077	309.202
629.598	472.121
505.266	338.773
675.98	473.047
454.987	329.872
485.045	357.325
412.204	311.047
430.365	277.989
436.866	271.023
589.025	405.772
669.374	484.154
621.176	409.802
672.729	463.685
635.888	403.295
241.336	165.53
636.538	478.892
611.549	492.172
645.573	431.661
487.868	368.647
704.479	476.775
616.888	426.652
406.502	317.721
311.604	230.945
438.226	317.439
632.402	443.409
612.098	422.4
402.088	304.517
655.954	471.65
569.599	420.043
525.624	380.732
483.686	339.494
637.28	425.329
415.31	290.753
477.841	369.358
492.244	318.235
478.639	345.207
376.769	268.133
405.572	288.866
452.548	344.716
591.544	476.552
616.835	391.248
607.551	464.814
643.638	455.466
608.188	409.751
402.846	272.6
649.799	467.527
370.937	265.9
399.281	306.214
440.659	331.208
411.491	258.948
642.735	450.263
612.73	409.695
619.841	426.617
632.321	433.987
668.437	465.372
390.776	283.676
457.681	310.951
521.849	354.783
517.771	406.534
404.059	277.88
554.995	402.013
498.148	363.788
572.495	379.834
592.734	429.078
651.163	430.059
419.844	305.684
550.438	376.189
580.768	412.468
610.408	448.572
361.199	230.714
467.69	323.78
685.674	475.726
407.72	288.339
600.386	422.571
638.698	450.328
434.879	315.253
666.123	518.2
644.988	449.173
416.174	304.25
627.809	442.977
436.34	307.28
566.859	397.469
508.417	333.566
460.352	292.632
656.027	459.766
441.975	313.317
589.614	423.076
642.581	374.358
433.763	296.01
646.559	429.336
422.19	305.762
629.535	456.769
561.618	438.664
578.191	441.479
641.099	422.715
592.936	440.132
508.302	374.889
644.982	445.936
355.077	229.938
632.672	404.338
648.259	474.275
466.187	343.194
575.05	405.664
604.635	411.301
643.518	459.228
557.988	347.318
439.48	302.264
360.655	259.735
616.433	437.28
425.477	246.4
629.408	447.626
305.81	229.973
196.484	130.239
201.955	139.925
249.794	186.827
281.432	190.782
300.095	197.556
299.493	219.952
299.613	229.652
284.188	193.913
259.255	186.187
288.319	221.401
260.576	177.158
306.06	231.873
171.951	111.451
253.829	168.394
310.645	230.308
372.25	251.245
286.983	171.742
238.483	158.103
233.908	164.55
272.769	193.796
281.112	223.096
324.06	234.862
291.635	220.567
116.439	81.3626
251.813	183.49
288.642	210.849
321.943	203.005
190.105	148.449
222.475	146.847
268.278	194.555
271.54	202.654
271.737	185.543
258.374	153.255
324.615	191.831
266.856	199.405
264.977	192.959
215.87	148.959
233.801	150.15
304.967	210.054
193.523	135.538
227.851	172.85
234.438	171.922
318.912	247.583
321.291	241.124
237.339	158.396
293.247	197.827
229.726	177.918
268.554	192.487
375.964	273.802
292.223	211.157
132.846	98.9874
284.192	195.978
334.141	238.386
275.679	200.236
312.308	227.911
284.809	211.031
310.858	219.636
279.29	182.994
245.341	166.308
237.931	174.975
238.476	164.5
337.674	218.71
282.542	218.37
287.699	204.21
272.511	189.088
325.384	235.972
224.998	163.389
277.004	189.272
183.238	122.996
259.681	194.693
274.52	211.609
262.951	186.733
243.816	163.693
314.207	206.07
227.682	162.255
275.151	185.618
307.355	209.505
261.069	185.216
264.639	190.984
254.37	178.153
295.632	212.054
279.038	187.33
269.501	197.247
224.546	154.043
285.461	188.625
286.044	191.783
256.148	189.314
268.03	183.538
264.528	178.172
279.727	200.405
224.813	149.413
266.786	192.253
234.838	174.03
275.547	188.207
310.33	246.653
322.616	228.91
273.779	199.297
236.322	168.956
138.014	94.6121
241.934	178.162
233.169	152.476
268.922	165.549
263.742	210.31
218.119	149.657
234.335	169.215
247.026	156.787
254.462	176.645
300.604	217.631
218.124	150.24
245.4	172.743
186.142	126.074
222.729	161.615
269.024	184.301
238.77	180.81
226.713	163.084
262.989	185.078
287.066	229.556
271.858	180.033
293.782	226.159
119.649	75.2284
319.515	199.338
208.492	165.367
298.345	206.457
216.488	147.399
218.605	145.677
245.648	160.037
252.794	198.425
222.18	157.663
196.464	140.079
314.563	234.216
221.637	153.009
293.721	228.842
264.138	195.056
335.723	218.572
275.558	192.194
337.409	220.104
220.07	146.26
266.625	174.05
303.234	209.441
289.05	234.202
256.47	186.648
215.815	173.475
286.238	204.837
279.986	179.473
282.262	209.462
206.451	147.015
322.408	225.013
287.473	197.783
195.249	141.511
304.099	215.485
330.711	233.494
290.924	205.907
316.815	227.591
264.471	203.733
287.651	189.266
292.624	206.318
260.521	193.888
315.341	227.336
337.488	214.581
148.728	103.726
318.168	226.019
311.035	237.628
238.567	164.729
262.749	176.024
253.73	190.052
326.899	238.101
304.278	221.805
237.234	173.408
263.462	191.179
265.757	183.359
287.661	202.084
262.328	172.728
248.183	185.36
171.19	118.477
286.281	219.949
227.288	162.358
310.19	229.462
287.486	201.059
195.2	136.254
272.397	192.987
228.642	152.107
128.402	88.9677
197.59	134.896
313.565	213.167
332.346	213.251
271.719	221.463
270.451	173.098
262.863	179.201
280.724	213.692
250.932	185.234
284.719	200.81
234.096	164.854
219.42	145.042
301.518	212.633
295.934	217.998
277.312	215.663
237.377	155.129
206.746	144.615
289.976	189.567
320.475	226.926
624.283	442.619
634.116	447.584
417.688	291.677
392.186	307.803
346.133	252.57
620.037	397.176
661.459	470.649
361.166	272.716
538.733	389.111
535.73	391.94
473.346	354.55
663.258	447.948
677.366	467.708
489.01	362.056
666.95	459.15
427.344	283.897
647.438	475.666
571.892	363.326
297.353	200.34
639.538	507.799
360.389	258.491
495.797	356.95
641.905	473.344
643.15	468.874
626.541	415.693
408.328	275.719
570.706	397.26
692.78	465.81
534.547	399.292
585.381	389.693
428.274	301.584
485.068	374.031
648.878	446.718
561.468	413.968
584.436	366.603
479.949	320.057
561.622	398.377
615.744	423.479
586.025	421.415
598.728	437.644
466.211	316.135
415.194	307.539
373.856	262.155
390.082	277.25
595.35	347.371
431.905	325.462
408.574	271.71
518.587	361.677
615.486	426.13
577.695	413.315
394.349	276.63
404.241	310.62
373.841	262.363
406.323	261.891
521.462	394.589
625.849	436.563
622.007	379.65
624.211	461.976
653.435	507.571
403.293	307.191
664.909	497.732
614.366	419.779
382.097	276.432
567.706	400.004
658.472	502.986
601.046	424.535
612.987	415.298
436.626	308.042
515.372	396.486
379.779	279.788
648.838	505.016
622.664	453.897
471.816	320.656
519.374	377.679
599.427	410.008
413.449	282.819
379.426	261.663
467.345	359.998
611.923	404.229
464.289	339.233
570.223	408.213
652.985	450.722
407.224	321.994
504.477	351.122
669.019	401.162
630.943	437.085
424.112	303.948
370.362	270.009
615.574	429.936
516.636	358.918
504.971	333.493
406.458	297.531
650.291	478.088
447.342	321.323
638.875	394.955
586.766	430.778
430.242	298.553
589.092	418.847
684.987	474.65
305.364	197.602
546.712	337.2
595.108	407.818
390.368	323.661
375.554	238.848
583.234	389.484
626.877	420.367
460.976	305.226
325.764	204.945
571.563	359.277
586.504	416.947
610.745	418.025
573.73	423.986
562.606	383.267
628.228	428.685
394.534	257.246
542.217	412.371
413.482	305.228
443.446	289.503
510.029	356.303
418.764	314.311
506.035	361.526
535.33	456.343
412.786	262.791
582.566	430.74
321.005	223.7
604.072	390.652
639.598	423.528
378.448	274.628
556.439	372.156
458.515	353.653
643.424	431.158
666.699	525.514
645.604	379.576
675.232	480.138
426.312	332.642
692.519	508.747
657.995	410.93
592.117	444.415
423.729	255.194
490.151	306.202
434.66	313.547
393.487	284.924
287.759	213.232
626.895	417.236
617.021	402.741
693.789	503.706
632.491	485.854
476.793	344.752
661.141	454.96
536.653	386.162
600.596	434.56
398.449	264.413
310.042	211.718
260.192	173.127
620.372	429.614
529.3	372.868
644.242	453.18
627.646	482.535
398.733	265.649
649.677	439.579
426.018	267.637
319.009	235.398
647.162	465.347
532.819	400.432
637.073	530.128
274.408	192.412
380.246	306.301
381.386	271.408
387.242	294.487
396.342	275.994
623.863	475.241
540.968	359.128
606.31	433.38
396.211	262.905
479.268	364.334
444.397	322.779
484.853	360.921
601.809	424.333
439.069	299.928
597.543	435.205
707.349	508.541
426.063	292.479
649.48	463.003
624.163	391.174
410.836	306.417
536.992	419.9
425.222	324.92
650.533	430.851
610.555	475.765
652.205	482.217
645.37	467.838
509.192	391.021
517.389	420.517
489.997	341.699
644.432	418.841
609.812	430.748
618.893	444.367
662.679	505.197
608.643	453.761
263.444	192.422
180.577	140.69
349.986	238.453
307.704	208.001
302.187	197.658
214.077	157.343
268.05	179.953
277.049	183.531
231.21	176.452
261.8	180.342
185.704	132.388
276.152	178.628
318.522	219.533
285.177	198.89
299.81	223.556
258.668	181.433
198.92	158.595
227.141	167.782
94.0585	69.0406
300.859	219.685
392.019	275.946
322.21	186.714
270.313	169.219
167.171	127.783
293.527	210.18
202.032	154.609
287.792	214.622
178.877	123.564
326.244	244.246
274.947	215.543
312.744	196.721
303.48	206.58
263.289	180.983
228.245	149.583
226.539	179.502
289.619	206.254
233.6	163.452
237.236	183.982
270.908	190.343
196.802	134.898
325.407	218.858
254.464	166.686
215.799	163.389
324.518	206.084
170.009	123.809
257.558	172.885
303.653	232.518
362.454	233.633
178.149	134.325
299.935	195.975
298.347	205.65
291.693	207.316
283.535	182.202
265.733	186.883
255.529	185.54
298.788	204.811
279.353	213.935
351.973	257.849
237.483	167.998
205.993	133.785
219.449	140.374
245.75	189.454
293.551	202.629
247.675	192.057
268.755	185.828
303.572	235.271
270.152	212.359
270.78	188.761
268.149	183.747
222.342	166.881
272.175	194.133
292.489	202.162
233.613	163.581
192.93	134.178
294.369	204.079
319.429	245.534
305.894	224.353
271.976	201.513
288.879	183.953
355.951	263.383
281.72	199.211
275.962	195.074
235.512	175.25
237.964	181.95
244.367	165.928
235.657	158.661
196.675	131.16
288.13	198.943
252.375	178.012
205.808	156.622
296.39	207.167
249.654	157.404
283.738	217.938
275.345	202.185
332.973	222.84
240.09	166.214
263.729	199.914
268.667	185.191
252.379	178.548
126.665	96.5889
230.302	166.019
354.486	260.613
298.726	204.805
280.909	188.943
239.55	154.922
266.128	192.167
291.566	197.096
219.262	163.881
201.259	131.685
245.919	193.546
208.439	139.512
186.823	133.648
196.832	136.961
241.394	146.435
295.139	199.063
194.82	124.883
180.712	141.094
238.728	166.731
331.15	227.643
289.936	205.433
290.701	218.006
267.318	201.01
279.834	205.609
264.847	205.303
252.145	178.642
296.848	183.324
305.082	230.106
230.033	159.034
272.681	198.418
299.259	217.376
268.237	204.356
231.771	181.616
251.807	174.575
276.056	208.824
220.995	160.928
234.109	154.739
252.422	172.852
320.576	230.649
301.584	198.057
285.345	188.773
204.225	147.907
253.03	174.019
317.12	240.936
267.481	200.983
299.656	229.701
250.256	189.156
249.622	175.39
285.797	170.328
240.998	161.906
252.325	186.813
271.632	201.654
222.167	160.211
284.703	196.74
277.8	194.56
270.389	209.229
254.472	184.652
304.094	229.333
250.509	185.942
210.081	147.993
257.42	199.656
320.073	225.565
191.752	133.632
282.986	181.287
191.865	143.504
316.65	230.339
274.29	175.77
244.055	174.394
265.953	191.767
231.056	173.751
300.46	228.173
288.796	221.983
247.695	182.138
280.988	221.182
208.655	155.222
236.818	166.027
277.762	201.158
317.262	225.52
176.528	135.298
299.318	211.383
279.22	184.424
318.528	211.106
303.946	222.675
247.514	158.431
270.618	186.362
192.203	138.519
259.071	161.423
310.437	220.604
264.259	193.277
268.749	183.906
287.587	215.242
207.846	142.178
284.812	184.96
83.7198	59.511
266.518	190.98
287.894	201.157
337.51	219.364
274.348	205.856
261.492	177.62
266.548	179.923
240.308	169.913
469.733	371.322
422.308	266.955
558.634	401.972
685.563	472.781
614.063	452.848
382.777	237.68
428.909	327.637
478.641	329.349
385.572	252.896
632.924	466.153
383.416	269.496
645.638	406.009
489.753	356.377
683.229	466.154
397.662	262.711
624.551	490.988
361.972	246.639
659.595	453.625
648.442	463.465
476.046	303.141
585.947	439.615
605.345	409.984
507.489	379.057
614.353	418.591
537.501	418.782
641.6	451.433
453.581	350.658
671.101	464.662
472.496	321.482
634.386	457.954
605.286	436.9
668.153	468.197
648.279	439.841
376.191	237.364
636.629	488.493
613.157	421.947
634.793	440.01
447.162	294.833
667.003	487.585
472.979	367.185
362.11	252.472
613.906	436.409
527.233	405.183
599.332	420.07
392.099	291.858
639.665	472.115
447.439	301.065
692.158	492.991
558.235	416.363
652.448	448.78
558.038	414.541
480.368	347.402
604.658	394.471
496.15	348.255
674.64	438.322
565.053	400.587
451.383	284.949
442.957	310.534
517.085	357.653
355.699	248.832
419.4	296.488
573.315	407.178
558.367	390.893
421.611	294.862
562.617	375.024
337.651	232.052
615.133	430.448
461.576	304.853
657.574	468.904
632.607	447.444
611.292	423.237
647.107	426.78
650.399	462.096
463.374	339.077
410.955	299.492
455.73	320.438
539.911	389.859
477.072	268.959
653.108	496.864
397.563	276.046
648.147	463.264
672.948	486.672
524.876	399.927
419.719	296.728
487.972	349.702
629.991	455.921
429.58	308.779
654.764	499.769
659.921	460.431
645.963	421.84
476.477	342.19
432.153	264.297
484.431	367.925
690.965	460.95
532.442	363.851
526.898	379.628
396.028	293.314
513.846	336.846
507.508	356.579
623.562	388.725
365.115	253.422
632.898	424.825
663.21	484.61
609.34	430.813
408.917	274.145
414.787	282.667
677.532	450.507
571.778	396.878
632.315	452.431
531.534	411.262
393.463	288.367
553.121	405.492
628.892	435.469
578.114	405.911
669.043	453.153
523.486	376.173
682.49	468.312
608.874	412.443
466.486	319.284
413.261	263.514
617.593	451.952
403.401	286.649
463.284	340.865
379.455	276.253
652.92	478.838
618.362	451.373
454.204	343.457
641.69	467.582
570.168	421.035
544.667	378.609
504.896	338.515
233.904	167.081
401.253	276.753
652.57	468.869
431.582	324.973
675.549	464.775
633.156	434.864
640.025	450.73
606.553	425.701
549.596	396.957
677.189	490.614
576.647	416.221
613.46	432.481
476.03	333.204
542.644	424.768
345.67	257.478
589.749	431.88
534.545	312.826
650.833	452.715
677.038	483.852
536.184	386.867
397.842	271.528
458.169	339.782
447.019	291.936
663.455	481.899
486.91	345.953
380.542	293.668
656.884	474.328
660.582	469.801
608.109	386.436
628.139	435.778
528.444	401.005
411.046	289.304
554.458	352.252
536.223	390.222
616.266	394.26
625.596	408.81
670.263	468.458
327.992	217.931
636.815	472.178
446.34	322.122
449.668	346.67
326.749	238.748
562.367	411.075
407.334	311.068
646.309	499.518
384.906	288.403
624.334	459.761
413.569	283.149
405.234	261.57
539.073	382.848
624.834	420.773
527.356	320.062
699.747	491.341
685.366	491.224
494.949	359.026
416.703	263.042
594.136	446.262
638.609	441.732
613.415	431.213
645.011	432.844
636.06	446.759
667.127	444.55
451.641	316.381
453.538	338.605
471.607	344.655
655.711	425.5
373.73	247.175
624.356	420.836
406.808	305.876
344.693	231.389
299.69	231.294
262.844	177.645
346.328	241.351
240.828	171.363
234.966	180.069
253.911	190.823
260.879	184.213
286.218	205.352
257.585	184.909
299.05	208.88
269.668	191.496
298.257	204.935
280.339	194.715
226.252	144.26
285.261	194.28
326.784	230.182
194.982	137.165
283.625	195.777
318.704	232.422
286.217	215.43
289.399	220.467
235.245	161.17
238.191	180.516
200.3	140.485
218.673	166.999
164.113	112.95
341.489	262.969
242.592	141.803
177.786	128.634
308.765	228.392
251.052	178.69
229.883	166.108
295.921	221.416
276.76	201.32
308.508	222.979
325.699	273.903
294.464	233.953
264.312	185.924
235.567	166.965
170.264	128.88
380.314	242.763
267.578	183.408
305.223	208.555
240.298	173.595
221.567	171.704
192.187	136.002
260.096	191.152
261.992	190.118
329.842	224.35
218.254	173.637
201.723	141.264
292.858	216.324
254.228	180.927
286.128	230.41
263.082	167.247
319.202	244.147
267.339	196.16
194.07	144.265
156.253	109.936
217.472	150.69
291.309	208.834
223.488	160.801
291.249	213.719
299.085	199.611
248.006	182.109
181.915	119.439
233.577	181.113
323.625	218.951
271.868	200.156
139.417	110.97
307.218	226.773
307.732	220.187
295.77	205.253
294.367	227.351
295.127	191.377
274.494	199.706
221.52	169.696
267.567	190.532
270.939	202.212
295.883	215.152
283.593	206.083
302.118	199.881
264.639	205.844
223.888	155.562
269.652	197.006
264.414	164.372
243.502	179.596
263.336	156.48
266.955	172.03
312.167	205.178
236.224	167.807
256.722	168.239
263.757	172.677
285.93	171.483
344.564	217.996
278.568	186.403
290.207	204.272
315.888	240.445
218.831	149.338
289.515	223.97
263.685	200.054
231.782	167.321
308.576	198.161
237.903	140.298
210.518	148.796
327.727	238.893
282.744	193.384
304.623	203.469
235.287	168.663
232.691	169.465
304.911	211.34
230.395	170.064
247.607	163.001
290.888	199.902
308.083	230.375
276.801	203.562
202.129	147.52
278.9	168.869
318.791	218.221
222.612	149.68
256.761	170.932
212.836	151.566
231.422	168.556
276.566	184.248
175.494	132.757
279.016	203.625
239.199	188.283
260.121	196.094
299.675	200.976
274.412	205.7
256.599	156.172
310.287	214.172
321.033	218.791
286.613	208.35
283.915	214.254
238.617	138.037
212.584	165.333
297.276	189.643
207.357	141.855
255.033	174.538
223.094	157.851
287.465	213.096
280.462	210.029
186.467	125.961
251.239	178.641
202.294	129.663
331.181	229.301
231.383	155.329
311.923	234.466
242.957	191.368
273.836	189.35
270.47	210.486
279.841	206.538
296.528	179.654
233.315	171.206
297.321	197.655
325.853	227.02
270.764	180.399
266.908	170.272
231.327	155.588
229.36	163.551
314.547	218.88
278.858	205.293
319.199	235.719
289.828	213.437
300.12	230.247
250.03	173.334
283.672	218.13
288.849	207.826
184.548	126.515
208.036	141.458
322.473	205.472
213.134	151.933
357.508	250.139
287.8	197.372
326.288	252.88
278.553	199.668
377.449	248.77
246.761	171.864
235.497	157.847
288.571	195.941
279.115	200.623
209.516	148.858
255.609	146.213
331.791	235.051
249.918	169.737
239.748	153.885
265.477	191.005
252.406	188.143
250.982	185.776
219.358	158.889
219.575	155.764
307.776	235.88
233.461	163.187
297.696	228.543
312.879	237.049
327.225	207.506
266.483	166.561
261.992	191.156
518.708	356.956
528.219	365.599
347.8	225.095
347.295	254.316
444.767	313.83
401.789	293.285
676.332	440.521
394.785	297.15
355.611	266.679
442.534	334.724
640.591	420.821
420.647	305.707
658.659	444.117
586.997	386.982
454.799	304.781
690.522	502.644
439.294	298.704
594.746	429.959
601.106	398.184
459.982	351.896
608.933	406.771
500.923	346.52
339.679	232.096
494.172	289.345
428.509	292.717
628.439	425.537
473.864	298.053
427.634	311.291
612.014	441.469
532.02	412.217
436.352	305.37
610.604	426.228
433.475	296.281
649.07	449.765
609.263	411.294
572.743	411.823
574.216	404.609
525.199	386.182
672.641	465.474
670.158	439.094
399.985	294.517
641.941	453.451
652.907	410.233
593.596	435.902
355.339	271.006
543.142	384.394
552.815	399.686
629.404	423.862
654.961	469.148
326.992	191.239
614.869	437.087
546.238	407.783
524.936	387.295
630.719	450.51
589.822	406.526
503.531	364.518
474.76	302.406
629.208	436.355
623.803	481.126
588.78	405.491
627.815	459.658
480.045	351.555
258.122	190.348
401.991	300.339
430.985	310.152
578.847	393.566
604.418	409.996
574.863	420.938
479.451	346.79
555.462	390.747
419.47	287.751
461.764	341.813
565.916	354.423
649.017	413.213
387.571	278.883
356.232	241.514
420.632	276.93
582.297	385.577
470.565	336.13
460.722	340.777
598.925	429.968
592.177	397.265
469.411	354.94
371.804	225.637
648.892	384.043
654.654	460.361
403.622	274.077
545.232	413.363
363.824	253.619
399.378	256.426
600.276	443.988
593.271	364.662
618.942	448.661
596.382	394.079
374.897	237.546
611.799	434.726
566.606	374.705
670.884	440.1
454.01	329.267
561.765	418.095
416.356	288.98
612.676	467.645
614.321	439.446
680.406	491.216
312.987	199.592
427.75	311.717
443.903	281.357
412.138	286.729
662.905	474.851
341.734	259.884
586.623	439.226
679.591	510.998
436.345	317.635
663.516	465.337
611.653	389.714
633.483	395.557
606.974	456.965
507.165	373.265
579.562	421.795
636.598	440.312
455.213	308.761
580.407	396.267
475.706	338.23
646.842	460.557
576.632	388.092
353.48	224.704
408.91	287.238
542.153	343.535
644.125	496.121
469.394	312.359
613.577	438.359
637.806	433.325
570.837	399.69
556.074	436.968
360.008	245.77
328.906	245.976
713.605	504.792
479.209	335.473
580.713	432.322
625.598	437.405
583.105	415.785
639.955	448.379
594.834	415.607
521.816	356.61
540.66	390.908
452.315	322.45
632.515	434.197
656.007	480.05
673.798	483.26
501.904	360.32
682.518	415.202
505.238	376.144
660.814	446.493
625	471.627
353.218	233.916
661.539	453.936
427.164	314.698
511.013	348.317
547.112	386.287
644.351	460.626
402.563	266.761
456.934	302.818
623.836	399.815
645.903	412.477
597.343	433.139
608.483	410.693
379.662	275.555
613.958	403.445
442.621	268.148
289.126	190.704
574.582	451.954
613.763	415.1
622.203	435.704
453.174	312.927
477.283	344.711
678.774	430.918
605.332	417.249
439.269	288.323
473.302	331.742
616.781	429.013
490.21	333.786
532.018	355.625
596.498	421.279
363.787	266.816
391.064	306.829
619.432	436.299
505.91	359.511
636.87	437.797
463.66	322.492
383.819	287.555
341.158	240.726
611.169	442.094
631.409	450.574
571.851	431.4
570.082	424.638
424.692	317.974
653.771	472.786
415.07	280.862
611.684	440.36
292.402	221.419
313.027	209.907
234.088	167.822
228.066	166.368
243.13	187.761
214.516	156.786
290.998	215.366
259.983	195.085
217.575	155.612
213.11	149.264
224.013	146.585
83.6182	57.154
284.603	184.627
140.132	96.7392
251.839	181.555
279.855	187.861
274.554	187.792
262.678	198.857
279.743	196.324
199.942	152.898
282.629	197.499
278.717	209.648
306.571	208.958
104.231	81.6024
254.092	188.411
309.593	211.064
276.391	184.718
175.254	124.323
301.272	211.983
232.68	171.762
309.432	244.455
223.294	146.067
281.853	195.564
188.045	145.909
201.46	138.787
228.742	156.985
107.55	85.1602
233.049	170.382
351.457	228.574
235.813	168.892
223.121	155.967
321.607	226.706
222.598	145.542
277.097	197.928
205.39	156.044
300.45	191.676
220.835	166.412
217.058	150.255
313.161	229.184
289.582	219.303
236.406	164.045
302.673	203.11
214.744	146.724
305.239	207.145
233.285	165.321
283.207	194.049
253.965	186.457
222.686	143.225
237.217	164.812
186.807	126.362
345.378	246.962
274.073	199.199
339.796	209.137
257.498	180.053
167.236	115.546
332.716	207.728
233.566	170.219
258.54	189.939
221.414	150.778
285.99	213.307
316.195	213.829
246.814	194.859
238.128	200.457
216.901	149.07
248.729	172.084
306.606	223.548
281.658	205.914
262.456	192.307
253.265	184.004
354.531	241.379
324.159	246.226
310.656	217.751
266.561	183.168
292.394	191.656
295.489	223.689
279.301	207.305
314.024	219.872
266.85	205.828
280.883	217.973
293.225	225.95
234.293	174.611
245.677	174.474
290.501	200.479
283.595	210.927
290.276	189.562
246.018	164.199
260.188	183.74
318.251	202.949
288.614	208.433
236.709	171.399
246.783	189.172
308.422	219.528
336.149	251.451
283.125	177.678
257.484	171.915
243.598	174.7
229.34	169.653
335.075	242.47
153.672	117.122
277.101	208.577
247.883	173.485
279.394	183.973
343.629	211.24
272.435	192.191
244.354	164.622
281.574	211.416
310.38	213.809
310.413	196.802
273.553	163.178
276.552	201.174
217.421	151.02
249.71	183.974
267.636	187.579
287.404	193.575
219.486	144.109
234.487	183.172
244.041	167.49
329.044	248.313
297.283	209.814
307.335	231.98
268.933	190.511
223.741	168.252
316.133	229.377
228.764	178.799
239.236	175.056
312.714	217.733
299.028	219.863
245.247	199.198
300.98	210.314
208.423	140.126
285.444	192.619
276.978	180.404
308.79	213.996
290.864	195.358
307.73	230.958
301.342	228.715
202.958	153.357
161.227	113.641
176.712	124.008
263.93	201.778
336.091	246.399
203.133	148.985
281.792	197.078
287.534	191.695
247.534	179.696
226.038	126.192
176.474	120.98
251.418	179.203
259.484	192.73
282.361	196.022
325.02	229.424
193.752	145.637
228.342	161.637
333.26	228.908
228.731	165.23
295.498	236.618
274.171	200.017
226.978	163.543
276.765	187.406
242.297	161.394
295.244	211.545
217.787	161.272
167.687	125.051
230.43	169.017
108.49	74.8723
290.52	205.257
229.358	164.443
264.552	180.52
266.717	198.966
225.047	166.827
134.075	90.4335
281.503	195.571
225.648	148.838
133.933	90.6709
228.618	147.362
220.082	162.632
300.103	199.742
268.304	177.515
286.114	208.147
237.729	177.337
245.047	156.317
226.102	172.406
175.323	126.344
242.12	166.576
275.002	197.386
296.297	202.26
197.502	144.887
258.965	197.484
308.453	203.235
250.701	177.185
227.418	144.963
633.747	361.268
393.841	272.993
559.48	415.769
577.224	368.505
626.728	428.589
535.401	386.302
496.515	363.366
622.656	454.466
458.524	368.773
444.261	312.331
562.873	393.418
646.193	406.889
638.264	442.309
594.793	421.361
642.935	449.024
623.939	453.998
544.842	321.853
581.374	416.734
478.045	356.06
615.592	437.703
489.487	330.308
670.245	481.018
649.307	478.838
621.066	411.644
611.158	465.626
365.558	245.154
440.525	286.739
649.543	441.662
644.721	429.582
583.782	395.6
612.277	371.903
681.872	481.857
620.309	430.258
344.696	239.081
420.638	294.506
683.067	471.066
358.071	257.823
649.514	423.683
625.348	458.216
656.151	428.409
638.003	412.029
636.502	366.43
644.501	413.399
560.36	378.798
476.274	362.328
405.723	296.977
541.524	377.644
415.316	305.614
657.091	470.916
594.651	431.859
439.451	298.032
621.932	477.674
614.383	389.653
449.535	328.006
567.905	397.77
586.816	437.59
655.529	484.45
434.719	273.592
414.524	257.704
463.642	291.346
426.504	321.979
434.104	308.454
486.776	340.585
442.499	297.676
587.922	465.17
529.352	360.741
472.684	342.058
644.508	448.506
406.491	292.367
611.541	442.868
531.224	395.267
562.993	412.163
548.246	377.96
378.518	261.781
593.211	423.156
573.487	368.121
460.697	330.531
625.437	418.208
582.145	365.146
375.35	233.01
560.35	414.456
595.841	380.846
661.144	461.877
421.818	308.022
648.646	485.987
656.196	488.72
488.777	334.486
558.432	398.733
431.947	339.426
398.291	297.894
537.685	386.909
587.2	428.532
488.091	333.889
421.995	282.127
657.386	453.955
551.267	397.069
411.402	274.66
554.684	427.577
428.123	310.866
643.058	446.151
498.872	391.657
416.74	306.543
644.23	444.696
668.673	473.56
544.47	405.135
528.266	353.28
397.903	299.423
642.585	459.038
633.103	434.463
650.932	458.272
540.4	356.991
469.503	376.311
633.846	441.828
569.139	383.133
388.044	302.147
429.735	291.323
668.069	477.117
528.371	369.083
624.581	418.526
655.903	413.901
690.422	486.156
616.376	439.828
457.687	324.092
633.427	454.685
451.722	306.759
633.721	442.386
668.132	486.1
572.086	406.62
630.648	420.628
670.454	419.79
481.628	337.785
572.056	404.024
491.03	320.043
505.908	327.933
609.149	403.496
456.909	316.453
631.681	415.966
612.266	424.175
650.13	434.866
634.777	448.596
548.833	353.092
611.548	425.665
642.738	464.85
421.831	316.398
396.463	268.453
451.311	287.438
609.627	439.808
322.399	234.845
496.323	354.077
448.405	342.209
667.149	465.61
642.009	430.232
484.262	348.519
585.764	431.812
630.929	453.291
499.521	421.929
475.484	334.803
550.048	341.731
441.461	311.574
358.666	261.882
537.164	368.641
536.264	374.363
647.321	442.227
588.811	405.672
659.056	486.279
654.605	418.781
394.62	293.424
613.668	379.872
505.648	359.607
688.317	476.335
380.894	255.056
414.011	286.496
378.313	267.992
575.865	398.301
591.035	432.576
644.924	426.237
475.135	322.421
462.383	313.016
552.439	422.322
403.532	281.906
426.303	273.842
520.958	342.481
525.501	374.524
513.123	340.402
609.952	406.337
615.147	398.446
659.469	484.243
360.346	272.769
555.455	371.458
646.688	454.638
635.457	446.946
642.12	457.321
515.831	360.723
560.067	395.44
571.825	415.749
493.126	330.327
564.984	425.986
398.362	296.46
416.496	303.684
551.299	370.124
230.408	151.671
235.302	178.562
204.583	132.898
302.858	205.953
214.107	154.657
347.05	215.132
333.336	251.799
238.998	175.61
105.882	73.6296
260.294	158.271
323.617	237.434
296.378	197.16
279.612	196.323
252.496	162.448
242.041	172.4
328.224	224.685
321.584	224.125
248.276	178.396
198.295	139.312
303.249	187.131
281.245	204.444
259.461	176.114
325.828	197.977
263.063	164.129
261.364	175.48
267.507	201.126
323.921	195.228
186.269	132.32
172.722	115.987
315.073	230.713
281.05	208.429
244.362	174.728
236.802	176.976
271.8	166.353
291.227	189.831
281.503	173.63
299.147	203.418
261.54	169.923
265.874	202.631
306.007	201.751
284.647	210.21
283.762	203.577
219.205	159.462
233.681	166.054
207.374	152.111
264.896	188.685
244.301	166.883
309.045	227.9
335.051	255.171
329.562	218.5
258.623	195.391
265.409	178.493
242.681	174.127
307.771	207.116
264.847	184.447
294.015	217.439
232.908	157.038
232.523	164.888
245.141	168.865
315.214	212.571
252.695	176.047
396.666	269.111
285.14	198.668
268.742	195.613
208.967	146.409
302.772	216.43
262.008	174.941
235.387	127.578
238.673	175.596
306.075	222.415
310.913	236.063
312.437	241.899
269.221	195.742
305.18	216.21
306.658	171.498
144.617	100.455
281.954	188.019
184.019	137.862
309.178	210.293
294.003	218.947
280.426	208.799
272.641	200.802
308.359	218.541
232.299	157.757
243.084	176.526
127.043	93.8868
259.237	191.799
318.201	232.295
264.28	160.135
336.323	238.475
264.044	187.473
217.309	147.346
233.835	169.597
246.118	171.358
228.401	165.405
288.815	229.996
189.723	144.99
330.407	227.987
197.742	126.75
265.356	177.132
261.381	167.575
200.649	137.6
203.524	144.333
230.397	166.427
179.672	120.957
274.76	210.359
151.74	106.637
230.193	166.814
330.142	228.762
239.754	159.789
285.612	208.323
212.69	145.659
333.101	224.155
204.802	160.801
315.284	208.747
208.36	147.247
322.107	208.953
326.282	224.101
326.884	253.717
287.927	193.276
307.059	224.864
279.594	200.389
292.31	219.56
294.927	212.863
296	217.692
339.052	254.353
218.011	144.573
257.447	170.536
312.895	232.936
243.228	175.102
339.404	252.578
282.848	220.114
216.982	159.351
269.978	192.83
292.875	217.424
205.054	138.865
247.744	155.855
300.198	239.185
255.838	197.745
252.246	177.246
214	161.977
348.91	223.027
242.598	171.758
286.977	213.725
323.17	242.603
302.351	229.002
259.698	185.735
289.005	194.38
309.845	208.56
217.603	148.817
340.392	254.291
245.62	166.895
273.463	179.176
214.072	152.259
196.339	141.203
353.705	248.023
240.57	157.654
327.849	224.784
212.476	164.749
287.877	213.251
239.37	178.607
307.454	216.254
269.681	192.827
280.264	197.831
183.398	119.665
309.317	212.774
250.952	174.858
236.626	173.922
275.136	195.902
226.804	166.171
245.609	172.301
303.87	207.992
292.52	180.609
323.597	227.998
256.236	173.773
291.512	215.709
195.269	127.849
302.478	219.826
245.801	164.196
252.266	190.776
230.289	143.894
313.568	227.756
244.518	167.405
289.47	188.884
274.975	197.215
287.221	202.714
226.597	152.667
282.128	196.926
310.377	248.302
292.879	196.243
246.024	178.695
289.475	192.784
235.359	148.924
234.147	162.447
281.082	189.074
236.62	162.51
280.715	194.731
236.504	161.901
345.526	240.672
357.067	226.522
608.097	457.815
620.46	453.605
382.86	266.687
461.553	281.413
620.876	418.799
561.642	401.499
407.81	284.209
600.946	455.415
659.682	434.198
446.682	299.387
651.011	486.929
601.108	449.476
677.194	525.842
481.739	306.438
484.113	355.306
469.007	322.968
572.699	455.312
639.93	481.642
554.979	415.26
324.761	236.018
436.411	333.364
598.999	423.963
486.929	330.412
605.435	475.122
468.654	347.738
562.917	406.502
420.263	302.073
644.664	512.105
488.795	362.317
644.663	476.681
652.971	486.033
620.222	485.903
348.21	270.563
619.391	473.302
620.704	482.803
691.201	462.436
454.436	346.917
329.216	215.204
662.179	500.943
642.421	480.877
447.418	314.451
649.588	503.682
437.708	294.689
583.191	434.602
632.671	492.646
512.168	366.493
674.953	482.366
618.239	445.091
422.136	319.185
587.994	476.175
646.946	433.875
424.809	320.453
676.469	537.977
457.124	321.619
535.605	418.735
699.235	501.66
507.899	365.084
523.892	365.094
447.413	336.979
431.116	320.225
657.352	444.278
662.383	485.428
461.998	335.848
643.845	462.94
654.725	467.467
493.067	357.437
634.514	497.116
445.25	307.097
603.429	437.478
647.664	480.194
483.23	324.784
694.48	526.444
599.33	446.216
606.117	457.529
631.491	500.99
583.038	391.405
474.687	327.26
476.405	343.902
486.595	322.056
500.038	341.344
599.703	463.235
627.935	467.744
352.31	263.106
416.091	308.471
447.208	300.318
343.478	236.27
357.849	283.42
408.463	287.596
479.174	357.846
383.586	277.818
436.907	316.862
542.607	384.436
403.787	262.522
682.735	520.155
644.043	472.984
517.524	378.839
489.132	332.693
512.999	372.189
462.917	310.293
438.147	301.597
665.741	491.787
408.905	303.03
390.304	303.528
470.912	302.331
639.221	475.225
512.863	392.37
289.724	181.188
393.935	278.18
439.215	332.181
559.13	384.266
491.309	359.814
413.703	278.64
635.061	500.015
647.163	470.697
452.286	323.084
605.717	462.79
404.816	285.051
476.224	358.159
606.111	475.436
612.185	439.08
662.634	505.413
446.697	323.375
400.812	298.915
667.893	461.301
386.407	255.439
638.375	433.033
437.032	306.099
473.517	316.702
413.355	290.445
453.453	342.551
379.233	265.788
621.107	426.094
666.577	493.627
400.339	232.497
440.496	300.977
602.515	454.875
413.592	294.443
649.45	454.593
586.54	444.163
440.995	349.997
487.602	320.867
634.363	465.196
640.403	489.279
586.535	400.701
622.971	438.086
589.462	407.281
340.648	252.149
401.294	292.02
448.303	356.998
613.609	443.538
508.838	379.986
697.57	535.864
500.499	372.877
656.628	396.818
569.861	430.221
620.326	439.305
644.033	489.517
688.026	518.851
362.389	234.366
623.529	467.375
466.629	347.422
360.784	237.769
337.888	247.584
514.679	383.248
611.116	437.691
576.708	406.259
317.252	209.812
626.382	442.429
675.338	514.565
483.097	330.062
643.421	473.854
428.408	278.691
599.196	478.305
628.519	484.408
607.048	431.617
425.705	259.274
680.7	524.657
212.657	150.173
496.893	384.225
324.76	227.367
558.422	413.328
664.439	501.181
650.077	476.387
597.325	421.331
632.849	443.997
430.487	317.029
405.624	262.681
645.648	492.857
682.623	529.461
440.114	293.245
313.578	228.519
472.156	347.676
378.081	283.126
551.637	407.429
675.969	493.896
427.09	306.827
434.341	313.716
662.398	502.53
568.611	409.809
628.189	494.862
237.183	162.2
263.611	190.1
216.776	160.381
310.585	213.023
330.092	253.498
177.713	130.062
278.892	201.738
297.71	197.88
269.82	182.316
306.098	206.926
270.475	189.633
263.336	202.257
268.462	206.808
261.214	214.093
248.397	199.947
292.811	205.152
307.06	220.103
242.782	165.475
324.453	246.214
252.331	162.117
270.257	201.056
298.978	222.76
256.455	192.096
244.369	162.983
281.309	184.699
288.669	201.912
212.49	158.362
313.479	236.679
290.995	186.931
296.84	201.247
235.506	156.994
243.779	168.135
250.444	186.686
269.559	192.792
273.479	189.816
249.944	189.09
333.835	237.938
212.561	136.756
258.258	185.024
216.956	120.053
269.983	186.688
207.781	166.75
288.681	203.848
286.042	194.635
241.754	163.809
300.248	193.178
322.022	232.247
258.449	183.124
278.174	198.021
318.044	217.907
258.61	176.774
254.386	186.189
261.994	193.629
299.878	201.897
201.834	148.475
228.151	159.913
204.152	158.826
275.2	207.475
307.348	208.892
255	180.93
270.935	197.591
215.896	153.254
301.379	214.927
295.064	217.251
271.66	172.785
299.045	194.519
302.767	188.283
258.393	188.109
273.498	201.783
304.687	215.892
241.487	169.63
337.663	254.256
281.949	196.309
320.528	235.315
350.689	255.938
282.296	207.578
214.131	145.05
318.741	247.876
355.592	254.382
312.819	225.842
277.245	185.664
313.401	201.707
226.201	154.389
297.829	221.618
241.064	173.778
327.373	224.854
288.035	215.662
254.338	206.484
279.475	193.82
252.509	178.01
323.935	231.67
256.971	186.889
286.035	213.339
237.975	165.141
289.565	176.382
334.163	238.8
273.042	193.926
196.342	131.946
256.671	193.901
275.812	199.527
284.051	211.549
260.513	180.599
280.902	196.958
264.6	206.166
335.594	220.848
318.424	213.535
241.419	178.433
247.643	180.058
317.849	204.351
302.802	192.297
279.991	213.771
210.207	152.353
238.164	171.956
314.005	217.27
220.345	163.91
312.224	226.727
202.032	141.043
246.945	177.979
265.981	194.407
331.709	203.701
279.467	211.862
178.239	115.24
305.285	226.3
310.881	216.688
263.684	166.995
193.675	131.269
311.095	211.955
207.355	162.576
196.105	125.741
287.24	217.918
259.299	190.32
245.74	172.742
269.881	186.533
290.918	218.492
288.676	208.737
232.577	170.538
260.967	197.564
184.342	136.46
279.598	202.999
195.997	143.446
267.63	185.816
321.361	219.382
249.389	174.443
360.631	248.935
249.425	173.751
267.066	190.434
257.399	171.684
280.674	205.896
323.47	245.148
306.075	227.246
296.97	212.112
299.62	219.96
152.056	114.624
307.62	234.03
331.329	236.601
274.665	197.882
304.846	212.032
272.169	185.739
263.989	199.048
319.307	232.805
149.027	120.098
313.359	211.07
214.012	140.099
240.732	161.796
287.938	209.878
257.08	188.028
304.097	218.545
229.347	152.443
263.498	161.788
252.414	178.326
263.376	179.794
246.933	184.93
284.141	205.272
245.754	179.622
291.419	194.689
283.584	200.506
233.579	165.008
268.686	203.679
258.194	189.927
218.719	150.846
251.217	188.744
234.139	179.146
293.942	208.146
234.239	174.663
199.567	126.554
273.664	193.411
255.433	193.276
252.771	190.858
200.92	141.969
140.114	100.573
308.428	220.544
227.24	176.607
257.426	175.067
244.788	169.438
228.629	134.453
222.133	161.004
309.737	231.623
219.911	159.469
213.319	153.812
268.608	196.815
500.373	365.586
639.056	444.171
512.488	343.637
653.057	442.411
471.896	345.374
527.96	336.613
579.145	388.003
602.712	408.333
407.989	283.51
416.462	279.309
575.441	408.43
419.439	311.868
652.226	466.001
498.571	340.646
553.509	383.9
464.339	330.247
666.391	453.647
614.918	412.666
550.32	410.722
662.055	527.251
654.809	487.302
688.764	472.103
684.675	508.155
600.038	462.195
288.965	197.6
604.143	440.105
626.031	460.361
636.367	386.518
412.83	276.1
561.475	398.501
461.553	320.12
605.79	405.882
415.722	306.62
452.86	306.504
519.222	402.497
324.079	245.416
392.88	294.115
686.686	453.414
682.812	501.041
413.789	321.973
381.576	265.328
366.011	260.567
320.807	222.185
422.82	281.098
366.502	269.242
397.264	317.867
601.437	401.168
661.685	457.739
570.119	370.334
459.837	298.962
625.938	448.398
636.911	459.007
655.806	474.275
596.107	430.01
685.731	475.714
654.189	462.426
662.109	501.45
612.934	434.472
652.908	518.748
637.301	458.923
532.187	367.531
608.996	459.833
642.081	401.75
452.924	353.129
500.962	367.431
611.431	450.005
414.339	281.545
426.933	288.382
606.196	433.868
426.823	306.608
666.614	464.859
562.565	404.397
521.275	339.296
579.082	421.29
431.648	291.224
446.145	315
629.601	426.912
635.281	473.414
592.209	469.357
438.128	322.738
403.094	279.399
622.853	464.771
659.888	459.498
510.62	384.876
605.707	442.694
502.514	365.395
611.661	464.69
558.27	421.118
445.147	324.258
336.46	221.824
597.264	469.857
383.423	287.948
610.442	471.734
422.65	295.415
361.818	257.285
452.128	325.757
372.364	267.5
644.75	467.852
412.777	307.108
347.157	256.656
503.584	350.614
453.083	319.603
651.6	461.149
624.738	425.578
456.137	297.931
474.361	320.891
471.53	319.471
673.193	516.821
681.837	490.394
592.858	439.066
402.918	289.687
590.998	461.946
628.065	444.665
583.093	443.263
637.919	471.43
427.136	321.005
628.059	448.873
491.912	352.52
523.757	380.819
619.43	434.852
620.361	456.628
628.723	462.324
662.482	500.718
643.421	424.918
625.102	488.991
628.034	451.151
633.451	485.381
464.447	335.626
400.537	286.68
697.048	517.256
606.704	458.385
372.557	281.241
600.812	438.083
372.142	266.828
514.139	378.618
626.101	444.332
570.115	436.642
343.475	206.997
527.251	338.078
476.295	360.842
448.153	305.892
584.202	418.758
387.398	279.48
604.459	463.231
553.359	368.344
634.578	442.838
683.942	489.092
475.564	370.098
557.335	377.212
591.921	395.422
435.132	300.109
604.688	427.823
473.855	316.698
611.929	440.971
381.663	279.505
665.165	530.093
617.947	437.772
275	219.247
452.928	317.526
670.705	514.928
635.233	497.881
663.663	499.548
490.66	338.085
511.02	378.579
664.745	497.575
425.676	292.725
395.898	273.961
314.581	213.834
544.929	358.142
540.683	403.898
596.843	431.028
587.763	434.134
466.797	363.636
631.265	496.632
600.447	390.687
659.938	489.319
532.935	390.817
553.335	386.229
538.802	378.599
377.266	308.417
509.813	375.916
429.967	312.136
455.891	286.907
556.826	379.94
677.548	487.889
675.301	456.06
476.359	367.035
605.959	394.419
408.933	256.833
321.235	253.399
427.67	329.72
393.934	284.394
396.363	300.638
636.825	449.101
615.555	452.376
463.408	336.775
573.591	408.98
572.568	410.151
436.67	324.517
614.768	417.78
188.812	118.122
249.622	167.631
138.597	101.64
319.787	222.125
228.092	189.332
281.911	201.018
252.569	174.686
181.309	115.705
369.05	276.578
272.277	195.86
251.167	188.418
294.209	206.896
269.1	175.426
236.186	154.994
283.988	210.628
240.826	180.269
295.926	211.021
274.532	192.726
318.113	223.308
259.95	193.667
274.297	213.917
268.926	173.228
291.587	209.674
285.491	205.86
317.649	239.875
318.445	234.022
277.732	203.139
203.002	131.781
273.527	194.126
339.759	242.653
325.73	239.431
271.332	168.832
265.752	200.088
293.935	221.755
289.953	228.566
334.954	223.328
240.892	163.308
281.155	226.661
258.064	174.959
201.859	149.357
247.372	181.016
227.914	151.066
222.038	153.028
233.242	146.087
216.91	145.162
257.27	196.198
305.451	218.56
289.434	209.592
248.489	164.267
270.059	214.722
274.809	180.446
279.093	190.656
300.51	196.734
260.711	182.808
302.46	224.011
295.806	211.099
282.77	198.641
252.476	189.012
286.459	195.418
276.219	207.694
243.195	159.97
295.01	200.142
292.366	226.309
242.006	176.466
284.737	183.253
255.31	180.91
335.231	236.934
274.991	190.357
263.181	206.371
281.619	214.396
311.511	213.804
254.144	193.684
267.258	185.18
239.879	183.472
287.084	201.205
177.034	121.896
250.591	183.128
286.916	201.58
291.062	199.603
281.295	199.319
269.466	193.424
235.837	167.438
297.189	206.614
257.822	188.809
251.315	179.736
303.467	221.451
272.606	183.45
354.346	252.562
342.172	248.79
307.508	243.817
281.34	182.436
262.665	182.919
288.754	199.276
188.329	146.195
249.872	186.277
311.849	231.694
214.891	161.541
280.359	200.689
253.198	165.497
256.922	211.537
285.818	192.574
267.621	181.46
346.384	251.588
263.448	174.546
265.524	194.652
319.274	241.711
265.304	181.172
295.437	215.855
267.938	177.239
292.019	205.727
290.783	204.095
252.705	178.458
216.603	161.009
291.549	192.391
306.201	199.241
155.84	114.873
245.563	196.613
233.859	170.79
244.387	180.944
245.951	180.387
326.868	231.35
260.703	182.93
250.42	175.968
288.045	200.542
242.229	134.926
298.238	225.649
332.178	247.196
334.145	240.384
295.846	177.706
281.059	211.664
312.452	221.598
268.203	185.279
246.469	148.195
266.805	186.977
314.32	219.151
288.224	205.064
303.771	213.65
232.68	156.75
326.461	227.837
308.796	219.253
278.898	186.848
301.803	205.971
261.857	172.988
295.425	207.025
353.874	246.494
275.52	213.183
270.453	195.787
269.837	198.485
291.995	212.193
268.714	196.118
296.429	219.334
242.594	146.579
245.998	171.375
211.31	158.261
199.995	145.967
245.762	173.127
267.813	187.695
276.121	200.669
256.49	191.766
216.437	158.836
269.032	209.648
292.407	209.541
257.029	186.58
310.032	204.899
289.508	189.087
245.988	178.39
192.128	145.199
335.124	252.789
301.93	237.812
251.171	182.752
167.132	112.588
251.863	157.922
165.088	113.252
205.939	144.516
300.411	233.549
279.381	176.53
326.339	242.525
294.25	200.383
312.043	221.808
233.679	166.608
272.987	203.863
277.95	189.9
325.042	225.668
183.019	142.786
291.577	199.87
296.538	203.029
283.422	212.894
155.968	102.005
216.698	152.933
185.084	139.838
284.545	205.176
261.769	188.27
228.224	177.666
187.912	138.188
277.393	207.111
258.575	162.582
214.774	135.654
234.706	178.144
263.735	164.688
310.961	201.812
