0.513031	173.176
0.516161	168.529
0.246404	154.997
0.000730217	21.2132
0.532616	192.281
0.546764	223.772
0.636325	234.585
0.176044	146.24
0.624124	231.927
0.111479	101.912
0.511928	181.918
0.363566	123.369
0.523614	201.246
0.261926	141.11
0.175734	118.042
0.537403	230.326
0.0875065	80
0.532269	216.416
0.478124	97.5192
0.500749	175.459
0.514937	264.768
0.48289	167.69
0.571507	194.915
0.226424	169.293
0.503153	184.792
0.23745	153.336
0.548094	167.798
0.521712	258.438
0.470591	185.516
0.473427	175.425
0.336314	155.602
0.49236	195.382
0.562774	181.802
0.554806	180.316
0.565605	225.898
0.503594	247.083
0.0194392	56.4801
0.497677	189.989
0.521692	236.406
0.400684	185.359
0.325534	133.199
0.168817	148.068
0.358774	176.091
0.634753	230.456
0.647287	198.736
0.339641	177.268
0.329819	126.768
0.544683	240.512
0.109685	83.5823
0.274108	175.448
0.353815	169.835
0.6073	203.209
0.651641	182.609
0.464923	226.583
0.588634	230.612
0.475868	183.036
0.486689	230.712
0.525455	206.954
0.40313	203.647
0.461808	216.643
0.261058	145.602
0.461815	157.709
0.0632423	82.8734
0.381396	167.446
0.468018	239.474
0.0146822	39.6232
0.498865	158.657
0.558305	208.734
0.279308	142.197
0.561111	233.701
0.510214	228.639
0.0753641	98.7826
0.29157	156.965
0.286817	118.878
0.558313	235.716
0.540962	186.997
0.512307	192.437
0.663237	212.396
0.466117	195.064
0.491228	200.998
0.567452	211.04
0.560449	227.53
0.484983	178.067
0.521005	200.599
0.570551	224.575
0.102796	83.1023
0.494707	231.136
0.631141	227.205
0.478894	220.377
0.445254	188.483
0.232026	152.466
0.494934	223.759
0.508266	182.401
0.298591	178.006
0.517997	206.189
0.261135	181.477
0.523204	223.361
0.505679	160.723
0.532178	213.869
0.524335	219.654
0.542067	211.953
0.298795	168.184
0.489613	168.79
0.0179618	50.04
0.509012	164.87
0.24404	164.116
0.509507	217.578
0.471063	189.837
0.523371	216.869
0.499999	187.803
0.501377	212.561
0.490377	175.778
0.5577	209.523
0.172705	149.519
0.41796	196.031
0.486962	220.014
0.511157	188.42
0.487945	233.88
0.132086	97.0464
0.0623644	113.199
0.537753	223.736
0.531192	177.955
0.647923	207.865
0.0309033	33.5857
0.0279739	21.9545
0.524999	180.588
0.320251	216.046
0.263214	191.64
0.478603	209.136
0.000589013	7.34847
0.504788	192.089
0.528752	204.284
0.580229	244.377
0.354224	229.22
0.356698	172.766
0.480986	219.745
0.524821	212.899
0.534081	191.51
0.413744	170.646
0.122386	140.506
0.0763974	84.0595
0.503205	233.919
0.553206	179.103
0.470046	206.136
0.513098	212.716
0.528313	237.293
0.0416413	86.0697
0.589258	237.916
0.0670955	118.642
0.454307	183.188
0.570907	230.222
0.527348	190.047
0.556669	223.195
0.498981	225.659
0.620013	223.719
0.558486	182.082
0.513766	231.18
0.234141	163.42
0.525685	191.348
0.590248	202.144
0.558852	218.495
0.44497	197.464
0.541163	195.908
0.170234	121.078
0.53689	205.548
0.20182	152.243
0.651111	216.509
0.481062	222.122
0.513617	230.742
0.271825	146.833
0.508172	165.885
0.634416	242.017
0.494873	195.238
0.465131	191.484
0.304092	121.235
0.479127	197.773
0.42956	150.306
0.550217	214.476
0.532255	212.509
0.307151	159.587
0.584685	246.637
0.194781	167.887
0.488286	195.704
0.456168	237.036
0.377869	129.244
0.0700243	80.5729
0.363667	182.176
0.559974	243.811
0.334126	181.89
0.247415	153.864
0.551947	208.734
0.21826	170.047
0.471912	215.212
0.53964	168.161
0.472435	170.74
0.478638	203.735
0.512037	156.723
0.587114	229.822
0.626126	220.35
0.00659412	48.949
1.07288e-06	1.41421
0.00242621	23.7908
0.000489712	24.5357
0.0116691	41.0366
4.96507e-05	4.47214
0	0
0.0247161	53.4603
0.000785828	20.0499
0.002514	37.1753
0.000477731	24.3311
0.00393784	14
0.000736237	13.2665
0.0164505	51.264
0.0143249	56.1427
0.000118375	3.16228
0.00194645	18.4932
0.0101764	29.1204
0.000285447	17.8885
0.0030483	25.2982
0.00146711	18.6011
6.6638e-05	3.4641
1.90735e-06	1.41421
0.047492	43.6578
0.00107062	9.27362
0.000216126	21.4476
0.0211682	18.3848
4.17233e-07	1.41421
0.000822008	4.47214
0.000766397	11.7473
0.00758541	17.8326
0.0294263	64.0312
0.0116401	40.7185
1.2517e-06	2.44949
0.0154173	53.963
0.000112891	8
0.00153267	8.7178
1.78814e-07	0
0.0127742	27.3496
5.96046e-08	1.41421
0.00236756	6.16441
0.00301218	17.2627
0.000470459	8
0.00128573	19.9499
1.43051e-06	1.41421
0.00730729	20.4939
0.00053823	11.5758
0.00120437	13.2665
0.000626087	20.8806
0.00334287	16.1245
2.91765e-05	4.24264
5.36442e-07	0
0.00879759	23.4947
2.28882e-05	2
4.47035e-07	1.41421
0.0129334	29.6311
6.88434e-05	5.83095
5.1856e-06	2
0.000124931	2.82843
0.000200152	10.4881
0.00676382	19.8494
4.23193e-06	4
0.000782013	8.12404
9.78112e-05	5.65685
0.000126541	4
0.00373292	43.1045
5.57005e-05	5.2915
0.000101447	5.47723
4.58956e-06	3.16228
0.000559092	21.1187
2.68221e-07	1.41421
0.0688827	65.2227
0.00686872	30.3315
2.74181e-06	2
0.00091815	8
0.0164009	46.9255
0.00159812	9.05539
1.78814e-07	1.41421
0.0488276	42.0714
1.19209e-07	1.41421
0.000120819	11.3137
3.15905e-06	1.41421
0.000162244	8.3666
4.52399e-05	4
1.29342e-05	1.41421
0	1.41421
0.00293732	16.4924
0.00066638	22
0.0032481	25.5343
2.38419e-07	0
1.74046e-05	4.69042
0.000910759	7.87401
0.0229328	37.8153
0.0075587	32.9848
0.010878	28.9482
0.00753862	16.6132
0.000504613	10.8628
0.000497222	7.07107
0.000284493	4.47214
0.00200009	20.6398
0.00188673	12.8841
0.000390291	6
0.00396645	24.98
7.15256e-07	1.41421
0.00400031	34.6121
0.00180495	11.3137
0.0020653	7.74597
0.000510156	11.1355
6.73234e-05	4.47214
0.0233762	31.1769
0.00092715	8.60233
7.15256e-06	2.44949
0.000893116	5.2915
0.00378907	57.2189
0.000130236	6.16441
1.49012e-06	0
0.00126749	6
2.19345e-05	2
0.000911713	8.7178
3.18289e-05	13.7113
0.00315046	40.2244
0.00015521	4
0.000291467	22.4054
0.00585592	14.3527
0.00329781	24.5357
0.002195	5.47723
0.00126219	13.1149
0.00217354	16.8523
0.000193	2.44949
0.000446677	11.4018
0.00718504	44.7884
0.0108055	45.1442
0.0413173	52.8015
0.00511801	20.8806
0.00122875	18.1659
0.00107181	13.1909
5.126e-06	2
0.00309443	15.6844
0.000483811	24.4949
8.9407e-08	0
1.29938e-05	4.24264
1.65105e-05	4.69042
1.19209e-07	1.41421
0.000256896	3.16228
5.1856e-06	1.41421
0.00050509	7.61577
0.00254893	21.8174
0.00166339	5.65685
4.70877e-06	2
0.00708199	26.6833
1.65105e-05	4.47214
3.92199e-05	9.8995
0.00476956	21.2603
0.00313258	38.6523
0.0468846	95.6974
1.78814e-07	1.41421
2.98023e-07	0
0.00124109	10.3923
0.000778317	14.2127
0.0205169	45.8476
0.000227451	5.83095
1.90735e-05	2
6.02007e-06	4
0.00766808	12.7279
0.00135678	10.8628
5.24521e-05	3.74166
0.0183114	35.0428
0.000813484	22.1359
0.000269413	8
0.00714684	17.3781
0.000932693	6.16441
5.42402e-06	0
0.0295466	44.5197
1.67489e-05	3.4641
0.0122831	36.2215
5.36442e-07	2
0.0132677	47.4552
0.00932413	75.8683
0.021919	57.0438
0.000125051	7.61577
0.000267237	18.4932
0.000713229	11.3137
0.00459373	16.3095
0.00858402	20.2485
0	0
0.00855541	21.8174
0.0042516	28.4605
0.00109744	14.8997
4.76837e-07	2
5.36442e-07	1.41421
0.0649955	90
0.000382721	9.48683
0.0205802	43.0813
0.0094893	37.5233
0.0015226	8.48528
0.00030452	6
0.000147402	16.1864
5.36442e-07	0
0.000748277	5.65685
0.000116646	3.74166
0.000665188	10.2956
0.239517	161.895
0.541687	175.226
0.020777	33.7343
0.539431	207.682
0.0473949	52.5167
0.515528	215.36
0.356684	159.286
0.496333	171.953
0.100647	105.726
0.51431	134.922
0.505942	213.195
0.537515	233.144
0.144385	102.069
0.16268	121.787
0.205993	141.067
0.478071	205.183
0.509212	209.299
0.542676	182.91
0.333266	114.184
0.432333	151.122
0.127949	116.867
0.525748	158.082
0.253053	161.58
0.457979	209.814
0.409408	162.505
0.55843	220.758
0.244272	51.517
0.541138	217.343
0.52386	216.153
0.283753	174.757
0.449134	134.989
0.494241	197.499
0.111569	143.701
0.176885	96
0.539182	179.677
0.489059	183.216
0.231899	166.108
0.545677	238.474
0.108586	149.873
0.614853	231.504
0.322155	193.437
0.255051	81.3634
0.23985	185.542
0.468186	188.934
0.505184	188.796
0.525692	217.789
0.449995	211.726
0.339495	145.485
0.52177	181.527
0.502344	229.299
0.528869	201.524
0.573239	231.538
0.60217	234.15
0.321877	157.658
0.507553	218.522
0.557626	202.144
0.526847	170.74
0.424473	199.093
0.452847	204.26
0.52764	145.362
0.499109	245.752
0.482598	182.981
0.459483	212.786
0.569031	204.993
0.552834	222.755
0.469243	196.703
0.604744	205.743
0.52148	198.786
0.569839	205.864
0.537454	199.103
0.172974	148.977
0.13137	152.506
0.550538	160.281
0.275464	105.442
0.492318	203.696
0.639201	226.424
0.0139652	60.63
0.0646594	83.6899
0.291568	178.583
0.519761	216.13
0.167403	160.15
0.547135	214.499
0.388408	99.3378
0.318048	118.55
0.555136	171.26
0.295092	167.952
0.363215	182.318
0.403961	97.4679
0.510315	205.757
0.353772	202.869
0.05751	75.9868
0.269056	133.222
0.0174379	76.7594
0.462075	202.519
0.199409	114.508
0.0510187	37.4433
0.279808	120.108
0.558462	162.923
0.567133	159.085
0.522416	220.372
0.453649	218.17
0.524687	246.929
0.453975	212.683
0.491608	170.886
0.485321	181.373
0.520766	200.943
0.525671	174.946
0.371115	215.583
0.00211877	28.3549
0.488088	175.676
0.00177544	10
0.37174	135.425
0.264191	166.451
0.52251	145.485
0.146574	139.183
0.508647	188.112
0.627901	227.319
0.405151	207.933
0.579078	219.18
0.521964	196.967
0.511483	189.863
0.622358	170.593
0.516504	225.81
0.400066	142.014
0.339393	156.058
0.521719	193.334
0.16084	98.6408
0.488928	194.53
0.497669	204.988
0.442366	185.656
0.191507	134.848
0.593871	194.951
0.0581824	84.3327
0.498712	197.089
0.535731	216.772
0.502581	225.464
0.499884	158.726
0.146301	90.7304
0.659665	240.529
0.441099	174.344
0.526598	164.353
0.566177	202.049
0.517242	223.96
0.460896	210.974
0.445089	138.347
0.300699	174.402
0.619206	220.214
0.493776	205.781
0.536703	173.793
0.438856	214.485
0.128157	98.5901
0.437576	141.159
0.480834	237.12
0.599563	200.584
0.533481	203.239
0.469152	191.149
0.395422	114.175
0.267013	127.24
0.166417	107.229
0.545639	137.55
0.234118	112.561
0.507691	214.098
0.307583	108.259
0.633421	223.584
0.592631	223.329
0.442277	173.286
0.525705	196.382
0.21518	82.4742
0.52412	216.462
0.118312	178.112
0.44572	211.891
0.340858	155.833
0.506	174.963
0.108325	131.37
0.00961548	17.088
0.520689	178.712
0.522339	228.543
0.559791	196.224
0.539946	239.675
0.49087	228.228
0.504481	195.627
0.521932	151.255
0.576332	179.349
0.0190818	60.9754
0.271177	142.948
0.345629	152.886
0.551939	201.529
0.481443	235.347
0.319143	182.718
0.5157	176.76
0.610558	219.354
0.405904	114.63
0.400592	178.46
0.519715	193.38
0.249298	166.175
0.523558	196.168
0.332296	184.521
0.235251	118.819
0.168378	127.992
0.0531821	69.5557
0.000727415	13.4907
0.0315483	51.1273
2.98023e-07	2.44949
0.00129133	5.09902
1.19209e-07	0
0.00125813	27.0924
4.17233e-07	1.41421
4.29153e-06	1.41421
3.0756e-05	3.4641
0.00135344	18.3848
0.000248671	5.83095
5.96046e-08	2
0.000761867	14.0712
0.00177324	14
0.000617087	17.088
9.65595e-06	2
0.000122935	12.4097
0.0180386	55.7674
0.0125285	37.1753
0.013177	28
0.0227587	59.6657
1.43051e-06	1.41421
0.00240928	13.5647
0.00010246	15.5563
0.000913143	24.5764
2.02656e-06	4
0.000315368	21.6795
0.00140488	36.1386
5.96046e-08	0
0.00620186	29.4279
0.00180399	31.6544
0.000562906	26.6458
1.07288e-06	3.16228
0.0142253	30.133
7.1913e-05	10.198
0.000143528	4
0.0613697	65.2074
4.76837e-07	2
4.55976e-05	9.79796
0.056281	67.4389
2.89083e-05	6.63325
0.00171441	11.5758
0.000310063	5.09902
3.57628e-07	2.44949
6.25849e-06	2.82843
0.0010978	41.328
0.0146456	53.2541
0.000997066	23.9583
0.0011059	8.7178
4.88758e-06	1.41421
0.00157219	10.2956
0.00144047	9.38083
0.00059104	14.7648
8.744e-05	4.47214
0.00022316	4
7.27773e-05	2.44949
3.27826e-06	2
0.00113857	34.2345
0.000255883	24.5357
6.31809e-06	1.41421
0.00742674	22.4944
0.000764489	17.8885
0.000328541	24.8596
0.00301802	18.2209
5.96046e-08	1.41421
0	1.41421
0.000177562	17.6635
0.000216961	4
1.01328e-06	2.44949
9.14931e-06	2
1.49012e-07	0
0.00327313	12.3288
0.00158042	34.322
0.00204474	14.8997
0.000550032	17.6635
1.78814e-07	1.41421
0.00101542	9.48683
0.000841022	15.4919
0.0206181	69.5845
1.78814e-07	2
0.00183648	9.48683
0.000117958	5.47723
0.0355226	47.2652
1.49012e-07	0
0.000853419	5.65685
1.78814e-07	1.41421
0.0434973	56.4269
0.00968122	66.7982
0.0163617	28.5307
0.0335827	48.0625
9.04202e-05	4.89898
0	0
0.0260282	59.5987
3.05772e-05	6.16441
0.0225503	64.2651
1.38879e-05	1.41421
8.9407e-07	2.82843
0.000744462	17.6635
0.00712997	15.9374
0.00754857	30.9193
5.65052e-05	6.16441
1.19209e-07	2.44949
0.0013321	12.3288
0.000487089	7.61577
5.96046e-08	0
0.000341952	10.9545
0.000338733	30.8545
0.000566244	7.07107
0.000502646	31.0161
0.000337839	4.69042
0.0181093	33.9706
7.15256e-07	0
0.00169557	53.4416
0.00630283	21.587
0.00231671	34.3802
0.0515389	53.2353
0.001194	6.63325
0.0188612	38.6005
0.00267744	41.5692
0.00016284	0
0.00551355	50.1797
0.000743628	11.1355
0.0018512	10.2956
0.000783086	7.87401
0.00938714	37.4433
0.0343159	73.0069
1.18613e-05	7.48331
9.84669e-05	4
5.36442e-07	2
0.000585496	11.4018
0.000879884	33.1662
3.57628e-07	2
6.18696e-05	1.41421
0.000444293	7.48331
0.00110006	8.24621
0.00077045	14.9666
0.00464046	65.3911
3.6478e-05	2.82843
7.15256e-07	3.16228
0.00036788	4
1.78814e-07	0
0.00155509	8.7178
0.000238895	4.24264
0.0141245	2.82843
0.00243402	12.083
0.000711203	8.48528
0.00817442	40.1497
1.07288e-05	2.82843
0.00119889	49.1121
0.0323011	40.5956
0.00516629	45.6289
0.0044893	14.1421
0.00334311	35.8887
9.53674e-07	2.44949
0.000432968	11.5758
0.00857306	23.622
4.97699e-06	2.44949
2.98023e-07	1.41421
2.98023e-07	1.41421
0.018577	32.7414
0.000781536	23.1517
0.000180781	17.0294
0.0145745	21.0238
2.98023e-07	0
0.000135005	10.583
4.38094e-05	2.82843
5.24521e-06	2.44949
0.00062561	6.48074
1.78814e-07	1.41421
0.000552535	7.87401
0.0106952	35.6371
9.53674e-07	2.44949
0.027093	87.647
1.19209e-07	2
0	1.41421
0	0
0.00114983	33.1662
0.000136256	1.41421
0.000110507	3.16228
4.76837e-06	0
1.46031e-05	1.41421
0.000270486	21.4476
1.19209e-07	2.44949
7.09295e-06	1.41421
0.0103508	48.2494
3.45707e-06	2.44949
0.0504971	58.9237
6.55651e-07	2.82843
0.0264467	24.6577
1.60933e-06	3.16228
0.0140072	35.8329
1.40071e-05	2.82843
1.49012e-06	2
0.000377059	3.74166
0.00223064	34.6121
0.000132114	11.0454
0.000630677	13.0384
1.54972e-06	1.41421
5.90086e-05	3.74166
0.000497103	5.09902
0.10157	69.8284
0.481513	162.302
0.0621512	47.0744
0.114112	122.654
0.420263	227.653
0.108983	57.2364
0.514643	182.571
0.65535	185.542
0.137999	138.188
0.526575	172.209
0.524162	208.173
0.534425	166.895
0.547218	226.486
0.51441	219.417
0.47434	148.788
0.472312	190.704
0.408944	180.931
0.609599	261.595
0.482871	182.329
0.613357	226.265
0.234004	168.973
0.50477	155.048
0.556988	227.662
0.462682	182.592
0.465547	191.008
0.525956	215.29
0.555671	163.31
0.320516	163.273
0.463974	193.737
0.350086	154.764
0.504158	207.88
0.554105	237.882
0.512082	246.471
0.0306374	108.102
0.528522	204.446
0.489789	178.32
0.15599	106.715
0.614741	213.457
0.507239	211.778
0.624966	225.783
0.551623	229.29
0.213441	105.157
0.497359	246.179
0.000765741	4.69042
0.565712	176.901
0.507702	139.054
0.533729	194.242
0.428672	167.326
0.555818	216.823
0.588149	235.898
0.506614	176.204
0.478383	192.634
0.240276	152.918
0.497619	224.629
0.147226	92.8224
0.422909	187.478
0.597597	194.288
0.166455	91.236
0.418305	188.611
0.502949	213.462
0.368414	203.603
0.480682	156.352
0.543504	180.936
0.068886	64.2184
0.502174	126.941
0.511333	194.515
0.497115	196.952
0.450072	173.17
0.362353	133.873
0.389053	185.078
0.0735564	87.0517
0.540921	229.43
0.623224	235.223
0.541764	187.483
0.47073	221.481
0.502105	124.33
0.632668	210.119
0.527806	208.312
0.520822	216.749
0.339079	119.975
0.539029	139.864
0.523688	169.174
0.529722	186.976
0.503361	188.966
0.576999	231.655
0.492934	148.977
0.307264	157.709
0.523261	230.3
0.371593	221.174
0.486762	150.499
0.310582	108.176
0.0882315	151.394
0.541943	197.089
0.519066	222.054
0.537435	188.021
0.541404	218.714
0.460767	236.529
0.381733	143.429
0.557293	193.53
0.495855	231.318
0.125182	83.678
0.505538	186.912
0.560158	172.829
0.239364	159.581
0.471093	206.587
0.630713	224.789
0.523452	209.394
0.457222	172.754
0.502511	186.317
0.333863	181.047
0.13908	120.806
0.380895	129.259
0.548564	203.715
0.554067	209.299
0.447145	138.094
0.334615	185.375
0.269867	122.711
0.529718	206.344
0.512049	241.338
0.41369	185.483
0.445315	214.937
0.484094	215.509
0.634401	231.028
0.49002	212.683
0.344809	167.105
0.251756	145.348
0.531044	214.509
0.545649	186.928
0.156782	124.732
0.644625	216.619
0.651982	233.109
0.466127	215.402
0.574405	176.426
0.0289109	47.4552
0.487253	209.466
0.496143	213.598
0.200546	116.207
0.481904	215.606
0.453711	222.495
0.510311	228.316
0.530254	201.97
0.428282	209.428
0.582237	235.712
0.519828	207.957
0.540199	219.18
0.26819	136.499
0.506912	138.629
0.642488	217.214
0.327599	150.007
0.455294	210.333
0.550484	201.584
0.542468	204.411
0.623116	241.905
0.519051	201.911
0.543428	215.058
0.558377	192.551
0.317526	130.553
0.552023	233.799
0.523929	203.833
0.551154	242.153
0.489288	200.798
0.000111818	3.4641
0.537525	197.013
0.501283	220
0.110327	138.181
0.499301	149.74
0.472849	208.207
0.532903	191.06
0.165571	106.442
0.505461	208.408
0.528678	199.208
0.566128	198.399
0.469424	225.091
0.330659	187.505
0.478336	181.56
0.608957	233.722
0.594389	239.7
0.359901	165.729
0.500208	215.504
0.553402	151.658
0.555141	229.83
0.197287	70.5124
0.651524	225.46
0.489421	167.714
0.355605	104.067
0.357139	172.047
0.528191	207.509
0.467842	178.471
0.00687063	10.6771
0.503774	222.863
0.462067	202.682
0.55417	227.864
0.61235	222.598
0.491386	219.034
0.39068	202.677
0.275435	155.055
0.544257	142.794
0.43604	209.447
0.500297	251.829
0.530679	162.536
0.000187874	2.44949
2.08616e-07	0
0.000351608	29.6311
0.0201437	35.7771
0.000742435	16.0624
1.19209e-07	0
0.000720501	5.47723
0.000226021	14.4222
2.38419e-07	1.41421
0.00247061	17.3205
0.00275254	33.1964
0.00415874	13.6382
0.025656	18.2757
0.00210267	23.3238
0.0130002	31.9061
0.000631154	31.9374
0.000578642	6.63325
8.64267e-06	1.41421
0.00263685	22.6274
0.00373852	14.8997
7.00951e-05	7.87401
0.0024544	22.4054
0.0141318	26.4197
0.000250816	20.5913
0.000602484	12.8062
0.00168657	9.79796
0.00113642	11.1355
0.000448227	3.74166
1.19209e-07	0
0.0299797	29.5635
0.000717461	32.28
0.0199268	32.0312
0.00049746	7.61577
0.0005669	29.7658
3.57628e-07	0
0.0010789	11.0454
1.3113e-06	2.44949
0.000519753	5.09902
1.44839e-05	2.44949
0.000357985	5.65685
0.00406855	11.0454
7.03335e-06	2.44949
2.98023e-07	2
0.00878382	33.0454
0.00109679	19.6977
4.26769e-05	2.44949
0.00138783	6.48074
0.00586933	23.9165
0.000563562	12.8062
0.00175112	5.65685
0.00097084	7.34847
9.23872e-07	2
9.89437e-06	2.44949
0.000204921	8.3666
0.000603497	3.4641
1.19209e-06	2
2.68221e-07	0
0.00284994	27.4226
0.000143528	16.3095
5.96046e-08	0
1.2517e-06	0
0.00029093	8.60233
0.000124693	11.225
0.0136956	45.4092
0.00746024	19.4422
0.00199914	48.1871
0.0368152	64.622
0.000415921	17.2047
0.000647664	3.16228
0.00228477	16
0.00014019	5.09902
4.17233e-07	2
0.00126433	20.1494
0.00417972	31.5595
6.1661e-05	4.24264
0.0059365	16.5529
1.60933e-06	1.41421
0.000642896	6.32456
0.0168229	33.6749
0.000261188	5.2915
0.000122428	10.6771
0.0004794	3.4641
7.05719e-05	9.59166
0.00369364	32.28
0.00213122	9.27362
0.000678301	4.69042
1.78814e-07	1.41421
0.00146961	12.8841
9.28938e-05	12.5698
0.000702977	4.69042
0	0
0.000532269	14.3527
3.27826e-07	0
0.00187945	38.8587
0	0
0.000670195	10
0.000589371	3.16228
0.00296962	38.1051
0.00146997	4.69042
1.72853e-06	1.41421
0.00275075	13.4164
2.63453e-05	7.48331
0.000421286	4.47214
5.96046e-08	2
0.00262839	12
0.0151187	45.1885
0.000971675	12.083
0.0146083	28.4605
0.00277448	21.587
0.000533819	5.65685
0.00020057	22.4054
0.0072667	49.679
0.000165105	5.65685
0.00165403	7.48331
0.00159091	12.9615
1.01328e-06	1.41421
1.19209e-07	1.41421
0.000123918	22.1811
0.00129491	8.12404
0.00074023	11.0454
0.00200349	10.4881
0.0451862	63.8279
0.000502944	5.2915
0	0
0.000107527	8
1.2517e-06	2.82843
0.000710368	9.79796
2.3663e-05	1.41421
2.60472e-05	7.48331
7.56979e-06	1.41421
0.00340825	29.2233
0.000381827	5.09902
0.000679493	14.0712
0.00291848	21.6795
0.00130081	14.9666
0.000434041	9.16515
0.0119466	23.7487
0.000797629	6.16441
0.000797033	11.7473
1.78814e-06	0
0.016965	36.4966
0.000256538	6.78233
0.000234187	5.65685
0.00139463	8
0.00199544	18.3303
2.43783e-05	4
0.000336975	30.5614
0.000494421	18.1108
8.9407e-08	1.41421
0.000131488	2.82843
0.00874138	13.6382
0.00128043	3.74166
1.19209e-06	1.41421
0.00791085	22.891
0.00760067	19.6469
0.000867963	8.7178
0.00115013	3.4641
0.0116818	39.1663
0.000668764	7.48331
0.0265791	55.6417
1.13249e-06	0
0.000880241	10
0.00883651	65.192
0.000507176	36
0.00254202	44.3621
2.98023e-08	1.41421
2.38419e-07	1.41421
0.000183046	4
0.0165391	27.6406
2.63453e-05	7.2111
8.16584e-06	3.4641
1.93715e-05	4.89898
0.00124943	12.7279
0.00209922	11.0454
7.11009e-05	7.74597
0.00160372	5.2915
0.00113833	4.47214
0.00311118	19.1311
9.53674e-07	2
0.00825298	25.5343
0.00836182	48.4355
0.00041759	7.74597
0.000258267	25.02
0.000572979	17.1464
0.00722969	16.0624
0.00142003	41.328
0.000271082	6.9282
0.000353515	22.9783
0.00189757	8
0.00128418	10.6771
6.55651e-07	2
0.00405002	55.6237
0.0382766	40.7185
6.13928e-06	1.41421
0.000542164	6.48074
6.80685e-05	2.82843
0.000124574	11.1355
0.000641227	4.69042
0.00453019	27.5318
0.000223637	5.65685
0.215292	133.139
0.483236	135.255
0.499225	223.092
0.561746	213.195
0.470977	172.029
0.500877	226.725
0.507425	223.477
0.257658	131.225
0.517047	183.537
0.504104	178.623
0.499281	216.06
0.330256	224.971
0.462187	176.912
0.388702	153.075
0.499324	242.396
0.143482	91.3127
0.568486	177.353
0.525824	232.895
0.529412	214.355
0.430464	205.859
0.494516	225.632
0.517624	241.661
0.207781	129.267
0.558121	229.486
0.389539	222.203
0.487378	236.816
0.514408	177.994
0.0182639	60.5145
0.457811	246.345
0.539206	221.029
0.410309	171.02
0.498741	229.626
0.512893	229.277
0.507394	238.78
0.0786453	57.1839
0.1206	113.119
0.458492	240.72
0.000945985	10.9545
0.00133246	16.2481
0.489225	171.33
0.481958	222.081
0.491287	173.245
0.532502	161.202
0.0402482	133.993
0.549281	240
0.42318	163.505
0.509708	191.917
0.463862	191.128
0.649282	204.367
0.00117254	9.69536
0.548207	239.812
0.0836395	127.851
0.692886	249.463
0.456662	233.628
0.524405	204.25
0.111883	112.677
0.610842	159.962
0.482479	227.262
0.598113	164.414
0.143502	151.565
0.514538	165.415
0.243107	191.572
0.519632	236.508
0.362512	207.865
0.469159	172
0.360645	162.308
0.495556	237.141
0.498355	223.41
0.458243	168.481
0.4505	249.836
0.231065	90.5538
0.545992	232.452
0.490965	233.731
0.556943	146.451
0.490079	238.432
0.26606	114.219
0.21566	155.486
0.526845	209.375
0.372389	217.683
0.496604	164.445
0.451483	172.418
0.459936	237.175
0.497108	215.016
0.497391	176.545
0.489715	176.329
0.142904	116.91
0.368014	210.879
0.499814	214.788
0.54555	218.71
0.497374	240.649
0.409568	171.248
0.56163	200.634
0.426135	222.198
0.303882	152.112
0.531452	207.475
0.441429	236.432
0.509554	174.23
0.00159204	70.6399
0.388744	143.409
0.543968	146.301
0.363241	144.762
0.51752	246.597
0.389159	213.958
0.542544	172.256
0.539683	162.819
0.541354	221.016
0.230866	175.157
0.624366	254.774
0.288882	169.794
0.534814	194.505
0.627301	160.642
0.511692	157.417
0.467784	144.824
0.135899	170.37
0.494156	239.048
0.51639	216.85
0.610352	173.557
0.0317429	99.6494
0.207962	103.923
0.206225	139.083
0.224267	122.687
0.486143	235.873
0.214033	132.831
0.39312	143.645
0.459388	156.933
0.370738	242.743
0.549021	240.637
0.490083	169.841
0.53813	250.87
0.524627	226.782
0.540162	164.25
0.481733	176.726
0.392533	199.103
0.548882	179.148
0.253096	135.196
0.554701	155.493
0.495541	187.366
0.604913	199.203
0.528575	227.183
0.543399	141.089
0.511731	175.368
0.0848904	88.9157
0.36015	124.812
0.532475	151.036
0.530525	168.784
0.432514	182.066
0.522038	221.617
0.560567	209.7
0.518077	200.165
0.0173887	23.7487
0.181024	95.0894
0.510894	224.201
0.47277	155.929
0.543776	167.583
0.114006	88.9157
0.201913	89.8332
0.393988	170.658
0.0729824	149.345
0.569904	167.756
0.509223	212.974
0.588623	242.594
0.40681	167.206
0.414379	164.797
0.508938	209.538
0.476486	163.542
0.398129	155.061
0.513888	157.277
0.341604	207.803
0.515302	194.149
0.508505	177.561
0.060238	95.1945
0.221701	112.934
0.399329	152.984
0.533511	186.848
0.498299	210.247
0.417068	170.71
0.5684	178.885
0.543298	208.72
0.436678	163.878
0.503748	250.867
0.438883	179.994
0.203058	85.3815
0.484895	230.586
0.0824196	63.5295
0.356318	214.826
0.194235	158.795
0.506114	187.745
0.549989	235.767
0.614397	223.884
0.470913	227.807
0.390406	145.128
0.405792	167.929
0.611945	239.22
0.198304	110.58
0.649242	190.919
0.0973361	134.707
0.375298	151.255
0.538132	200.484
4.22001e-05	4.89898
0.188683	110.77
0.00196922	13.1149
0.00025475	26.3818
0.000872135	8.3666
0.000103951	0
0.0236983	31.0483
0.00112265	15.2971
5.96046e-07	2.82843
0.000297785	5.65685
0.00211751	23.4521
0.0058229	32.311
0.00192845	25.6125
0.00945091	25.1794
0.000873744	14.8997
0.00253332	14.9666
0.00050807	6.78233
5.36442e-07	0
0.00399327	14.8997
0.00163156	9.05539
0.000511527	5.83095
0.0279808	45.4092
0.00482047	15.0997
0.0164493	95.3834
1.19209e-07	2
1.19209e-07	0
1.43051e-06	0
0.000117898	10.198
0.00399721	29.5973
0.00375038	24.6577
0.000272751	13.5647
0.0091846	19.2354
0.0013088	7.34847
0.00404745	27.5681
2.02656e-06	2.82843
0.000867784	3.4641
2.70009e-05	3.16228
0.00100183	4.69042
0.000875115	5.65685
0	0
0.00163227	31.5911
1.19209e-07	0
0.0109569	26.6833
0.00334382	29.7993
1.13249e-06	1.41421
0.000426888	5.47723
0.000223041	16
0.012652	63.4665
3.57628e-07	2
0.000248373	15.9374
0.000662684	6.48074
0.000450909	4.89898
0.00472277	11.3137
5.96046e-08	0
0.000116587	4.89898
2.98023e-07	1.41421
5.96046e-08	0
0.000544429	6.32456
0.00678241	18.2209
0.00169599	7.2111
0.00571382	26.4197
0.000218451	16.6733
5.42402e-06	5.09902
6.86049e-05	3.4641
0.00390828	33.8821
1.19209e-07	1.41421
4.82798e-06	1.41421
0.0174307	25.6905
0.000795364	9.05539
5.59688e-05	2.82843
0.00229275	10.583
4.55976e-05	4.47214
1.83582e-05	1.41421
0.000386298	7.34847
3.57628e-07	1.41421
4.17233e-07	2
0.0237665	27.0185
0.00127232	7.74597
0.000825167	8.94427
0.000984311	7.87401
0.000140786	3.74166
0.00068897	6.78233
0.0012686	8.94427
0.00338256	10.198
9.27448e-05	3.74166
2.98023e-07	2.44949
0.0151013	33.4365
0.000753284	10.9545
1.90735e-06	1.41421
1.26362e-05	3.16228
4.94719e-06	3.16228
5.30481e-06	0
0.00157958	12.49
0.00106835	16.1864
0.000156045	2.82843
1.43051e-06	1.41421
0.00117999	7.61577
0.00351739	15.0333
6.97374e-06	2
0.00499481	22.3159
0.00155735	9.59166
0.00011307	2.82843
4.99487e-05	8.94427
0.000101864	8.83176
0.0300446	69.1086
1.19209e-05	2.44949
0.00829205	58.3952
0.000470936	9.69536
0.00165331	10.6771
1.01328e-06	2
0.00310612	48.1871
0	0
0.000692725	26.3439
0.0125588	24.6577
5.30481e-06	2.82843
0.000802159	10.198
0.00823849	24.9399
6.55651e-07	1.41421
0.0163763	98.0612
0.0288073	67.3053
0.0237604	39.5727
0.000229925	22.5832
1.37836e-06	0
0.0172337	40.8167
0.000264078	3.74166
0.000212908	10.6771
4.17233e-07	1.41421
0.0001598	10.3923
0.000784338	7.07107
4.17233e-07	0
0.000147998	9.8995
5.96046e-07	1.41421
2.38419e-07	1.41421
0.00378966	15.2315
0.000106156	6.16441
0.000350296	25.4165
0.00138056	15.748
0.000818133	3.74166
0.00104427	17.6635
0.00138688	13.4907
0.000708401	27.2397
0.00117266	11.225
0.000224113	12.49
0.000132561	2.82843
2.0504e-05	4
0.00181031	11.4891
0.0135953	37.7359
0.0231141	29.7658
0.000844002	7.61577
0.00264847	9.38083
0.00388974	16.9706
0.00107813	7.2111
4.88758e-06	2
0.000389576	10.0995
0.00453389	26.1151
9.53674e-07	0
0.000675917	5.65685
0	0
0.00254142	49.1935
1.19209e-07	0
0.000322461	6.48074
2.98023e-07	0
7.03335e-06	4.47214
0.00073868	9.69536
0.00438221	13.1149
0.000353158	7.61577
0.000271916	13.5647
0.0120261	38.6523
1.19209e-07	2.82843
5.55515e-05	3.74166
0.000500023	10.583
4.76837e-07	0
0.000223756	3.16228
0.00263894	14.8997
1.84774e-06	2
0.0123793	43.4051
5.96046e-08	1.41421
0.00174677	18.868
0.00119174	8.12404
0.000101447	3.4641
0.000379741	11.4018
7.39098e-06	1.41421
0.00421405	26.6083
0.000278413	5.09902
0.000758767	9.16515
0.0139033	37.1483
0	0
9.35793e-06	5.65685
3.45707e-06	0
0.00675118	15.6844
0.00625885	15.9374
5.96046e-08	1.41421
0.00646651	21.1187
0.000833452	6.9282
0.0110258	18.1108
2.96831e-05	3.16228
0.00124335	20.8806
0.000132918	4.69042
8.9407e-07	1.41421
0.00102556	10.9545
0.0157039	31.8748
0	0
0.516749	237.445
0.499856	133.993
0.241049	111.937
0.195158	115.117
0.116217	137.666
0.500376	218.792
0.521577	200.25
0.53765	217.251
0.265752	160.879
0.591979	204.088
0.553962	160.331
0.19936	79.6492
0.465404	190.068
0.525045	234.964
0.0984442	120.25
0.500631	240.283
0.398172	177.449
0.493324	186.869
0.482562	164.688
0.359073	141.711
0.0360153	90.4323
0.131244	82.4864
0.564734	200.918
0.218071	114.804
0.35267	156.346
0.631147	212.476
0.521273	221.355
0.490306	193.365
0.286443	156.333
0.0236865	53.9259
0.505283	236.968
2.09548e-09	0
0.501085	106
0.525744	217.141
0.50731	209.299
0.485545	220.681
0.513979	216.384
0.585432	228.035
0.169946	122.597
0.11826	134.142
0.547661	182.713
0.395708	87.8066
0.424727	164.924
0.472339	240.237
0.631625	214.499
0.544525	204.284
0.287681	143.722
0.542857	237.567
0.456935	179.265
0.254325	198.756
0.526138	200.23
0.584156	168.885
0.599903	246.016
0.515244	227.372
0.511686	253.053
0.542332	217.076
0.259129	147.357
0.552922	224.499
0.616469	222.036
0.321837	196.662
0.155471	154.557
0.53966	239.002
0.545335	208.384
0.387681	196.916
0.521604	201.846
0.186767	129.043
0.404638	175.037
0.523528	210.623
0.44354	128.429
0.219986	128.725
0.615813	246.909
0.204957	102.674
0.619565	249.972
0.184681	106.452
0.546427	225.322
0.539299	175.311
0.000381738	8.48528
0.512223	237.807
0.429044	230.82
0.528747	205.022
0.5343	223.271
0.692842	247.002
0.500587	166.547
0.491988	207.21
0.0377823	90.0222
0.505146	147.235
0.52943	195.745
0.525295	236.292
0.514489	199.539
0.507412	201.46
0.483766	215.597
0.601476	197.104
0.516705	158.461
0.593837	251.197
0.511082	185.478
0.0656716	112.223
0.534919	230.004
0.512818	148
0.539747	177.927
0.350545	152.394
0.363111	162.954
0.0240253	42.6849
0.478416	213.364
0.440684	203.13
0.408522	186.14
0.495912	177.499
0.51109	162.099
0.544587	198.877
0.519281	176.46
0.0342468	28.2489
0.561061	225.522
0.558016	225.579
0.546625	220.803
0.476273	216.328
0.362575	174.991
0.472959	216.278
0.230196	208.043
0.564272	219.581
0.111434	109.9
0.646513	230.382
0.244005	134.261
0.384094	176.975
0.481892	197.52
0.536513	225.57
0.505853	149.426
0.476732	141.117
0.522838	232.641
0.512637	227.271
0.513141	206.954
0.574519	215.053
0.202614	172.569
0.00363111	12.083
0.0578967	79.4607
0.552462	229.408
0.501034	183.516
0.545491	249.804
0.183634	121.787
0.53706	220.127
0.518378	199.193
0.245173	128.623
0.500769	198.58
0.536927	175.699
0.208095	87.2468
0.532354	226.04
0.293624	116.559
0.0195438	25.5343
0.512339	215.541
0.611997	214.187
0.384897	160.549
0.349009	201.519
0.0594432	62.9921
0.0876384	74.0675
0.453801	195.315
0.467147	151.974
0.555645	242.058
0.630763	210.556
0.491475	197.434
0.531576	215.94
0.528517	204.074
0.51346	160.879
0.295585	134.759
0.56736	150.93
0.589156	229.791
0.564818	241.491
0.251182	90.8405
0.0724735	56.6922
0.508057	115.143
0.472114	107.21
0.559825	237.987
0.566652	215.694
0.060783	35.1852
0.631739	215.601
0.43418	196.143
0.283418	175.733
0.533618	235.665
0.633513	230.421
0.511375	163.456
0.501252	198.545
0.402482	165.723
0.657461	139.04
0.635509	225.158
0.0921049	83.5105
0.538681	188.08
0.372534	218.591
0.437336	249.552
0.22151	111.929
0.536268	228.683
0.385439	205.183
0.495705	220.145
0.420356	159.003
0.558292	183.641
0.64309	225.805
0.51464	171.889
0.606261	232.964
0.481152	193.479
0.419991	163.352
0.294806	182.669
0.49606	230.183
0.534703	244.957
0.636389	176.062
0.00142002	16.1864
0.00697243	45.2327
1.29938e-05	1.41421
1.19209e-07	0
0.000674486	8.83176
0.000868857	9.8995
0.000305176	5.47723
5.96046e-08	0
0.00705862	12.2474
0.0212097	43.795
0.00020802	6.48074
0.00494152	9.48683
4.82798e-06	1.41421
0.00205016	16.7332
0.0261904	62.7057
0.0231085	51.4976
0.00146151	11.1355
0.00175166	5.47723
0.00200224	17.4356
0.00505185	9.79796
0.000278652	4.24264
0.000253797	6.32456
0.0239689	60.8933
0.00189316	20.2978
0.000891685	5.09902
3.75509e-06	0
0.00129068	8.12404
2.38419e-07	0
0.000345886	4.89898
2.98023e-08	0
0.00209355	8.94427
0.000657022	8.60233
0.000521302	13.1909
0.00387406	12.9615
7.7486e-07	2.44949
0.0262705	29.8664
0.00205779	20.8327
0.00117704	11.3137
0.0296291	61.4654
0.00163734	9.16515
0.000109255	10.198
0.00823033	30.1993
0.000373363	3.16228
0.00229764	14.6287
0.000746608	8.24621
0.00110519	8.83176
1.01328e-06	2
0.00236464	12.2474
0.0260128	43.359
1.19209e-07	2
0.00547993	40.939
0.00183189	15.8114
0.0207032	41.8808
0.00020504	4
2.98023e-07	0
2.38419e-07	1.41421
0.00126004	6.32456
0.000712991	5.65685
0.000295162	13.4164
0.00213134	8.83176
2.98023e-07	0
1.01328e-06	1.41421
0.00643843	35.6651
0.0705134	82.134
0.000225723	13.784
0.000167727	4.24264
5.96046e-08	0
0	0
0.000156283	4.89898
0.00129259	11.8322
0.000821352	7.2111
1.90735e-06	2
0.000119686	4.24264
9.18508e-05	7.34847
0.00124758	11.8322
0.0022763	9.59166
0.00157845	15.8745
0.00322044	10.2956
0.00106919	27.313
0.00127435	13.2665
2.26498e-06	1.41421
0.00128925	15.2971
0.00073421	8.12404
0.00105321	14.6969
3.8743e-07	0
0.000715375	7.2111
1.90735e-06	2
0.00193763	9.05539
0.000752985	6.63325
0.00315106	12.6491
0.00116438	23.4521
0.000684142	6.48074
4.76837e-07	1.41421
0.00172532	23.6643
0.00103295	12.3288
7.44462e-05	2.82843
0.00478113	15.2315
2.77758e-05	2.44949
0.000712991	5.83095
0.00103921	8.24621
2.26498e-06	2.44949
0.000494957	14.6287
0.00819927	24.6577
0.00189757	10.3923
7.7486e-06	4.47214
0.00196731	17.0294
0.000421345	8.7178
0.00317073	22.6274
1.07288e-06	0
0.000242233	2.44949
0.000226259	4.24264
0.000851572	27.4226
0.000549316	3.74166
4.64916e-06	2.82843
0.0155482	20.9762
0.0209823	46.4327
0.000794351	20.6882
0.000393033	20.0499
0.00582379	10
4.17233e-07	2.44949
0	0
0.000186026	7.87401
0.000968337	11.4018
0.00175321	6.16441
1.78814e-07	0
0.00855529	16.3095
3.8743e-07	0
0.000123382	4.24264
0.000139475	3.16228
0.0116909	30.7896
1.49012e-07	1.41421
3.39746e-06	2.44949
0.00256419	31.8434
0.00631928	17.5499
0.00550115	31.5595
0.0123853	62.9126
0	0
0.000503063	8
0.00726819	23.4947
0.00456285	17.72
0.00150275	18.8149
3.51667e-06	0
2.98023e-07	0
0.000595689	7.2111
0.00107288	7.48331
0.0139068	77.1362
0.000692129	12.1655
3.33786e-06	1.41421
0.00149107	8.83176
2.98023e-08	0
3.03984e-05	2.82843
0.000563204	17.6635
0.000578523	10
9.11951e-06	1.41421
0.000200152	4.24264
0.000687599	12.7279
0.000630379	8.60233
0.00297832	23.8328
0.00250697	9.8995
1.60933e-06	1.41421
0.00507408	20.1494
0.000100762	10.6771
0.000542164	12.3288
0.0042392	29.5635
0.00750315	41.7373
5.96046e-08	0
2.43485e-05	2.44949
0	2
0	0
0.00563955	21.6333
6.3777e-06	3.74166
1.2517e-06	0
2.98023e-07	1.41421
0.00489998	21.166
0.000126302	7.74597
0.000797033	3.16228
0.0014897	30.3645
6.55651e-07	2
0.00010705	4
1.19209e-07	0
0.00239754	7.61577
0.000554323	5.2915
0.000319242	3.4641
5.75185e-06	3.16228
5.87106e-06	2.44949
0.00133514	19.4422
0	0
0.000335395	11.1355
0.000487685	7.87401
0.00153685	8.83176
6.97374e-05	3.16228
7.80821e-06	1.41421
0.00099349	9.16515
5.96046e-08	0
2.52128e-05	2.82843
0.00695187	61.8061
0.0016219	11.1355
0.00711524	39.1152
7.15256e-07	2.44949
1.78814e-07	1.41421
0.527777	240.782
0.569005	242.153
0.524111	138.333
0.50626	238.407
0.35801	139.356
0.0591881	40.2989
0.543215	145.155
0.497136	224.86
0.319866	137.004
0.0261324	105.243
0.471487	213.668
0.333474	145.897
0.497195	251.476
0.505037	227.174
0.50765	163.945
0.273194	127.515
0.41431	172.012
0.397334	159.443
0.56986	145.045
0.51754	233.645
0.18964	199.374
0.515036	217.223
0.372459	182.565
0.538657	239.883
0.375749	182.861
0.282165	172.87
0.550125	198.801
0.485495	244.356
0.504801	229.843
0.170642	210.523
0.394301	180.488
0.440215	231.032
0.600344	181.03
0.542092	225.628
0.258576	110.309
0.536691	238.416
0.0263795	54.8635
0.264645	122.613
0.479076	181.433
0.487012	242.907
0.526255	221.612
0.545896	233.735
0.542703	208.389
0.495394	226.888
0.370207	159.944
0.540026	150.499
0.530568	174.264
0.461578	203.13
0.222734	74.6994
0.122147	83.5703
0.557312	163.524
0.518006	241.628
0.519438	234.376
0.218567	109.973
0.513516	229.22
0.555096	235.045
0.0886155	85.8836
0.510203	170.511
0.106951	90.3659
0.496378	188.68
0.54323	225.113
0.53618	240.037
0.49464	137.899
0.616079	243.614
0.49174	133.993
0.522503	171.505
0.320078	126.159
0.5374	177.127
0.489668	218.257
0.483415	183.008
0.327572	97.4987
0.125649	72.856
0.568293	227.165
0.481188	227.68
0.548845	167.547
0.110438	113.464
0.466012	230.573
0.653282	230.447
0.489372	240.608
0.527889	155.968
0.692854	257.694
0.194984	128.499
0.481254	137.499
0.562189	243.446
0.638361	239.646
0.293959	127.773
0.510085	132.718
0.538625	239.449
0.542076	161.369
0.499803	176.023
0.0967411	131.415
0.27157	114.446
0.0750509	74.4043
0.498169	230.998
0.530839	222.607
0.478189	221.545
0.0810642	83.5344
0.330113	142.871
0.545428	179.354
0.00227171	85.2408
0.368168	170.3
0.504651	239.633
0.243032	138.852
0.481086	243.212
0.526786	169.405
0.00108427	16.6132
0.540193	155.28
0.139502	86.487
0.374716	117.745
0.541403	247.823
0.074692	61.5467
0.370824	170.159
0.517169	140.064
0.257286	86.0465
0.610732	242.273
0.479948	224.228
0.504335	245.471
0.411396	199.935
0.49264	230.985
0.367844	225.428
0.498997	136.726
0.158209	149.164
0.607138	246.426
0.496792	176.471
0.513094	232.323
0.145593	146.949
0.578996	156.115
0.472484	137.55
0.527418	238.004
0.276701	158.487
0.555345	246.418
3.016e-05	0
0.480705	210.908
0.522233	169.358
0.628977	240.786
0.567841	215.021
0.356064	157.347
0.563166	188.181
0.486489	200.584
0.187798	100.916
0.274003	200.225
0.574228	246.568
0.422567	231.309
0.18333	176.04
0.357085	184.738
0.27857	128.258
0.519043	168.63
0.553814	145.815
0.306689	149.867
0.464919	237.739
0.225846	136.455
0.499747	160.474
0.00056386	30.133
0.531592	155.268
0.55203	146.164
0.36304	118.347
0.535164	232.405
0.545561	244.512
0.441367	234.252
0.573102	200.035
0.490015	253.31
0.0311592	58.9746
0.552815	202.988
0.526775	213.78
0.288701	123.685
0.0189577	16.6132
0.581191	234.538
0.5213	153.779
0.523672	177.809
0.571352	219.791
0.322101	184.667
0.534717	138.058
0.526323	231.331
0.0420308	66.0606
0.00107965	17.0294
0.377453	178.561
0.524539	196.977
0.467174	180.892
0.534413	152.65
0.262246	104.413
0.568068	172.899
0.470661	155.126
0.394577	214.663
0.487437	210.874
0.325055	141.294
0.0869135	204.494
0.55093	196.871
0.619892	254.57
0.164744	88.0114
0.528993	138.607
0.536385	238.851
0.535326	144.817
0.509961	141.287
0.0439173	79.5236
0.646346	236.33
0.514404	185.72
0.621795	190.237
0.0875919	80.1249
0.212734	161.27
0.477252	130.415
0.000122488	2
0.0149179	50.0999
0.00553727	95.7079
0.0166092	23.8747
1.14143e-05	3.16228
0.000260532	15.0333
7.4029e-05	4.69042
4.57168e-05	5.83095
0.000640154	6.63325
5.96046e-08	1.41421
6.46114e-05	3.16228
0.00768137	24.0832
0.0150876	15.4272
0.00024879	4.89898
0.00379934	71.9166
0.00203145	7.07107
0	0
0.00323832	8.48528
0.00125742	9.16515
4.58956e-06	0
0.00041151	22.5832
0.00236058	8.12404
4.56572e-05	14.6287
0.00117147	17.72
0.00220454	22.9783
0.0038321	11.9164
0.000102639	4
2.38419e-07	0
0.00123703	29.5296
2.6226e-05	2.82843
0.000132263	16.4924
1.78814e-07	0
0.00154054	5.83095
0.0110487	26.8701
8.9407e-08	1.41421
0.00661933	21.4476
8.14199e-05	2.82843
0.0493723	83.3667
0.00076896	7.2111
1.49012e-07	1.41421
0.000575185	8.83176
0.00205481	19.2354
0.0073638	29.0861
0.000676513	3.16228
0.0107198	66.5733
5.00679e-06	1.41421
0.00393152	24.1247
0.000734508	21.6795
0.00272048	42.2611
0.00119209	9.38083
5.48959e-05	5.47723
0.00192875	12.4097
0	0
0.00211322	23.8747
0.000403702	10.583
0.000145108	6.48074
0.00118113	10.583
0.000265479	4.47214
1.78814e-07	0
0.000922382	42.45
5.36442e-07	2.44949
0.00233966	22.0907
7.39098e-06	2.82843
0.00149852	18.2757
0.00243062	8
0.000925362	42.9185
0.00057292	6.63325
1.78814e-05	2.82843
0.000462532	17.088
2.68221e-07	2
0.00175917	15.6205
0.000305891	6.63325
0.0497124	29.1204
0.00951967	48.4974
0.0218365	38.833
0.0241722	125.881
0.00864589	42.8019
5.30481e-06	2
0.000550061	20.6398
0.00106514	13.784
0.00489664	27.3496
0.00281852	24.8596
0.000813961	6.78233
1.84178e-05	3.74166
4.76837e-07	1.41421
0.000446737	22.9783
0.000302732	30.2324
0.0138279	42.7785
0.00231433	34.6121
0.00293797	7.87401
7.46846e-05	11.1355
0.01021	56.3738
0.000924826	41.8091
0.00147414	10.198
0.00567412	12
0.00103641	13.784
0.00192511	16.5529
0.0142541	25.7294
0.000377655	5.47723
0.00422978	10.4881
0.0142625	26.9444
0.000951707	6.9282
0.000402093	6
0.000642955	5.65685
7.62939e-06	2.82843
0.000208437	13.1909
0.00422013	13.5647
8.9407e-07	3.16228
5.41806e-05	5.2915
0.00851321	34.1467
0.0095191	54.6626
0.000722587	22.4944
2.98023e-08	0
0.000921786	42.638
0.000396371	37.0675
0.0677961	64.1249
2.98023e-07	1.41421
0.0022589	11.6619
0.00381172	21.4009
0.00080514	7.34847
0.0243719	23.2809
0.00153494	12.7279
0.000659227	5.65685
0.0642544	61.5142
0.00991762	17.088
0.00666606	29.6648
0.000796974	20.8806
0.00323695	10.8628
0.0011853	5.65685
0.000472903	6.9282
3.8147e-06	1.41421
0.000555992	12.6491
0.000303149	15.4272
0.00654793	30.0666
0.00109476	10.8628
0.00645721	24.8998
0.019415	33.4664
0.000705123	6.16441
0.0241105	27.4591
0.000505805	6.48074
0.0182708	30.4959
9.29832e-06	5.47723
0.00137013	14.2829
1.19209e-07	2
1.60933e-06	1.41421
0.00400406	87.9318
2.38419e-07	1.41421
0.000847369	10.0995
0.00741422	20.7364
0.000205398	2.82843
0.0034008	16.4317
0	1.41421
0.000406802	11.7473
0.000605583	6.48074
2.98023e-07	0
1.7345e-05	1.41421
0.00557423	96.1873
0.016824	22.9783
0.00441325	13.9284
0.000363827	5.09902
1.43051e-06	2
2.0802e-05	1.41421
0.000860989	13.9284
0.000187635	3.74166
8.82149e-06	1.41421
1.78814e-07	1.41421
0.0157081	34.2637
0.0064159	62.0161
0.00202757	31.6228
0.000166237	9.8995
0.00850517	19.1311
5.96046e-08	1.41421
0.000759125	7.61577
0.00673765	65.7419
0.00108254	2
3.57628e-07	0
4.17233e-07	2
0.00496793	16.8523
0.000851572	31.241
0.00673962	24
0.00113952	11.225
0.00941563	21.8174
0.000380397	3.4641
0.00779789	85.6037
0.0115299	22.1811
0.00289667	12.8841
5.36442e-07	4.69042
0.0172729	36.7423
1.68085e-05	5.65685
5.96046e-08	1.41421
8.43406e-06	2.44949
0.0236402	107.49
0.000615358	6
0.000934243	16.4924
0.0011183	5.47723
0.00305605	11.8322
9.53674e-07	2.82843
0.00124538	7.07107
0.00408018	10.3923
0.000470638	7.34847
0.511495	124.129
0.66376	234.93
0.539552	210.789
0.572552	252.242
0.414234	212.471
0.543599	205.811
0.459255	212.019
0.388467	146.779
0.149226	147.37
0.116492	68.2056
0.656078	233.439
0.398217	160.025
0.55864	168.914
0.521486	244.679
0.138937	112.116
0.434328	159.192
0.535953	244.254
0.553875	134.863
0.519799	154.123
0.51432	179.722
0.255745	145.623
0.506839	154.532
0.518691	193.634
0.251652	106.715
0.537777	232.263
0.585647	234.282
0.650903	222.715
0.531376	205.796
0.0741688	75.2463
0.235273	150.246
0.634587	212.302
0.153588	113.199
0.511881	225.313
0.49229	215.893
0.109647	102.655
0.120167	79.3851
0.472661	125.992
0.504141	226.949
0.518581	198.997
0.364539	165.608
0.484936	220.794
0.504851	217.839
0.459818	232.276
0.525806	178.034
0.489534	208.701
0.00770199	19.6977
0.554457	208.355
0.542641	199.259
0.245489	145.712
0.472479	181.069
0.562614	227.636
0.511576	185.779
0.38965	223.141
0.481495	227.508
0.28282	114.07
0.547734	217.927
0.521998	191.583
0.55661	243.733
0.54124	206.403
0.620694	222.989
0.514261	184.136
0.510197	218.769
0.124345	101.084
0.506277	190.872
0.515352	195.264
0.528372	224.918
0.171971	83.9524
0.481691	208.408
0.536126	235.321
0.558887	212.626
0.201308	129.854
0.335204	160.91
0.525301	182.598
0.343225	208.902
0.618607	218.888
0.161847	103.441
0.511579	157.696
0.453847	220.445
0.36904	188.271
0.516467	238.981
0.503459	205.134
0.367476	157.207
0.554081	139.7
0.506802	214.49
0.611929	221.052
0.526735	188.138
0.509593	187.275
0.50913	129.946
0.20846	173.165
0.502427	221.621
0.314749	135.787
0.529147	204.372
0.564674	233.743
0.53937	170.505
0.259793	192.863
0.549832	206.538
0.227219	127.012
0.554563	237.689
0.526219	238.755
0.412008	192.297
0.515376	226.857
0.607138	190.337
0.138891	160.611
0.516213	221.721
0.605619	219.126
0.491878	151.195
0.0974988	123.418
0.241601	151.05
0.491123	228.792
0.563862	241.508
0.530016	179.248
0.299051	152.872
0.692759	251.952
0.521322	189.13
0.51626	195.202
0.529267	151.341
0.403065	132.838
0.492498	168.819
0.00266951	17.1464
1.01328e-06	2
0.648653	176.454
0.432484	168.113
0.56483	198.182
0.518407	191.034
0.520218	233.058
0.5516	171.47
0.466074	159.317
0.463745	221.865
0.537499	167.762
0.505632	248.483
0.497093	142.014
0.358145	188.653
0.130299	106.358
0.546414	195.377
0.277658	151.374
0.322288	119.616
0.550629	199.484
0.512574	188.791
0.518553	162.635
0.0896488	119.306
0.511317	187.515
0.524259	140.847
0.51986	154.997
0.161611	82.8734
0.36088	161.778
0.528613	241.764
0.118295	106.593
0.536321	250.344
0.498418	194.885
0.355414	211.731
0.517435	224.236
0.499784	138.672
0.408384	138.694
0.497904	205.066
0.530774	228.587
0.515441	187.76
0.249916	152.191
0.591837	183.973
0.0912649	103.653
0.486253	210.238
0.518368	214.014
0.0457761	30.0998
0.244874	174.207
0.200071	142.169
0.515458	217.159
0.527761	217.559
0.52558	215.606
0.502561	171.855
0.483698	220.095
0.54749	216.217
0.163557	81.4616
0.53746	234.286
0.509942	181.312
0.497372	142.632
0.532519	242.05
0.612722	230.751
0.50382	172.748
0.208777	144.069
0.530586	185.165
0.466357	215.286
0.540678	202.499
0.454069	177.2
0.566643	220.381
0.521674	218.229
0.492185	195.898
0.494546	190.51
0.383919	137.419
0.478573	207.75
0.481206	245.626
0.50787	147.323
0.519146	234.913
0.515604	235.266
0.518654	220.214
0.55466	200.445
0.633791	240.246
0.0259478	47.4342
0.0897104	97.8162
0.548368	217.628
0.171703	105.366
0.557445	206.828
0.018621	40.8656
0.000402451	3.16228
1.14441e-05	6.78233
0.00360012	10.9545
0.00150156	8.7178
0.00756419	28.4253
3.57628e-07	2
0.000297725	9.27362
0.0010314	18
0.0189039	40.5463
0.00600421	23.9583
0.000243008	15.1658
1.19209e-07	0
9.74536e-05	7.61577
0.00134838	6.32456
0.00124002	10
0.00783014	17.0294
0.00284982	11.8322
9.17912e-06	3.74166
0.0143574	27.4591
0.000114799	2
0.000295997	4.89898
0.000781059	6.32456
0.000264406	5.83095
0.00351489	23.8747
0.000546992	8.3666
1.54972e-06	0
4.23193e-06	0
0.0155029	31.3369
7.7486e-07	1.41421
5.96046e-08	0
0.00118887	8.48528
0	0
0.0094229	22.6716
0.0401483	50.4381
0.000981092	20.7846
0.000336528	2.82843
0.0108606	11.225
0.0074293	29.6648
0.0101804	20.199
0.000873089	7.87401
0.00215256	8.7178
5.96046e-07	0
0.000891805	8.7178
7.51019e-06	1.41421
0.002033	40.2741
1.13249e-06	0
0.00120925	15.4919
1.19209e-07	0
0.000126123	2.44949
0.000818253	5.83095
0.0182455	39.598
2.78354e-05	3.74166
0.00518823	19.3907
0.000201106	12.7279
0.000848293	9.05539
0.0109656	35.7771
1.13249e-06	1.41421
0.000183702	4.24264
0	0
0.000214458	2
3.82662e-05	3.74166
5.66244e-06	3.4641
2.38419e-07	0
4.52101e-05	9.05539
0.00114405	6.16441
0.00348711	33.0454
0.00701189	41.3521
0.00719428	27.7128
0.00118768	29.2233
0.00153714	18.7083
0.0015313	4.89898
0.0147321	21.8632
0.00244612	35.4401
0.00283039	7.48331
1.78814e-07	1.41421
0.000553012	4.24264
0.000892043	32.28
0.000101805	11.7473
2.98023e-07	0
0	1.41421
2.98023e-08	0
0.00337929	17.8885
0.000318646	4.89898
8.34465e-07	0
2.38419e-07	0
2.38419e-07	1.41421
0.00140506	10.0995
0.00926626	24.9399
0.0199476	22.4054
0.0011754	11.1355
0.00404429	52.3068
0.00204194	8.83176
3.12924e-07	0
4.76837e-07	0
5.96046e-08	0
2.38419e-07	0
0.0189806	40.5956
0.000150561	4.24264
0.0231234	39.7995
4.72069e-05	6.16441
0.000465155	2.82843
0.00128806	12.8062
0.00136888	31.0805
1.43051e-06	2
9.53674e-07	0
0.0243676	38.9872
5.96046e-08	1.41421
1.78814e-07	1.41421
0.000311375	6.48074
0.00221938	23.7065
1.72853e-06	1.41421
0.000950217	20.445
1.84774e-06	2
0.0309801	43.909
7.15256e-07	0
0.00058949	10.0995
0.0201681	71.3723
0.012821	33.7935
0.000480235	10.3923
0.0320994	48
3.57628e-07	0
0.0122871	22.5832
0.0170491	42.6615
0.000265956	12.9615
0.000786185	27.5318
0.000983357	7.48331
0.000337601	6
1.20997e-05	6.9282
5.96046e-08	1.41421
0.0169289	45.7821
0.0124114	24.6577
5.59688e-05	4.24264
3.57628e-06	1.41421
9.35793e-05	6.63325
2.73585e-05	1.41421
0	0
0.00108159	4.47214
0.0244788	51.788
0.0127578	33.5261
0.0042122	26.4953
3.57628e-06	1.41421
2.49743e-05	2.82843
0.000675559	8.48528
0.000562787	9.16515
0.00152814	8.94427
1.23978e-05	0
0.000308335	11.5758
0.00278372	61.9516
0.00276005	62.0484
0.00108981	5.47723
4.05312e-05	2
4.41074e-06	0
4.12464e-05	7.34847
0.000404835	16.6132
3.89814e-05	9.27362
0.0223639	54.6992
0.034887	32.3419
5.96046e-08	2
0.0184697	39.0128
0.000971556	13.8564
0.00047487	10.3923
0.00172156	14.7648
4.11272e-06	1.41421
0.0074531	55.9285
0.0016526	19.4936
0.0438991	53.3479
0.00577617	24.4131
0.0827547	48.5592
0.00027442	18.6548
0.000431657	5.65685
1.66893e-06	1.41421
0.0330229	64.9307
0.00289088	7.87401
0.00974083	22.1811
0.000735641	29.3598
0.00152707	38.3406
0.00087589	29.0517
1.19209e-07	0
0.00574021	54.6992
0.0173687	45.607
0.0197125	46.4327
0.000478745	9.48683
0.005669	12.8841
5.96046e-07	0
0.00994229	29.3598
0.000399232	8.83176
0.00116575	33.4365
0.000339866	6.63325
0.00110614	12.6491
0.00326091	46.3681
0.00363606	7.74597
0.00354326	19.5448
0.000244707	10.7703
0.00049746	16.3095
0.000792563	8.24621
0.000460029	13.1909
2.98023e-07	1.41421
0.033141	68.469
0.00103444	12.49
0.531239	197.221
0.525334	203.155
0.317208	170.282
0.592261	252.198
0.511535	187.515
0.636726	205.149
0.507793	208.729
0.207106	150.033
0.548356	210.252
0.449866	215.69
0.347202	148.041
0.632154	237.735
0.534381	192.26
0.33828	199.229
0.552045	233.482
0.602269	193.654
0.0872	100.916
0.45069	191.891
0.496013	186.467
0.376491	111.786
0.235937	185.046
0.56807	181.284
0.487803	194.946
0.34702	124.708
0.530292	230.148
0.212749	113.649
0.292283	188.966
0.397518	186.746
0.0943934	117.881
0.165704	146.485
0.461458	175.773
0.488604	192.717
0.191657	116.542
0.364995	170.863
0.519064	222.252
0.265992	192.115
0.488763	234.521
0.531552	218.055
0.199844	143.45
0.535537	216.513
0.477468	173.603
0.535909	250.108
0.502108	192.795
0.537763	225.721
0.338674	204.988
0.533842	224.112
0.0404711	40.694
0.366831	113.225
0.467992	223.383
0.531742	170.857
0.557412	166.241
0.504169	221.959
0.505635	196.092
0.340554	112.978
0.463893	208.643
0.501884	211.58
0.524439	212.636
0.132472	102.655
0.251696	173.81
0.560481	230.2
0.0780898	100.975
0.105519	92.8116
0.464084	144.402
0.542627	154.855
0.606381	181.075
0.462856	206.228
0.00836873	23.4947
0.490686	185.154
0.49177	169.428
0.528959	188.627
0.308503	136.037
0.513389	180.233
0.175545	134.082
0.129755	88.8032
0.394813	180.078
0.523015	175.414
0.516463	200.33
0.485166	223.736
0.400498	171.977
0.501	192.94
0.163742	144.969
0.487399	228.399
0.444241	197.52
0.515617	161.313
0.523861	221.138
0.474739	224.37
0.0454882	78.2815
0.0517021	120.482
0.276392	157.131
0.479087	120.806
0.476118	157.092
0.501759	168.042
0.540076	162.468
0.517888	217.325
0.459816	229.582
0.525746	197.783
0.531458	171.773
0.554759	221.576
0.523759	206.068
0.592349	181.339
0.283714	127.138
0.544326	201.99
0.499904	226.018
0.381349	191.99
0.493908	172.401
0.507783	119.975
0.518878	148.499
0.488207	206.795
0.515751	205.674
0.502591	181.885
0.641637	192.567
0.494437	185.559
0.32105	152.007
0.522155	170.663
0.549812	215.421
0.582031	170.745
0.314006	173.459
0.338103	220.318
0.64041	238.139
0.562019	216.259
0.533904	201.127
0.524587	201.99
0.37264	110.345
0.264529	88.0682
0.605037	205.232
0.542046	229.617
0.491287	219.44
0.623332	209.666
0.282531	164.9
0.208674	159.574
0.318572	130.376
0.0823359	119.758
0.482044	226.822
0.305502	173.741
0.259267	145.582
0.222224	71.0211
0.445005	160.337
0.615744	221.368
0.446524	177.477
0.113136	51.4587
0.0618059	116.301
0.525772	219.868
0.508036	213.771
0.599801	223.043
0.174539	136.602
0.0398266	107.74
0.303729	78.4092
0.537748	239.353
0.501744	161.171
0.520562	155.808
0.00339526	17.3205
0.104595	104.69
0.465914	190.415
0.494024	234.674
0.347421	184.163
0.524935	185.952
0.628226	210.594
0.605865	225.774
0.515603	214.056
0.34207	167.057
0.54778	188.616
0.285798	125.044
0.514777	165.747
0.0254418	106.518
0.526335	240.898
0.472916	205.158
0.434621	185.219
0.523926	220.459
0.336773	183.456
0.491103	137.681
0.533382	216.753
0.0756416	117.686
0.52663	152.48
0.0125692	19.0788
0.522862	219.335
0.53331	183.319
0.602773	224.37
0.543613	178.555
0.564983	239.533
0.477521	219.272
0.521462	121.334
0.562073	219.85
0.13286	128.156
0.614184	231.149
0.413973	202.48
0.509617	227.231
0.516562	195.857
0.234524	124.064
0.540654	180.964
0.348868	207.422
0.467888	174.109
0.528428	181.483
0.43979	134.075
0.527859	155.917
0.483065	166.769
0.437826	191.411
0.526351	202.218
0.457439	189.515
0.236832	125.395
0.267153	191.05
0.00616986	50.9902
0.000783086	8.3666
9.89437e-05	2.82843
5.82933e-05	3.4641
0.0275628	45.1221
0.00589365	46.7761
0.000266194	8.7178
0.0138744	34.7563
2.38419e-07	0
0.000887513	6.9282
0.000945807	11.9164
0.00390649	23.4947
4.47035e-07	1.41421
0	0
2.38419e-07	1.41421
1.04904e-05	4.69042
0.00482714	52.5738
6.47306e-05	3.4641
0.00078845	14.9666
5.96046e-08	0
0.000131845	3.4641
5.06639e-07	1.41421
3.57628e-07	0
0.00249022	25.6515
0.014972	36.0832
1.01328e-06	1.41421
0.000179529	24.8998
0.0137196	70.8378
0.000321507	5.65685
0.0123607	108.407
0.000234604	3.4641
0.0153897	28.9828
1.13249e-06	2.82843
0.000500605	18.2757
2.98023e-08	0
0.000630796	3.16228
0.00184882	28.6356
2.68221e-06	1.41421
7.26581e-05	4.47214
1.43051e-06	2
1.78814e-06	1.41421
0.000205994	4
0.000421643	12.9615
5.96046e-08	0
0.0147669	35.6651
0.00583899	16.4924
0.000190258	8.3666
2.07424e-05	4
0.00242341	14.6969
2.43783e-05	6.63325
1.84774e-06	0
2.38419e-07	1.41421
0.000300527	3.74166
2.98023e-06	0
1.78814e-06	1.41421
0.0143014	57.1314
0.00173473	7.2111
4.17233e-06	0
0.00231355	7.74597
0.00127125	6
5.96046e-08	0
0.00178337	14.7648
0.000583053	4.69042
0.000404179	5.47723
0.000751019	5.09902
0.0055145	41.0122
0.00125861	5.83095
0.000496387	6
0.00146353	5.47723
0.0237645	29.2233
0.0162483	42.9651
0.00488907	16.8523
0.0042423	35.4401
1.37091e-06	1.41421
0.000220746	24.3311
0.0424343	26.3439
2.38419e-07	1.41421
0.0146976	71.8053
0.0161813	30.0666
8.9407e-08	0
0.000120997	2.44949
0.00320643	45.8258
0.00596964	42.6146
0.000310957	4.69042
0.000917971	16.2481
0.0353849	54.7723
0.000330567	6.78233
0.000577569	33.3467
0	0
0.000495672	3.74166
0.00215971	17.2627
6.94394e-06	3.74166
0.000148773	15.6844
0.0238317	44.317
0.00112689	7.34847
0.0016101	20.6398
5.30481e-06	3.16228
8.70228e-06	1.41421
0.0228634	64.4515
0.00198221	14.4222
0.00658804	49.6185
0.028187	25.0599
0.00604057	54.074
6.91414e-06	2.44949
0.000300527	5.09902
0.000265419	9.05539
5.96046e-08	1.41421
0.0382582	34.5832
0.00118154	18.2209
5.72205e-06	0
0.000399232	9.59166
0.00384367	36.0832
0.0099051	32.8329
0.00558519	40.8901
0.000591993	5.09902
1.49012e-06	1.41421
0.0237389	14
0.000502706	29.189
0.0107685	17.8326
9.94205e-05	4.89898
0.000510186	32.9242
0.00396264	37.3631
0.00122547	31.1127
0.000972033	28.6007
0.0269604	48.6004
1.19209e-07	0
2.38419e-07	1.41421
0.00355279	21.2132
0.00036782	12.4097
0.00138164	15.3623
2.98023e-07	0
0.00377536	21.166
2.18153e-05	1.41421
0.00064069	7.34847
5.14984e-05	9.05539
0.0166054	40.5463
0.00516903	40.8656
3.57628e-07	0
0.00418616	77.7689
0.00577509	15.3623
0.000902057	6.63325
6.33597e-05	11.0454
0.0146973	71.8053
0.000939608	5.65685
0	0
0.000394285	4.47214
0.012799	41.5452
0.00706607	41.7373
0.000622869	8.12404
0.0242056	45.0111
0.000420809	4.89898
0.00022009	24.6171
0.000772417	8.83176
0.00093323	7.74597
0.00201339	20.199
0.00303245	26.2298
9.78708e-05	4.89898
0.0157948	83.8332
0.00974691	35.2704
0.0302036	64.3894
0.00320172	33.4664
0.000687242	11.8322
2.5034e-06	0
0.00137711	7.07107
0.000582159	6.9282
5.96046e-08	0
0.00584263	44.6094
0.00247002	24.1247
0.0127028	26.4953
0.0116489	34.5254
0.00264168	14.3527
0.00110734	7.07107
0.00469768	14.8324
0.000241876	6.32456
0.00012058	14.6287
0.000475168	18.9737
0.00013876	6.32456
3.09944e-06	0
0.000445724	4.69042
0.000258386	5.2915
0.000779033	15.0333
0.000297606	3.74166
0.00183684	23.5797
0.000884056	6.32456
7.7486e-07	2
0.0344296	42.6615
2.68221e-07	0
0.000226378	3.4641
0.00959659	44.6094
0.00020954	24.2074
0.0029155	9.48683
0.0273958	53.0471
0.00648797	9.48683
0.000242591	8
0.00011009	3.4641
0.0268368	41.1825
0.00168121	24.2487
0.000272155	2.44949
0.00528538	34.0294
0.0114782	40.5956
0.482041	206.824
0.487167	236.601
0.513451	214.951
0.372203	180.632
0.193542	194.196
0.501719	214.476
0.486422	179.382
0.526552	211.618
0.504268	232.783
0.487351	190.421
0.255368	169.935
0.459653	204.269
0.0929862	101.193
0.175313	157.74
0.564883	205.441
0.0396701	101.064
0.569072	250.348
0.547644	197.14
0.0135634	57.6021
0.0700598	46.5618
0.524121	187.627
0.508465	203.647
0.496236	159.925
0.487364	225.069
0.542415	168.339
0.562749	245.442
0.492752	179.772
0.535052	186.231
0.589539	242.619
0.499681	191.343
0.333531	154.551
0.535326	130.583
0.512535	194.499
0.363363	187.435
0.606296	205.076
0.563451	207.065
0.507609	199.94
0.530144	207.181
0.495953	166.859
0.529621	247.56
0.518926	207.364
0.544111	244.176
0.438874	216.583
0.519078	240.981
0.546591	157.848
0.0861545	114.761
0.569101	221.86
0.536959	215.634
0.523484	171.709
0.496453	186.435
0.600806	231.344
0.323775	149.593
0.62909	260.496
0.222758	180.472
0.11311	119.465
0.0384158	65.5744
0.577429	225.77
0.404972	146.164
0.431967	244.499
0.504086	152.118
0.342828	166.06
0.436057	159.819
0.546426	222.472
0.322844	142.983
0.554656	218.916
0.512919	220.499
0.510932	242.475
0.49777	236.778
0.533599	225.269
0.548163	160.368
0.500715	203.519
0.436669	191.222
0.6228	233.559
0.58498	236.88
0.518095	200
0.218557	181.527
0.646285	223.244
0.488182	192.167
0.298326	196.265
0.480508	219.135
0.231272	140.121
0.45588	216.869
0.501074	221.964
0.40169	204.167
0.332474	166.601
0.0579246	85.7205
0.498707	215.235
0.349016	205.592
0.51192	209.38
0.236517	146.13
0.189564	115.352
0.226712	151.374
0.49721	211.083
0.0822697	73.0069
0.515725	234.849
0.526873	199.534
0.634919	222.032
0.581802	218.527
0.502995	248.008
0.521812	229.813
0.505169	202.213
0.413622	204.387
0.46825	167.457
0.545413	153.675
0.363848	179.449
0.322483	187.606
0.362456	202.559
0.474185	219.313
0.0831451	69.814
0.528695	159.687
0.560044	205.29
0.513694	226.261
0.542903	193.334
0.591852	242.38
0.529925	229.456
0.493732	222.922
0.161865	163.432
0.425383	219.417
0.310347	114.053
0.384435	188.016
0.542081	195.918
0.0260704	55.2992
0.562697	187.403
0.279349	192.349
0.204999	135.86
0.271186	154.965
0.502351	235.304
0.498204	207.504
0.476484	224.815
0.560701	217.417
0.495367	251.623
0.0674157	81.6456
0.606444	171.418
0.0807415	77.8588
0.307755	173.822
0.553722	209.194
0.511503	215.244
0.546116	215.434
0.552768	249.327
0.48688	176.267
0.488799	216.726
0.391216	192.499
0.532602	194.638
0.52939	236.905
0.592505	245.055
0.174881	158.322
0.191478	149.893
0.55289	216.892
0.502683	174.011
0.539824	244.152
0.525719	199.544
0.486006	170.411
0.492867	212.16
0.00187802	12.083
0.521319	231.638
0.50261	233.054
0.482372	214.867
0.500999	171.032
0.518971	202.247
0.505902	234.717
0.528645	229.974
0.502893	131.347
0.52176	212.038
0.320954	119.925
0.420637	179.455
0.514291	233.118
0.346935	183.94
0.417195	183.842
0.151249	69.4694
0.459087	200.574
0.339762	158.556
0.487646	199.239
0.544715	202.682
0.360093	170.944
0.531856	200.554
0.340615	226.716
0.239356	188.467
0.668431	207.499
0.39126	179.455
6.74725e-05	3.16228
0.23587	143.715
0.515136	216.73
0.512906	232.826
0.456711	226.093
0.616439	234.525
0.521657	220.613
0.534838	175.277
0.501304	164.079
0.407629	123.329
0.0681239	184.147
0.275032	198.146
0.630288	237.036
0.526168	255.124
0.530851	233.041
0.306156	174.293
0.538577	198.01
0.520406	215.509
0.512785	180.815
0.420885	200.679
0.577548	238.361
0.000753522	5.2915
0.0397781	58.0517
0.00251353	12.8841
0.00161093	27.7849
0.000349939	19.4936
0.00500453	20.7364
0.000218213	8.60233
5.73993e-05	2.44949
0.00297296	26.6833
0.000210166	5.09902
0.000362158	6.48074
7.39098e-06	4.69042
0.00913644	44
0.00123197	25.219
0.000845194	4.89898
0.000436902	13.4907
7.4327e-05	11.4891
0.0108273	54.4977
0.00115132	19.5448
0.000227988	7.48331
0.000717044	10.2956
0.00317037	45.607
4.23193e-06	3.16228
4.24981e-05	5.47723
0.000112474	4.89898
0.00035423	11.1355
2.98023e-07	0
0	0
3.57628e-07	0
0.00065434	6.78233
0.000574231	15.748
0.00835657	32.9242
0.00661111	43.4971
0.0120137	51.1273
0.0116781	34.6987
1.78814e-07	1.41421
2.38419e-07	2
0.00146616	15.748
0.00177121	10.2956
0.00197923	23.4094
0.00168872	12.4097
3.36766e-05	10.8628
3.15905e-05	9.69536
0.00115931	13.1909
2.38419e-07	0
0.000491977	10
0.000688314	6.9282
0.0027256	12.6491
0.0021413	9.79796
0.0265409	26.8328
1.43051e-06	2.44949
6.25849e-05	9.48683
7.15256e-07	1.41421
0.012679	50.8134
3.93391e-05	4
2.14577e-06	0
0.00704479	31.7805
4.17233e-07	0
0.0141131	24.4949
0.00686193	24.0416
1.19209e-07	0
0.000149816	4.47214
1.78218e-05	1.41421
1.19209e-07	0
0.00983775	42.7083
2.98023e-07	0
0.00065589	7.74597
0.0023315	12.3288
0.00338387	16.1864
0.000893235	6.48074
0.00017488	4.47214
2.13385e-05	1.41421
5.36442e-07	1.41421
0.00114959	12.6491
0.000393987	4.89898
0.0121537	44.317
1.19209e-06	2
0	0
3.48687e-05	7.07107
0.000797212	6.9282
0.000227273	13.784
0.00136006	6.16441
0.0131727	36.606
0.000247002	7.07107
3.93689e-05	9.38083
0.000862837	5.83095
9.53674e-07	1.41421
0.00101686	6
0.00061065	6.9282
0.00721157	21.6333
0.00321472	6.63325
0.000338137	8.3666
0.000100017	5.09902
0.000808001	8.48528
0.00243968	11.4018
0.000465691	19.2354
0.00130641	13.1909
0.00373626	48.8262
0.00730169	36.7696
3.57628e-07	0
0.0136963	43.6119
0.000923574	4.24264
1.78814e-07	0
2.86102e-06	1.41421
0.000381172	9.69536
1.03116e-05	5.65685
0.00707066	21.166
0.0106323	52.7067
0.0322224	39.6485
0.00257319	37.6032
5.00679e-06	1.41421
5.96046e-08	0
0.0016911	6.63325
2.38419e-07	0
0.00119197	17.4929
0.00319046	41.4729
0.000579238	27.7489
0.000211477	5.65685
0.0058766	22.1811
2.68221e-07	0
0.000734448	6.9282
0.00831163	20.9762
1.78814e-07	1.41421
0.00254983	19.6469
0.00113922	12.3288
0.00140035	23.1084
0.0006423	7.07107
0.00494158	26.0768
0.000205487	20.9762
0.000635505	18.5472
0.00856078	37.0945
0.000926673	7.07107
8.64267e-06	1.41421
0.000442386	6.32456
2.98023e-07	0
0.00690472	36.1939
0.000787139	15.4919
0.000474393	17.8326
0.000172317	8
4.17233e-07	0
0.0003016	6.16441
0.000374377	12.083
0.000216722	5.65685
0.000555158	20.3961
0.00407016	13.8564
0.00023818	11.1355
0.000552356	15.2315
4.69685e-05	3.4641
0.000877976	24.0832
0.00094986	24.6577
0.0113636	59.7495
0.00123364	18.3303
7.10487e-05	11.4018
5.82933e-05	5.65685
0.0122724	33.4066
0.00208294	8.83176
0.000205934	5.83095
1.19209e-07	0
0.0600134	60.2163
0.00138092	6.9282
0.000208288	16
0.0162993	51.0294
1.19209e-07	2
0.0116569	41.1096
0.000659108	3.4641
0.00265867	25.8844
5.71012e-05	11.7473
0.00122625	24.2487
2.38419e-07	2
0.00235677	51.7494
0.000594735	14.4914
0.0238225	37.1483
0.00257492	10.3923
0.00123316	24.2899
0.000829935	15.748
0.00554729	54.9363
0.00141472	8.60233
0.000932455	13.5647
9.94802e-05	7.61577
0.00563991	55.1181
0.0012216	32.9848
0	0
0.0059644	54.5344
1.78814e-07	0
0.00291389	10.7703
9.53674e-06	1.41421
0.000408888	9.69536
0.00128639	15.6205
0.0359881	58.258
0.000731111	9.38083
0.000940561	6.78233
0.0102462	23.1517
7.15256e-07	2
0.000624299	6.48074
0.000733078	9.59166
7.7188e-06	3.16228
0.000198007	12.083
0	0
0.00216258	10.2956
0.0187259	36.7696
0.101585	133.109
0.468965	203.421
0.651436	227.978
0.617485	233.761
0.534461	224.678
0.211747	164.286
0.408948	169.428
0.355472	108.922
0.437104	149.987
0.0334464	72.6774
0.648961	219.713
0.47421	152.499
0.54346	207.995
0.491128	161.666
0.538852	224.428
0.278133	188.521
0.590869	246.15
0.512677	184.537
0.193235	110.209
0.570297	189.093
0.527725	231.318
0.0539643	149.967
0.546753	232.671
0.359927	227.495
0.48486	237.882
0.115358	55.2087
0.358104	182.285
0.370722	133.851
0.0018577	13.6382
0.548014	216.042
0.54009	164.274
0.402742	188.669
0.330068	186.89
0.528183	230.174
0.532699	235.232
0.493754	214.005
0.518898	199.399
0.513581	223.164
0.450031	185.753
0.529543	191.786
0.00280976	9.59166
0.594292	249.487
0.0850732	172.221
0.519746	228.565
0.622162	222.144
0.512812	224.82
0.594417	239.821
0.468251	188.239
0.000641406	10
0.0320964	59.1777
0.597266	221.007
0.0257895	149.372
0.524076	155.634
0.487101	211.007
0.267553	162.345
0.627687	228.779
0.173123	118.482
0.38197	214.863
0.57942	214.872
0.51287	247.851
0.55707	208.658
0.103344	103.537
0.274083	126.032
0.489707	230.69
0.534363	198.696
0.0377443	22.1359
0.0784079	75.4321
0.427342	85.1352
0.232227	146.082
0.552556	173.971
0.101469	91.8477
0.391472	223.759
0.215973	141.753
0.472835	155.756
0.508328	212.485
0.176355	114.604
0.18177	179.689
0.474046	193.577
0.0593203	62.1128
0.513883	192
0.0424103	89.1628
0.561502	212.641
0.504102	228.061
0.110746	114.656
0.475524	217.21
0.607301	253.488
0.530793	190.741
0.384386	196.977
0.441623	210.898
0.277703	111.517
0.541621	186.719
0.464822	175.716
0.546447	207.87
0.518685	178.623
0.608329	194.407
0.539515	217.936
0.46341	210.642
0.655541	223.678
0.406159	128
0.63954	239.896
0.0525891	89.23
0.00234044	12.5698
0.436137	234.034
0.477446	212.372
0.533071	244.9
0.520276	196.789
0.594539	174.39
0.13273	117.55
0.53264	227.754
0.18087	121.655
0.506606	221.513
0.544107	187.963
0.488091	243.512
0.0363508	74.3909
0.492229	186.751
0.538847	134.343
0.544695	242.347
0.280422	226.102
0.0510154	108.213
0.519728	183.003
0.525386	233.628
0.355072	135.602
0.198581	122.54
0.450516	182.62
0.21781	118.076
0.481387	168.57
0.5089	154.868
0.428747	153.512
0.265604	153.883
0.402733	164.639
0.339463	197.671
0.491252	193.644
0.228602	105.962
0.563181	179.677
0.659603	240.291
0.571639	217.223
0.525276	144.983
0.302808	154.59
0.374646	174.333
0.546703	214.075
0.499456	227.222
0.559839	188.536
0.552937	179.828
0.0467731	95.8958
0.00285214	37.3898
0.425203	222.153
0.647271	231.56
0.0364715	80.5605
0.121768	118.406
0.511682	225.096
0.486006	203.985
0.513931	138.412
0.474807	221.337
0.532343	188.329
0.119062	156.083
0.531343	102.518
0.242363	141.782
0.10069	140.862
0.300632	191.593
0.623032	233.015
0.60784	164.803
0.523252	231.966
0.5273	196.499
0.152664	126.238
0.383306	143.185
0.504815	238.885
0.485566	212.866
0.553768	223.065
0.490137	146.717
0.062667	80.5978
0.549903	194.17
0.521272	243.068
0.0163873	70.3704
0.585532	234.009
0.162392	186.043
0.532988	138.477
0.473147	220.957
0.350379	148.856
0.63337	204.626
0.52326	192.271
0.47857	240.736
0.543834	220.885
0.394403	190.992
0.54898	162.702
0.465136	183.494
0.434899	203.868
0.487986	200.474
0.253539	94.9947
0.525392	214.364
0.448923	217.601
0.403402	222.023
0.512864	214.266
0.381917	196.53
0.206081	123.231
0.556741	198.56
0.274745	165.861
0.638605	187.681
0.534902	200.514
0.0657396	70.3847
0.509798	172.633
0.011772	41.5211
0.000554323	3.16228
0.000116944	5.47723
0.0017978	21.3073
0.00109679	37.0675
0.000188053	4.89898
0.00524855	56.1605
0.00767946	35.6371
0.000516653	5.83095
0.000423253	22.3159
0.00125718	17.1464
2.98023e-07	1.41421
0.00185835	12.9615
0.00660956	31.8119
3.23653e-05	2.44949
0.00256526	33.7046
0.00211537	38.9615
0.00422156	29.8329
0.000880718	8.94427
0.00042516	6.32456
0	0
0.000629008	5.65685
0	1.41421
0.00354415	43.2666
0.00109029	12.2474
0.000396669	32.187
0.0040915	28.3196
0.00143445	9.16515
4.17233e-07	2.44949
0.000299335	4.69042
0.0230989	36.2767
0.00235629	7.61577
4.05312e-06	4.69042
0.00157642	12.6491
0.00111759	23.0651
0.00217271	10
0	0
0.00723529	14.7648
2.74181e-06	0
0.0157752	87.1091
0.00442308	43.3359
1.07288e-06	2
2.98023e-08	1.41421
0.00127399	22.7156
0.00025171	11.0454
0.00368989	38.1314
0.00838304	34.2053
0.00252414	34.322
0.000731587	2
0	0
1.66893e-06	2
6.55651e-07	1.41421
0.00849056	88.0568
9.47714e-05	4.69042
0.00247264	5.83095
0.000950158	18
0.0331223	95.226
0.00663376	30.4959
1.19209e-07	0
0.000248432	6.16441
0.0158681	86.6949
0.000507832	9.38083
0.00361013	35.7211
0.0087629	50.9902
0.00143945	18.9209
0.00110185	23.4521
0.020191	36.1386
2.98023e-07	0
9.26852e-06	0
7.59363e-05	3.4641
6.79493e-05	11.0454
0.0157155	39.8748
0.00308776	35.7771
0.00697923	13.1909
4.76837e-07	0
5.96046e-08	0
2.41399e-05	8.60233
2.98023e-07	1.41421
0.000392973	5.09902
1.19209e-06	2.44949
3.75509e-05	3.16228
0.00348669	43.4971
0.00219131	17.2047
0.00567174	70.9507
1.19209e-07	2
5.84126e-06	0
6.16312e-05	2
0.00202179	38.3145
0.00030908	34.2637
0.000780404	12.2474
0.00627077	34
7.15256e-07	1.41421
1.49012e-06	1.41421
0.010816	44.9889
0.0250841	59.1946
0.000633717	8.3666
0	2
2.98023e-07	0
1.19209e-06	2.44949
0.000626445	14.1421
0.00119376	17.3781
5.1856e-06	2.82843
0.000470281	5.65685
7.62939e-06	1.41421
0.00528014	22.6274
0.00203085	23.4094
0.000202119	4.24264
3.57628e-07	0
1.03712e-05	1.41421
0.0225073	40.5463
0.00188231	11.225
2.15769e-05	1.41421
0.00133753	10.198
0.00127327	8.48528
0.00775802	12.9615
0.00320351	13.1149
1.00136e-05	0
0.0290384	46.4543
0.00634134	32.8024
0.0253993	38.3927
0.00236249	42.2137
0.00133848	12.7279
0.000459611	7.2111
0	0
5.96046e-08	0
0.0686384	71.4843
0.00792575	18.1108
0.00107718	26.0768
8.10623e-06	1.41421
0.000263393	4
0.000519991	6.9282
0.00184631	36.7696
1.07884e-05	2.44949
0.00202209	16.1864
0.000440657	28.4956
0.00184488	13.3417
0.00218379	16.7332
0.00470436	45.2106
3.57628e-07	1.41421
0.00336915	43.0116
6.70552e-06	0
0	0
5.96046e-08	1.41421
0.000399053	33.0454
0.000360489	5.83095
0.00237876	39.5727
0.000933588	12.2474
1.25468e-05	4.89898
0.0141053	17.1464
2.74181e-06	2
0.000837922	35.1568
0.000880122	2
0.00155842	7.87401
0.0198927	38.6782
8.58307e-06	2.44949
6.58333e-05	11.4891
0.00361955	10.583
0.0256948	16.1864
0.0014531	14.7648
0.00414973	34.5832
0.0714059	106.424
3.47495e-05	2.82843
0.000225067	27.0924
5.66244e-06	2.44949
0.00304353	30.9516
0.000586867	6.9282
1.95205e-05	1.41421
0.00211525	20.8806
0.000188351	4.69042
0.000468373	28
5.28693e-05	3.74166
1.46031e-06	2
0.000571847	25.923
0.00175214	23.622
0.0150476	26.0384
0.0340611	93.8829
0.0236202	43.7264
0.000640512	7.61577
0.000219226	4.24264
0.0160602	48.5592
0.0335522	93.7123
1.19209e-07	1.41421
2.98023e-07	0
3.63588e-06	1.41421
0.000231564	20.8327
0.000589371	8
0.00137222	13.4907
1.49012e-06	2
0.00072515	6.32456
0.00135243	13.7113
6.23465e-05	11.9164
2.98023e-07	0
3.57628e-07	0
0.000108838	3.16228
0.00688422	57.0614
0.00170791	24.1661
0.00298738	14.4914
0.00115377	25.4951
2.92063e-06	3.4641
0.0118202	36.4692
