0.985247	54.4059
0.993561	63.1348
0.99707	79.2086
0.997879	58.5833
0.995821	50.9117
0.998572	74.2159
0.994006	66.106
0.978277	46.3033
0.995477	58.8048
0.997354	53.9073
0.992529	43.0349
0.995296	65.3299
0.974005	52.3068
0.992897	60.3158
0.9896	41.9524
0.988372	61.1719
0.995768	54.6992
0.970453	64.7302
0.993132	47.6655
0.992347	57.6541
0.994287	54.1479
0.996313	64.1716
0.996204	60.3656
0.976411	50.8527
0.978402	55.9821
0.98313	54.6077
0.991251	47.4342
0.755693	36.4143
0.995289	68.8477
0.98601	62.4019
0.998922	68.9493
0.998879	59.3801
0.981716	54.1295
0.995284	73.4711
0.996212	65.5439
0.995454	71.2881
0.988449	48.7852
0.972932	45.8476
0.98639	45.8258
0.981547	61.7738
0.98342	57.3585
0.970467	39.6485
0.990539	50.8134
1	65.8027
0.980247	54.4977
1	67.72
0.988703	31.0805
0.992626	64.7765
0.992101	63.2614
0.990771	53.0094
0.991313	50.3984
0.986664	62.3057
0.974966	53.4228
0.997589	67.0671
1	69.4694
0.995731	69.9857
0.978683	53.3292
0.99946	63.3246
0.993325	58.3095
0.99787	49.3761
0.986783	63.4192
0.984895	60.1498
0.995653	62.1772
0.992742	73.1984
0.986617	53.5537
0.988525	44.3396
1	66.0757
0.996171	59.8164
0.986279	41.4005
0.98665	44.1814
0.996558	61.3351
0.992652	46.3465
0.995566	40.05
0.996251	50.2792
0.996919	52.0192
0.993482	77.5758
0.989178	74.9533
0.993921	52.4786
0.999524	61.9677
0.986431	68.7605
0.992549	59.3633
0.983743	57.4456
0.998968	66.4229
0.993663	57.81
0.999344	70.484
0.994832	75.0733
0.995258	73.6342
0.989479	57.1139
0.993197	49.8999
0.997506	74.8732
0.997303	60.2827
0.99742	78.2049
0.993231	55.5518
0.997555	78.9937
1	73.5119
0.995531	75.5116
0.995902	69.4118
0.994935	72.7049
0.912764	38.1838
0.995208	63.293
0.985691	67.2904
0.99508	69.3542
0.999128	67.838
0.997048	76.2365
1	75.5381
0.996401	56.921
0.980458	41.0853
0.992852	46.1952
0.997337	64.0937
0.97969	49.1732
1	74.2832
0.999546	63.8749
0.995792	72.7049
0.990066	66.0152
0.984969	65.2533
0.97489	42.2847
0.991459	73.1163
0.994718	72.6774
0.994049	59.3464
0.9979	76.0132
0.994067	59.8665
0.991251	81.8291
0.997689	64.1093
0.963681	50.319
0.992709	54.5711
0.996671	64.9153
0.997568	73.5527
0.970671	56.3383
0.995658	57.8619
0.974507	37.7889
0.994318	60.4318
0.989012	64.0937
0.993745	61.041
0.99054	59.0762
1	65.3299
0.988005	81.6945
0.976195	55.5158
0.997892	64.6529
0.996489	51.303
0.98192	50.3587
0.978393	49.8799
0.994849	60.8933
0.999573	50.7346
0.942849	49.3761
0.995295	60.8769
0.993132	67.9853
0.998303	87.6128
0.735604	36.7967
0.99184	75.2064
0.994596	71.4983
0.993579	56.3205
0.998531	83.7496
0.995913	48.5592
0.993116	75.5381
0.988034	72.4569
0.996139	66.7383
0.984038	57.2887
0.999152	56.745
0.990649	66.873
0.986865	43.8178
0.993737	70.1712
0.991547	58.7197
0.989344	61.5467
0.992717	64.2495
0.996847	67.0522
0.998179	56.3028
0.994289	61.0246
0.993363	64.1405
0.999611	63.5925
0.99283	55.5698
0.990991	62.3859
0.997508	72.2357
0.961671	49.7594
0.99053	72.7049
0.991156	58.0172
0.995234	66.5432
0.992959	72.7324
0.998202	57.6888
0.998882	73.3212
0.985514	67.513
0.992109	54.8088
0.988491	58.532
0.998185	58.4466
0.986089	60.5475
0.998076	76.8505
0.997443	78.2815
0.995268	67.3498
0.986679	68.2788
0.97894	66.9328
0.982451	42.4971
0.995891	49.7996
0.99763	72.1249
0.987723	63.7338
0.989543	68.1322
0.998638	57.2014
0.99293	49.3559
0.922919	44.4747
0.99618	59.9333
0.969136	47.7074
0.999139	61.7576
0.997336	59.1777
0.992867	57.2014
0.981124	40
0.998674	70.993
0.996516	71.2601
0.990273	65.5439
0.987947	67.3795
0.972379	56.107
0.996469	66.3928
0.998576	52.6688
0.992935	51.923
0.991969	62.7057
0.996141	76.9155
0.997156	70.0286
0.986385	48.7032
0.974772	51.7687
0.998963	53.647
0.998351	60.8276
0.991159	56.9912
0.996754	75.9342
0.998717	76.2234
0.989808	48
0.99921	77.7046
0.989577	53.4603
0.998303	76.2102
0.983938	56.7274
0.997389	65.4523
0.994581	65.5591
0.993962	66
0.993626	47.7912
0.995855	39.5474
1	73.5255
0.939382	25.6125
0.991427	53.0283
0.991895	40.4228
0.997421	53.0848
0.996519	66.7683
0.993562	56.1249
0.999124	69.6994
0.992074	61.1228
0.993915	64.9153
0.993509	55.1362
0.953673	46.2601
0.996725	74.2294
0.99582	51.0098
0.998202	52.7636
0.992649	65.0999
0.981912	56.6922
0.984355	48.6621
0.994675	48.1664
0.996911	70.6541
0.975659	51.6527
0.967372	33.1964
0.995827	56.8331
0.990961	45.3431
0.994788	56.3205
0.990364	40.7922
0.98381	54.9727
0.988108	58.3095
0.988311	58.0517
0.997013	62.482
0.994905	59.4138
0.987152	59.0254
1	84.6286
0.989734	66.1665
0.981684	56.4624
0.999493	57.2887
0.998332	63.8592
0.992341	67.9853
0.998559	54.6077
0.999285	78.4092
0.997425	60.2993
0.990334	65.9242
0.988518	59.0254
0.99329	58.9237
0.996986	71.2741
0.989379	56.0357
0.985612	69.152
0.995842	71.3442
0.991204	44.4297
0.994798	69.9714
0.997664	73.3212
0.99155	74.6056
0.964444	34.4964
0.991739	54.7723
0.997836	77.5887
0.971047	40.8167
0.994317	63.2297
0.998261	74.027
0.993862	73.1437
0.697666	30.2655
0.978944	61.8385
0.998075	69.7711
0.994814	55.3895
0.998213	52.6308
0.965956	52.1344
0.992106	60.2993
0.988508	64.0625
0.985892	44.1588
0.998416	70.7248
0.989153	41.8808
1	65.7115
0.988599	62.9921
0.994279	66.0606
0.99468	51.923
0.972142	43.0349
0.988157	51.7107
0.995682	66.5733
0.989833	48.621
0.985868	44.3847
0.988335	57.8965
0.99097	43.9318
0.992909	64.4515
0.986875	69.814
0.991623	66.5132
0.988514	48.8467
1	74
0.99582	47.7493
0.986053	66.5883
0.98489	40.5463
0.99611	76.2889
0.989725	42.4028
0.991647	63.0872
0.998149	55.8391
0.997827	60.4814
0.996602	63.6553
0.997162	63.7652
0.990159	62.0967
0.929235	50.8527
0.998318	54.9363
0.996913	71.638
0.889633	36.1939
0.97869	54.3139
0.995468	64.7765
0.990085	65.3146
0.989528	52.3068
0.982854	45.0333
0.992506	65.2074
0.99476	64.6065
0.99555	59.7829
0.996309	69.0362
0.99543	67.1416
0.989694	53.4416
0.998554	68.8622
0.624752	37.2022
0.998132	76.1446
0.99202	60.8441
0.975074	60.6795
0.994107	60.1664
0.982056	55.1362
0.995806	59.3801
0.995196	63.0238
0.980256	60.7783
0.994309	47.5184
0.982538	46.4973
0.929991	37.0405
0.990964	50.8527
0.986603	58.9237
0.990683	71.5961
0.995841	68.2202
0.987573	53.5537
0.982226	60.5805
0.996903	73.13
0.999403	59.6825
0.969072	49.6387
0.999635	83.0662
0.996228	73.1163
0.99263	62.7853
0.992742	64.7148
1	69.4694
0.996747	79.1328
0.998689	65.0692
0.998002	76.4984
0.975321	30.692
0.997991	57.1139
0.996057	60.597
0.993364	59.649
0.9849	44.7437
0.997254	62.0806
0.984557	50.4183
0.997757	70.993
0.974519	51.7687
0.965777	45.1885
0.995952	68.1175
0.990084	54.7905
0.99835	48.1871
0.994802	80.7589
0.993203	53.8331
0.999237	71.4563
0.997598	63.2139
0.99836	70.1427
0.994992	62.6259
0.969544	31.0483
0.999032	67.9706
0.993471	45.6946
0.990975	66.2269
0.993008	56.3028
0.985883	44
0.993149	63.4508
0.990056	60.531
0.998059	62.7853
0.994686	65.6963
1	68.4105
0.998044	65.9697
0.99802	56.1427
0.971481	44.4747
0.994585	48.1664
0.992282	67.9706
0.993106	67.2161
0.992355	51.6914
0.994698	64.6993
0.975705	44.4297
0.990281	54.8452
0.999628	78.702
0.969994	65.6049
0.997158	75.6703
0.999666	75.6042
0.99355	69.7711
0.970891	46.5403
0.991899	54.1664
0.994419	51.0686
0.991426	56.8683
0.991823	58.7878
0.99826	50.4183
0.99723	62.1611
0.997325	75.1798
0.988697	38.0263
0.997337	75.9473
0.986683	57.9137
0.997742	67.7348
0.997847	66.3928
0.998532	59.0424
0.998341	64.6065
0.986098	61.2536
0.997891	60.7618
0.99162	73.1163
0.981547	42.5206
0.983354	56.8507
0.983854	64.405
0.993585	54.2402
0.979213	59.4643
0.998954	65.5439
0.977856	42.1189
1	66.3928
0.991176	56.356
0.994056	67.0224
0.997654	66.3928
0.999879	66.7083
0.995528	67.6609
0.997713	70.6541
0.989133	75.1665
0.99756	80
0.972918	49.1121
0.992024	56.9034
0.990703	63.435
0.999582	70.8661
0.992453	64.622
0.965548	60.2993
0.991467	70.4131
0.99454	67.3795
0.998855	66.7083
0.987682	44.833
0.978903	52.1344
0.997827	58.4466
0.993322	56.8858
0.996856	65.4217
0.988125	48.1456
0.995133	65.6506
0.996528	49.8999
0.991606	48.3115
0.878093	46.4973
0.986301	64.8074
0.990036	63.6082
1	58.0861
0.997651	66.9925
0.992805	55.8928
0.99688	76.4068
0.997849	74.8599
0.993416	59.716
0.988816	54.9909
0.999515	51.7107
0.994127	60.5805
1	74.3102
0.951861	42.3084
0.981655	42.6849
0.986549	64.0156
0.984146	55.1725
0.990213	50.4777
0.936263	41.5211
0.986676	56.0892
0.993756	76.433
0.996615	66.1967
0.999888	74.7663
0.99468	81.1788
0.994469	49.7393
0.990782	60.9098
0.992587	72.9246
0.980827	72.0694
0.999625	64.2495
0.983891	54.827
0.585512	35.0714
0.567994	36.0832
0.950203	66.6183
0.923315	52.4786
0.913333	45.0333
0.84614	36.606
0.898105	47.3709
0.499676	38.6005
0.908064	38.1838
0.875555	36.0555
0.939848	37.7624
0.960659	50.774
0.924215	48.6415
0.921612	52.4786
0.86818	57.55
0.729004	23.9583
0.926064	49.8999
0.94144	33.0454
0.942393	57.2713
0	0
0.925699	32.5883
0.961764	47.1805
0.94052	64.0781
0.967137	59.5315
0.888782	31.496
0.935863	35.1852
0.216838	28.8444
0.976791	49.0102
0.857169	58.7197
0.637521	25.4558
0.951592	40.9634
0.913423	49.1528
0.969593	37.8418
0.963036	36
0.585314	24.454
0.936015	56.4447
0.949521	43.7264
0.971356	31.686
0.765601	43.7264
0.789281	22.6274
0.97175	61.2536
0.948176	39.724
0.934699	53.6656
0.961258	39.7492
0.959165	51.4198
0.966598	58.0172
0.974602	40.4228
0.506991	16.1245
0.956916	52.6308
0.974967	48.0833
0.965325	46.3897
0.933393	60.663
0.878982	39.4208
0.967729	43.6119
0.967833	32.0624
0.952621	47.5395
0.936557	55.9285
0.660781	32.9242
0.961626	62.2575
0.908682	66.453
0.597802	38.7298
0.723359	38.0789
0.949448	43.0813
0.965517	56.5509
0.957456	45.5851
0.956359	79.2086
0.856105	24.3721
0.971797	55.4437
0.90643	49.679
0.951379	45.4973
0.952261	34.6699
0.927657	66.6633
0.960794	51.9615
0.904305	33.8231
0.945899	51.923
0.970922	34.3802
0.963594	56.3383
0.941312	44.0454
0.911618	33.3167
0.919943	40.5463
0.904958	45.3211
0.55069	24.0832
0.803933	27.4591
0.927138	47.1805
0.94939	57.5152
0.93974	58.9576
0.950377	44.1588
0.916049	41.2795
0.922631	42.4264
0.938984	60.1997
0.965355	44.1588
0.94693	38.1051
0.859557	46.1952
0.953137	49.7393
0.933184	40.6448
0.92342	33.3467
0.875234	52.6118
0.933979	54
0.928429	54.5711
0.962736	34.0881
0.890529	36.0832
0.961965	34.641
0.902606	30.8221
0.986035	56.4624
0.980697	54.8999
0.961794	52.3259
0.956559	59.5651
0.951178	65.8787
0.948269	36.7151
0.958243	56.5685
0.97242	49.7996
0.944489	50.7543
0.791215	38.8072
0.499161	19.2873
0.953958	42.8952
0.961584	45.9565
0.954658	30.133
0.888882	55.9106
0.574495	32.311
0.915009	51.342
0.93864	38.3927
0.915804	24.6577
0.943262	55.9464
0.614027	23.1517
0.82236	32.218
0.944088	59.716
0.962085	56.8507
0.980494	49.7393
0.517402	23.2809
0.968403	48.7852
0.965326	51.225
0.956285	54.4059
0.471466	19.4936
0.763539	32.8634
0.926259	68.8477
0.968013	31.4325
0.427479	24.5357
0.853072	33.9117
0.91306	33.2265
0.942114	44.3847
0.901444	62.2093
0.929702	38.1051
0.909983	23.0217
0.975301	48.6415
0.950497	47.2017
0.760376	24.454
0.945878	35.4119
0.911845	26.9815
0.90685	51.3615
0.924167	51.5946
0.911653	52.3832
0.961961	51.6914
0.956596	51.0294
0.925698	37.4433
0.452549	34.4964
0.824598	39.8497
0.786015	77.2917
0.905635	57.0263
0.954102	67.4389
0.89634	28.775
0.930554	41.7133
0.943018	52.2685
0.813081	26.7955
0.803414	57.6194
0.752242	34.9285
0.952708	50.1199
0.478473	32.4346
0.957588	48.4562
0.840148	52.4214
0.616374	42.9651
0.953371	53.6656
0.582528	20
0.963959	66.7982
0.888822	48.8262
0.536759	25.3772
0.945138	31.1127
0.540251	29.1548
0.944971	38.8587
0.904133	54.3875
0.974389	55.8749
0.413186	57.9655
0.92579	41.4246
0.950062	54.111
0.970929	49.5177
0.913547	45.5631
0.922431	30.9193
0.934086	48.3942
0.93969	47.244
0.969027	50.6162
0.890889	33.0454
0.924048	52.8394
0.399455	24
0.760054	37.9737
0.948194	56.6745
0.909994	38.1051
0.953642	40.5216
0.94322	49.051
0.759944	31.3369
0.971516	50.2593
0.946649	37.1753
0.945854	51.6914
0.945589	48.518
0.885151	38.4187
0.91504	58.1378
0.636224	43.7493
0.952891	40.0749
0.79064	30.2655
0.965795	73.5119
0.488453	34.7563
0.854135	44.4522
0.941335	41.0853
0.916602	71.4983
0.963277	57.4282
0.454193	19.7484
0.533945	32.7414
0.440939	25.6515
0.97692	69.3109
0.769008	44.6542
0.916359	67.0224
0.967858	58.2409
0.933087	69.8713
0.970398	46.9255
0.955556	43.2666
0.961864	43.1045
0.965592	40.4722
0.873374	36.7967
0.960642	49.94
0.952209	56.3028
0.806115	29.5296
0.972634	40.4228
0.946743	61.563
0.956979	54.3507
0.96321	45.1664
0.93816	57.0789
0.963204	43.0581
0.965014	44.6318
0.919569	66.2269
0.893014	52.4404
0.939834	64.1872
0.930894	38.2623
0.716311	42.5206
0.909154	41.8091
0.947889	49.7192
0.705571	33.6749
0.912532	45.1221
0.925575	52
0.836429	29.3598
0.948481	43.0581
0.719645	27.8209
0.950088	29.2916
0.832853	52.0769
0.959865	48.5592
0.917795	51.4393
0.983721	48.3942
0.865469	41.4488
0.985061	51.8459
0.759539	42.1663
0.953025	45.1442
0.933575	57.4804
0.943996	44.699
0.960053	62.1932
0.952885	67.1714
0.948892	67.897
0.937391	30.5941
0.925947	51.9615
0.504406	20.445
0.920582	47.8748
0.701674	26.6083
0.919965	31.8434
0.967713	46.669
0.963147	63.9844
0.928443	57.1139
0.967654	49.98
0.645296	43.1741
0.752078	29.3939
0.869198	52.8961
0.465593	28.9137
0.926768	47.8748
0.959436	49.4975
0.491453	31.9061
0.948778	57.7581
0.857619	36.6606
0.859788	68.8331
0.90998	47.4974
0.904211	50.6754
0.926564	46.7333
0.967591	64.1872
0.987995	64.7457
0.911612	40.7431
0.929228	38.5746
0.932306	56.5862
0.773662	34.5832
0.955743	62.514
0.966828	70.0143
0.965296	59.0424
0.725868	27.1293
0.968388	53.9815
0.945649	54.754
0.960359	54.2033
0.64505	28.1425
0.940243	60.5805
0.756742	24.1661
0.95737	45.2327
0.962363	41.1582
0.966337	65.909
0.94684	42.9185
0.896832	39.0384
0.957742	51.9808
0.779415	44.6766
0.960483	33.5261
0.9721	34.1467
0.749411	37.8418
0.965783	40.3485
0.249866	17.9444
0.972801	57.3934
0.963881	58.2752
0.928192	41.8569
0.88103	63.0397
0.931799	33.5559
0.608326	31.6228
0.844625	49.4773
0.930372	36.5787
0.68379	16.9706
0.909923	52.345
0.962248	59.6825
0.712771	23.2379
0.938674	28.7402
0.952049	59.1101
0.892487	36.0278
0.970194	50.951
0.92527	55.2992
0.956638	68.8186
0.946917	57.4108
0.952162	45.1664
0.630801	35.4683
0.961808	49.0102
0.793636	45.5631
0.929607	46.1302
0.920172	44.4072
0.962867	57.81
0.972833	58.9067
0.747079	20.1494
0.942666	50.4381
0.929497	46.9255
0.910431	44.5197
0.754164	25.807
0.921928	60.7124
0.741887	32.0624
0.970827	36.8239
0.898405	42.9884
0.946138	31.1448
0.820854	52.5928
0.923449	36.8239
0.952754	48
0.937066	54.5894
0.972108	60.1831
0.82851	31.8434
0.962609	65.4064
0.918932	38.833
0.971489	49.4166
0.967744	65.8939
0.854399	56.5862
0.869858	57.6021
0.900178	34.4674
0.969784	62.1128
0.971316	58.8897
0.946237	46.8402
0.936367	64.1561
0.907771	40.4722
0.938498	46.8615
0.93015	27.6406
0.957771	56.1783
0.35884	16.4924
0.933822	40.5216
0.948497	63.6867
0.86837	24.0832
0.976885	62.482
0.915435	42.45
0.960346	46.0217
0.950291	64.1093
0.935237	46.9255
0.801434	57.2887
0.939772	52.8772
0.945216	41.3763
0.954768	49.1325
0.942457	40.9145
0.9367	44.9222
0.935446	60.5145
0.954631	54.111
0.950962	39.3192
0.941149	45.8694
0.953765	70.2282
0.88106	31.7175
0.960536	60.6465
0.829504	43.382
0.953834	59.649
0.959273	53.7029
0.940611	60.5145
0.926244	41.2553
0.837516	33.4963
0.966543	57.7754
0.734883	33.5857
0.810107	28.4956
0.921735	46.1736
0.960858	63.2772
0.959479	50.2991
0.944638	53.3854
0.803491	20.9284
0.762761	36.0278
0.971054	55.1362
0.940442	79.5236
0.935008	62.8808
0.928823	54.754
0.937011	30.7246
0.948334	43.9773
0.754559	38.9358
0.935742	47.7493
0.929235	42.638
0.948582	44.1362
0.949883	61.3351
0.903252	31.1127
0.877489	53.6843
0.781692	55.9464
0.970673	53.4228
0.980029	60.1166
0.940466	51.923
0.830369	35.4401
0.921999	37.7624
0.482184	34.7275
0.951098	50.0999
0.961835	42.5911
0.959385	71.4003
0.966558	62.3378
0.950427	54.111
0.857239	31.5278
0.864087	43.4281
0.951988	49.1121
0.971843	56.6745
0.929477	33.9411
0.956089	66.2269
0.976715	48.6415
0.737949	57.931
0.952438	40.3485
0.933204	65.6963
0.97995	61.8385
0.95626	48.9694
0.870432	66.0152
0.733283	34.9285
0.945403	58.6345
0.97135	69.6994
0.946876	41.4488
0.95567	33.3167
0.671096	28.1425
0.657926	31.4643
0.947313	60.2661
0.966761	42
0.951694	59.8665
0.945928	37.8946
0.918032	47.0532
0.951994	55.7853
0.969314	51.049
0.968211	66.5432
0.910988	50.9117
0.919258	40.398
0.910603	40.1497
0.941923	55.2811
0.594151	13.4907
0.96507	58.7026
0.881342	40.4228
0.906702	61.9516
0.968865	45.1664
0.962888	45.1442
0.927192	41.7852
0.927769	38.8587
0.967511	35.2987
0.906311	46.1519
0.950191	64.8691
0.776694	50.06
0.940171	47.7284
0.949921	44.7884
0.806758	48.4768
0.962203	27.9285
0.620404	26.4575
0.923344	56.9737
0.817281	48.518
0.906668	57.7927
0.943355	54.2586
0.952208	46.5403
0.974766	36.1939
0.957844	51.342
0.601979	26.6083
0.859782	34.0588
0.973105	44.2041
0.939682	53.6843
0.987982	54.8088
0.976335	36.9865
0.931346	53.3479
0.90965	37.1214
0.929868	29.7658
0.9661	59.1608
0.995925	56.2139
0.990071	60.05
0.978393	49.4571
0.99664	47.1169
0.971001	48.6826
0.997792	62.466
0.991416	56.9737
0.990984	65.7571
0.998028	61.3188
0.99948	45.8694
0.96117	55.7853
0.976286	49.2544
0.99366	55.7494
0.995619	61.6604
0.973256	46.0869
1	76.1052
0.998455	65.5744
0.9971	66.6933
0.998007	65.1767
0.984667	46.3033
0.999008	62.1772
0.994206	59.3127
0.996152	52.3641
0.998875	63.8905
0.993713	54.1295
0.993501	55.2268
0.994466	57.4456
0.982204	33.7046
0.998177	65.8027
0.991936	52.2111
0.998587	59.0931
1	48.8057
0.983022	39.37
0.930497	49.0918
0.995742	33.0151
0.992401	49.96
0.960591	48.0833
0.992218	51.7107
0.994594	39.0384
0.920126	39.7995
0.996259	52.7447
0.995368	70.2282
0.990917	65.0077
0.983714	44.1814
0.994337	48.6621
0.972994	54.3875
0.994597	58.2752
0.995142	59.5147
0.998412	61.6117
0.99915	43.2204
0.991802	73.3485
1	62.514
0.996745	61.384
0.984915	44.2493
0.997825	61.563
0.998526	62.4179
0.991303	59.4138
0.991645	45.0555
0.986935	50.0799
1	47.0956
0.998344	63.3088
0.997499	54.5161
0.99801	58.9915
0.968351	34.6987
0.998992	51.9808
0.967406	64.2962
0.389302	28.4956
0.996162	67.1118
0.998881	62.9444
0.999042	72.8972
0.986569	64.4205
0.99577	71.5402
0.98887	32.6803
0.993768	64.8845
0.985709	63.2772
0.994527	50.2792
0.993527	61.5142
0.993842	67.1863
0.812861	38.3667
0.99544	48.6621
0.996001	68.5711
0.996453	73.9053
0.996709	67.1416
0.993945	56.4801
0.995629	59.9667
0.998073	56.3915
0.985713	57.6541
0.994943	62.2896
0.998791	60.7124
0.990248	52.7447
0.997253	70.9648
0.9967	42.0476
0.984755	48.8057
0.953479	38.0789
0.999334	64.1716
0.993026	65.6963
0.991476	56.7098
0.986779	42.9651
0.988458	51.5946
0.999138	68.5274
0.993268	40.6448
0.998106	57.6715
0.985116	34.5254
0.995976	73.6614
0.989473	56.1961
1	57.8792
0.99501	57.3236
0.994516	59.0931
0.994082	51.1077
0.999827	53.8888
0.997405	62.6259
0.981869	50.3587
0.997383	55.6776
0.996034	49.8598
0.994336	57.0964
0.996497	56.0535
0.997895	71.0774
0.996802	49.295
0.987912	47.9792
1	71.5262
0.989821	54.5161
0.993625	71.2881
0.993366	61.5467
0.994005	61.2046
0.991829	55.2268
0.994335	50.8527
0.995187	57.5847
0.984172	42.0476
0.998907	67.4685
0.999072	75.5645
1	38.2361
0.98716	35.4683
0.993233	53.963
0.967925	50.4183
0.995836	59.397
0.996402	44.7214
0.997133	62.6578
0.997539	65.6506
0.991372	42.1189
0.99528	60.0333
0.991046	52.8583
0.988433	53.1037
0.997852	76.7984
0.990886	52.5928
0.994621	55.9464
0.998672	42.8486
0.991727	54.074
0.991071	62.0645
0.996435	31.7175
0.997952	68.3081
0.994325	49.4368
0.997136	52.9339
0.992917	54.3875
0.977376	60.8276
0.98527	48.1871
0.993328	42.8952
0.999106	64.2028
0.989502	54.1849
0.986938	54.3323
0.996817	61.2862
0.996828	60.0333
0.964696	52.3641
0.996816	47.0106
0.977302	52.0961
0.996374	57.2887
0.987406	68.1909
0.992937	64.0312
0.991757	62.2254
0.984232	59.4306
0.979632	26.9815
0.988774	70.2851
0.996076	69.4406
0.994545	64.5755
1	58.9406
0.985169	49.295
0.997681	58.4637
0.992852	61.5467
0.990842	54.626
0.559412	26.3059
0.992829	55.8391
0.989138	47.7284
0.983126	58.2752
0.995505	54.9181
0.993375	46.8828
0.994402	47.9166
0.999487	58
0.99458	54.461
0.95747	44.699
0.994008	57.376
0.98322	51.672
0.992944	65.1613
0.995136	41.5211
0.982261	42.1189
0.993211	51.4976
0.962779	39.2428
0.98042	49.94
0.992094	48.5798
0.997969	67.72
0.988137	46.2601
0.993826	54.4794
0.955936	42.7317
0.990491	61.3351
0.987519	66.3777
0.996866	77.4855
0.990928	51.264
0.997992	51.7107
0.998297	47.2652
0.991859	57.3585
0.967836	45.3211
0.995245	52.7826
0.990595	67.8675
0.988169	64.7765
0.986538	60.696
0.994439	56.6392
0.997628	62.1128
0.991718	53.9815
0.984397	56.3205
0.986706	54.2586
0.996839	35.4401
0.992199	50.2792
0.989552	49.8598
0.990767	61.6604
0.997714	68.4836
0.997474	59.8999
0.999804	60.564
0.973264	40.4475
0.994923	49.9199
0.994182	59.6657
0.996082	50.2195
0.997995	48.2286
0.996306	52.6308
0.989903	67.838
0.922092	35.2136
0.99692	74.7128
0.997128	69.5845
0.994929	53.9815
0.985211	64.591
0.991397	43.9773
0.993259	57.6888
1	61.2699
0.977154	51.342
0.996672	60.7783
0.99947	58.1206
0.762726	29.6311
0.995987	52.1728
0.975424	55.1181
0.996739	48.9898
0.994096	44.8999
0.998071	62.2736
0.997381	62.6418
0.996649	61.8547
0.997498	64.4981
0.994177	56.356
0.99711	59.9166
0.991987	48.1664
0.997199	64.3117
1	54.4426
0.996704	45.7821
0.993335	60.8276
0.991463	45.3211
0.994988	53.7029
0.999417	60.8605
0.983702	47.8957
0.996219	32.311
0.983677	43.8178
0.990389	46.4112
0.955866	36.9324
0.994015	50.3587
0.980417	48.2079
0.995966	56.0179
0.996109	66.8581
0.985503	52.4976
0.931425	33.9706
0.998129	56.4092
0.997454	66.873
1	67.2012
0.992137	58.2752
0.996695	77.7046
1	45.7165
0.988617	36.7967
0.953186	35.4965
0.996064	58.155
0.992837	69.527
0.998125	50.4777
0.994371	60.696
0.988863	40.8901
0.986906	46.0652
0.997546	57.9137
0.964391	44.7437
0.993811	56.7979
1	67.2012
0.990298	62.1772
0.997736	61.1555
0.995214	65.3299
1	67.2458
0.983864	46.5403
0.977558	51.7494
0.999856	58.0172
0.99459	61.0082
0.991321	48.3115
0.991751	48.0416
0.993959	45.7602
0.998947	67.5574
0.936944	50.0999
0.997956	62
1	62.0161
0.993018	51.4198
0.998829	67.9412
0.998052	56.4978
0.999826	54.2771
0.998804	61.6441
0.994551	64
0.996035	61.7576
0.98986	57.3236
0.994104	51.049
0.992433	56.9912
0.975288	54.6809
0.981391	58.3267
0.999773	59.5651
0.998156	76.302
0.986424	53.8888
0.998543	63.9375
0.993419	61.0246
0.978852	52.6878
0.996274	55.8749
0.997509	60.9426
0.9969	70.0143
0.99156	49.1121
0.995361	61.2699
0.995046	52.345
0.996972	74.3909
0.985436	41.5452
0.992052	61.8061
0.974175	43.0349
1	59.5651
0.998198	49.3356
0.996708	51.7687
0.988367	55.7494
0.988044	48.9081
1	72.0833
0.991227	58.8218
0.994329	61.1555
0.999948	69.2243
0.99467	70.4273
1	51.3809
0.998664	69.0797
0.997269	58.515
0.99227	57.8965
0.994483	44.0681
0.969764	48.0833
0.997199	48.4974
0.807055	26.0384
0.987889	54.5344
0.99151	45.4533
0.994212	57.0088
0.965278	50.7937
0.99308	60.7783
0.99829	73.7564
0.99323	47.4763
0.996999	60.0833
0.988772	51.3615
0.986557	39.0896
0.999423	69.0652
0.989398	54.7905
1	64.7302
0.997286	68.1762
0.958194	44.1362
0.999152	54.5527
0.994061	64.3428
1	79.6241
0.998999	70.7107
0.995133	57.2887
0.998566	68.6149
0.993568	49.4773
0.992899	69.2387
0.990452	58.1893
0.987616	43.7721
0.997767	60.597
0.995623	45.8694
0.995653	48.0625
0.994893	60
0.996293	56.5685
1	55.1543
0.996806	53.1037
0.99028	54.9727
0.988937	61.0737
0.999217	58.6856
0.983986	57.6888
0.993404	52.2494
0.995838	54.4794
0.994433	58
0.980842	52.3259
0.973176	42.9185
0.992888	48.4562
0.970061	30.8221
0.99538	58.4637
0.965555	43.8406
0.993999	60.1332
0.965691	62.8172
0.996319	41.3038
0.995277	56.285
0.758838	32.6497
0.995902	62.3538
0.993798	58.1378
1	72.6223
0.992251	44.3847
0.988485	53.963
1	77.9102
0.998569	60.3987
0.996136	47.4552
0.997238	64.7611
0.987737	48.1041
0.987536	58.3781
0.989385	52.8204
0.987662	58.1722
0.97317	58.3438
0.996915	62.3378
1	55.0091
0.978101	72.4017
0.98096	49.6185
0.997458	63.5925
0.987141	42.8486
0.997273	64.3428
0.995001	60.1166
0.962676	59.5147
0.998706	66.2118
0.986966	48.3115
0.983145	66.7683
1	66.7683
0.994186	59.2115
0.998839	62.8331
0.998282	58.1034
0.99683	64.2806
0.987452	48.4562
0.984115	57.3062
0.996658	53.7959
0.999542	72.3326
0.998228	63.4035
0.966804	49.5782
0.99617	52.8583
0.996413	56.4092
0.996522	63.0397
0.998683	63.3088
0.995798	61.4654
0.980833	45.1885
0.999594	64.1093
0.980459	49.8598
0.990094	63.4192
0.99867	59.5147
0.992833	67.1565
0.989209	48.6415
0.812582	42.19
0.999785	76.6029
0.992557	52.8394
0.998345	54.1664
0.993932	56.4801
0.996169	57.0263
0.983172	43.5201
0.997658	65.4828
0.999541	64.5136
0.983792	51.342
0.997733	62.7694
0.992018	58.4294
0.984638	65.9394
0.996545	55.4256
0.992779	53.2541
0.992825	60.9098
0.994683	56.0535
0.995872	70.3562
0.997249	55.4797
0.992754	57.6021
0.962334	44.2493
0.996664	56.4801
0.985539	40.2989
0.991605	45.6508
0.984169	61.7252
0.999941	70.852
0.995502	47.8957
0.996352	51.1273
0.996014	59.5315
0.996479	64.7148
0.997201	46.1952
0.990895	58.3095
0.992701	60.1997
0.997519	63.4192
0.995616	58.9406
0.991403	62.498
0.975948	67.082
0.995248	48.9898
0.995955	58.2752
1	61.7576
0.998016	46.8402
0.998852	56.6569
0.99481	43.795
0.978199	50.5767
0.988112	49.1732
0.998423	69.2965
0.976978	36.1386
0.994843	55.6776
0.998701	52.4214
0.948883	76.5637
0.962096	61.9839
0.945695	48.3322
0.908066	48.1456
0.960206	58.0517
0.753337	35.6371
0.87239	42.8719
0.902112	42.9651
0.978934	39.6737
0.983691	66.3023
0.764223	40.025
0.923924	45.7821
0.95911	41.5692
0.945866	21.8174
0.91576	38.6264
0.946079	45.9565
0.951101	33.4664
0.95709	58.2237
0.974298	57.2189
0.930157	55.4617
0.937919	56.4801
0.862463	45.4753
0.963859	40.7185
0.911399	41.4246
0.86749	60.564
0.644733	28.7402
0.979304	53.1789
0.835994	37.2827
0.935042	34.0294
0.957063	35.242
0.793788	36.7423
0.958514	43.8406
0.890675	48.4149
0.947097	41.497
0.960511	60.1498
0.731228	29.5296
0.649985	31.4006
0.953284	40.5463
0.884386	57.2538
0.716628	22
0.958085	44.9889
0.872016	25.6515
0.931697	46.1952
0.893668	37.1483
0.878275	28.0713
0.601642	37.4967
0.786213	47.9375
0.946056	34.1467
0.944105	48.1456
0.981814	34.3802
0.925247	34.9285
0.749396	53.0283
0.909694	31.8119
0.929291	45.7821
0.934303	41.4005
0.955818	71.5961
0.954194	49.1325
0.941252	34.5543
0.96352	38.4187
0.937442	57.2014
0.908892	39.2428
0.566888	29.6648
0.95903	61.1065
0.95926	35.9444
0.732107	39.3192
0.48405	25.3377
0.634702	42.45
0.380859	37.1753
0.890711	37.0135
0.960165	26.9072
0.911515	38.6523
0.946916	47.4763
0.962808	50.3587
0.9335	42.0238
0.976908	71.4003
0.938391	35.2136
0.812979	27.4955
0.96264	58.2752
0.926157	40.0749
0.90895	43.7493
0.501217	26.3818
0.906167	25.0599
0.912927	45.7165
0.859837	46.3897
0.772714	38.5746
0.976542	38.8587
0.941817	49.1121
0.981247	56.745
0.939835	40.1248
0.858808	35.7491
0.943199	45.4753
0.942595	43.2204
0.936725	34.5543
0.933904	39.5727
0.963445	43.589
0.9394	64.2806
0.955424	34.4674
0.322995	29.3598
0.668737	40.2492
0.924502	57.8273
0.979219	46.2385
0.934498	26.6458
0.929562	48.621
0.975292	46.8615
0.944275	51.5558
0.752211	32.0312
0.981514	48.949
0.879827	37.2559
0.975657	62.482
0.965431	49.4773
0.976829	50.3786
0.939986	24
0.930871	40.9878
0.961796	43.2435
0.737463	37.3363
0.909734	48.4974
0.627298	31.273
0.937089	45.7384
0.502495	29.4618
0.917985	37.7624
0.937974	26.7955
0.931144	46.4112
0.931254	46.3897
0.739948	46.0869
0.67661	31.5278
0.925985	40.2492
0.978818	37.4433
0.862442	36.3868
0.944495	56.921
0.944953	34.322
0.922617	56.3205
0.880495	42.5676
0.954948	61.709
0.928097	50.2593
0.953638	65.2533
0.957752	39.0384
0.971597	38.5227
0.924575	42.9185
0.931601	50.3389
0.923314	46.1952
0.920257	43.7035
0.868936	48.1041
0.842698	23.8747
0.963873	51.614
0.431452	24.0832
0.933011	50.951
0.884066	50.9313
0.93574	29.4279
0.858194	42.8252
0.946808	46.6905
0.96324	32.7719
0.90138	45.2769
0.957435	41.1339
0.932122	30.2985
0.978192	51.672
0.926372	45.8039
0.952503	47.1169
0.929382	36.5513
0.925518	27.0555
0.518339	21.8632
0.932295	38.2623
0.972776	35.4119
0.962172	43.8862
0.952381	39.7995
0.95479	47.7703
0.906376	49.7996
0.958832	32.0624
0.90581	51.7301
0.976652	37.3631
0.86902	33.4365
0.945222	40.2244
0.956078	57.3934
0.597101	43.6578
0.925356	51.672
0.955202	43.6348
0.931032	76.8635
0.958648	65.0846
0.889086	28.8097
0.941572	46.4327
0.969626	27.0555
0.74296	28
0.67755	30.9839
0.902349	34.322
0.899621	35.5528
0.895438	27.4591
0.931485	45.9565
0.889672	47.3498
0.825582	32.619
0.976548	48.1871
0.928339	25.0998
0.969672	39.95
0.964739	45.6727
0.580544	23.5797
0.438771	23.0217
0.943988	59.1608
0.909385	44.0908
0.976664	41.2553
0.933116	43.5201
0.954801	39.0896
0.947256	45.0999
0.962999	62.0967
0.974204	54.2033
0.93167	46.1952
0.947981	54.3507
0.950866	44.317
0.964974	36.9053
0.924022	44.6094
0.929787	69.6276
0.515067	25.6905
0.916269	29.2916
0.948199	54.1664
0.967193	38.7814
0.941127	52.2685
0.948758	37.6829
0.94281	42.7785
0.920166	46.6476
0.509087	26.6083
0.782308	34.6987
0.952995	47.4763
0.873188	36.3868
0.634793	27.7128
0.963382	57.8619
0.941227	33.2265
0.709889	39.064
0.87511	36.524
0.752348	23.7065
0.62271	30.5614
0.868903	31.9687
0.814773	42.8719
0.858279	34.2345
0.818306	28.3549
0.969895	49.4166
0.92083	33.5559
0.692915	31.241
0.928701	59.7662
0.972049	40.0999
0.927968	46.4973
0.924836	51.7107
0.94449	36.3043
0.505569	22.5832
0.96788	58.9576
0.933068	33.6155
0.9349	50.2394
0.906587	58.4294
0.938279	54.8452
0.885378	37.6563
0.955824	44.317
0.932024	45.9783
0.942108	49.3964
0.911368	51.8845
0.755683	41.7133
0.924715	47.9375
0.938434	65.3299
0.916285	31.1769
0.957323	40.4969
0.921765	22.891
0.938384	29.0517
0.97735	50.7149
0.916425	40.6448
0.654917	28.2135
0.961577	63.1348
0.767993	46.1952
0.91279	52.4214
0.599153	45.5631
0.915918	30.0333
0.847671	37.6829
0.94759	42.0238
0.960402	34.3802
0.972574	62.0806
0.964787	36.6333
0.95283	42.0476
0.627622	40.5463
0.951401	54.3875
0	0
0.876333	35.805
0.540356	30.0333
0.932552	40.6694
0.911666	37.6563
0.905279	41.9524
0.969677	32.6497
0.964782	61.8223
0.901472	40.6448
0.871888	35.2136
0.886989	34.2637
0.954402	54.2218
0.854607	48.2286
0.967207	50.9117
0.636711	33.7343
0.949959	46.0869
0.952412	53.9444
0.872002	27.7489
0.953184	60.9754
0.847326	58.0861
0.928658	48.8876
0.636887	24.779
0.884824	27.1293
0.981672	49.2544
0.951177	29.0172
0.94928	40.0749
0.847189	41.4488
0.977599	42.9884
0.955253	50.7149
0.959471	47.4131
0.955156	38.2099
0.908342	62.482
0.965267	54.8635
0.574349	39.3954
0.961134	51.2445
0.9246	51.7107
0.943269	55.8749
0.926139	39.5727
0.954447	32.0312
0.929038	36.9594
0.968963	46.5618
0.950864	49.2138
0.531941	33.6155
0.918362	58.9576
0.888985	41.833
0.949811	42.2611
0.968567	41.5211
0.422159	43.1277
0.962657	64.9307
0.967189	45.5192
0.921749	29.3939
0.958971	54.3875
0.953333	38.4187
0.887385	55.0818
0.946598	54.111
0.947242	56.745
0.982575	40.2244
0.88515	34.4674
0.598747	32.1248
0.919082	40.8656
0.913848	28.8097
0.889565	60.9918
0.949608	63.9687
0.636904	24.7386
0.916814	62.7535
0.962566	63.5767
0.949045	33.6155
0.937261	50.4183
0.889948	39.7744
0.86483	33.6452
0.954067	39.8246
0.85967	42.9185
0.914415	74.552
0.908953	38.2623
0.929305	29.5635
0.960672	41.2311
0.952222	52.8394
0.925189	37.0135
0.96094	43.9545
0.944551	48.5798
0.838154	47.6865
0.968953	49.2138
0.915938	39.6989
0.977532	31.0161
0.95971	41.5211
0.947588	37.55
0.951309	67.838
0.938519	32.619
0.932084	39.2173
0.948021	52.8394
0.789247	54.0185
0.958649	38.3145
0.941313	56.3205
0.629997	28.1425
0.954654	69.1809
0.948387	39.37
0.96012	67.7791
0.954326	43.6119
0.90315	40.7185
0.970998	43.0581
0.776829	37.2022
0.935911	49.8999
0.756272	41.8808
0.872162	38.3927
0.907369	37.9473
0.69341	30.3645
0.95334	44.699
0.578571	33.5261
0.955203	57.8619
0.925738	33.8231
0.923889	27.2764
0.956681	35.4965
0.965997	31.7175
0.961635	34.7563
0.938015	50.7346
0.795268	55.8032
0.943565	37.3095
0.397268	19.799
0.922634	49.7795
0.912183	36.4417
0.978495	45.1885
0.937538	45.0777
0.984369	40.398
0.964058	32.9848
0.898196	28.8791
0.974942	48.9694
0.939762	55.3534
0.907207	38.4187
0.968338	45.2106
0.959314	47.7493
0.5461	24.4949
0.90658	29.189
0.978869	35.6371
0.595863	26.4953
0.955315	39.1918
0.960017	44.9667
0.866717	23.9165
0.920346	50.2593
0.855848	40.939
0.935075	23.5372
0.85783	57.376
0.884412	44.3621
0.948432	46.1086
0.859096	33.3167
0.925916	44.4297
0.980753	26.2679
0.903421	53.8702
0.929498	34.6699
0.966443	47.4974
0.869872	43.1509
0.93241	44.3396
0.883727	24.0416
0.654507	44.8999
0.620241	46.7119
0.948882	34.8425
0.970362	64.6375
0.95058	39.9249
0.951802	44.9667
0.840096	51.8652
0.773064	26.2679
0.914864	40.1995
0.814367	40.694
0.892304	33.7343
0.887634	27.7849
0.96324	53.2353
0.920862	40.694
0.918722	57.1489
0.956484	50.636
0.969635	52.6118
0.902479	47.4763
0.956478	76.2365
0.946103	37.0675
0.901728	37.2559
0.937732	52.2303
0.830843	35.8329
0.947845	61.563
0.904869	38.9358
0.918099	40.7431
0.637968	37.3631
0.761514	53.479
0.93276	35.9166
0.902815	42.3792
0.94258	26.4575
0.959326	43.2204
0.949886	55.7674
0.962163	61.6441
0.53258	22.4054
0.87417	46.3465
0.897227	42.638
0.518843	20.5913
0.98016	27.313
0.842706	48
0.895187	50.02
0.981278	53.1037
0.927627	45.0999
0.942603	48.3735
0.96876	43.9318
0.924033	50.7149
0.886663	42.0238
0.941321	40.8901
0.941501	42.332
0.552134	38.8844
0.925693	38.4708
0.845713	45.3211
0.938429	40.05
0.963438	45.7384
0.968138	41.2553
0.953386	29.3258
0.875677	55.1543
0.945279	40.4228
0.963117	42.2137
0.82283	43.3128
0.579588	33.6452
0.904952	46.3033
0.939379	53.2729
0.955132	39.3954
0.967227	48.8672
0.937603	51.0882
0.963872	52.4976
0.945561	57.4108
0.351384	23.1084
0.904282	37.7889
0.904002	33.1361
0.943524	27.5681
0.893433	41.5452
0.856899	45.0555
0.973203	51.6527
