0.99919	0.978207
0.990189	1.03783
1	0.850289
0.995693	0.973775
1	0.892998
0.999474	1.2272
0.994373	0.779792
1	1.25514
0.998534	1.06504
1	0.826246
1	0.799104
1	0.868357
0.996153	1.04197
0.997804	1.03989
0.992306	1.06446
0.999137	1.2773
1	0.898323
0.990944	1.13828
0.938798	0.949245
1	1.01868
0.999165	1.01623
0.994004	0.864473
0.984946	0.916705
0.998789	1.0987
0.961325	0.898221
0.997943	0.855957
0.998503	1.0611
0.994234	0.718003
0.998671	1.02563
0.999518	1.14039
0.99207	1.08135
1	0.981493
0.997154	0.993409
0.995427	1.01263
0.996454	1.1193
0.996572	0.957219
0.988407	0.973642
1	0.997644
0.999329	0.98346
0.997313	1.03191
0.99952	1.01255
0.998134	1.02039
0.99921	0.843375
0.976817	1.03023
0.994538	0.886247
0.99757	0.773036
0.985118	1.11999
1	0.890088
1	1.22289
1	0.815506
0.996623	1.09554
1	0.989558
0.996742	0.92716
0.999283	0.795597
0.999243	1.0917
0.998116	1.05191
0.999677	0.97059
1	0.858282
0.983247	1.09347
0.987654	0.996195
0.999	0.780437
1	0.914044
0.996781	1.09729
0.996965	0.952235
0.997577	1.07021
0.99596	0.936969
0.974331	1.08715
1	0.953587
0.99476	1.00831
0.997598	1.1734
0.999624	1.01865
1	1.06591
0.996282	1.02947
0.98288	0.791044
1	1.04479
0.993441	1.23524
1	1.15503
0.995127	1.18746
0.992877	1.10527
0.995895	1.04237
0.976731	0.871405
0.978601	1.08058
0.991082	0.85594
0.994311	1.09384
0.997311	0.951598
1	0.888627
0.996709	0.986005
0.990005	1.03882
0.990987	1.10652
1	1.09314
0.998495	1.19801
0.998215	0.783145
0.99922	0.856469
0.986935	1.02157
0.986088	0.903675
0.998531	0.886504
0.998599	0.957765
0.998563	0.780107
0.996671	1.0985
0.998378	0.95026
1	1.1833
0.997786	0.898575
0.98541	0.899282
0.995227	0.920879
1	0.794117
1	0.898897
0.989254	1.11812
0.997343	0.872471
0.934018	0.777872
0.981706	1.04508
0.998084	1.04126
0.991555	1.02026
0.994547	0.901526
0.989761	0.94479
0.998171	1.2443
1	1.0919
0.996973	0.9221
0.996427	0.809502
0.995402	0.988502
0.997923	1.0203
0.980076	1.03111
0.991938	0.633975
1	0.863359
0.996258	1.06349
1	0.911755
0.994388	0.839114
0.994942	0.934827
0.99565	0.887719
1	0.890398
1	0.989914
0.99307	1.14065
0.995507	1.16583
0.995535	0.90956
1	1.14583
0.998923	0.986269
1	0.938823
0.993246	1.22903
0.998682	1.08552
0.986465	1.18866
0.985354	1.00415
0.98529	1.00671
0.99665	1.04092
0.997917	1.1537
0.995526	1.05929
0.997191	0.892224
0.998547	0.84804
0.990833	1.00712
0.993678	0.921385
0.995894	0.920441
0.994479	0.895899
0.994137	1.03734
0.997457	1.09228
0.9958	1.12987
0.998399	0.962936
0.996258	1.00543
0.999154	1.14982
0.994923	0.757308
0.99477	0.867676
1	1.03411
0.992114	0.937237
0.987929	0.945573
1	1.01313
0.977351	0.965489
0.996578	0.816772
0.994992	0.866378
1	0.859876
1	1.01674
1	1.20917
0.997497	1.00245
1	1.25882
1	0.85193
0.989493	1.07646
0.995299	1.04464
0.991588	0.966648
0.990471	0.950736
1	0.982189
0.98714	0.810853
0.999469	0.979962
0.952984	0.813615
0.993212	0.919025
0.9713	0.858771
0.994182	0.944756
0.98834	1.05202
0.998868	1.19142
0.997345	1.04697
0.9972	0.621606
1	0.956292
0.998668	1.26558
0.999602	1.12258
1	0.856188
0.997592	0.866388
1	1.21611
0.988466	0.981666
1	1.01542
1	0.89173
0.995687	0.977186
1	1.10842
0.984603	1.03521
0.998102	0.922354
1	0.633709
0.700024	0.558588
0.908273	0.771967
0.792744	0.912613
0.834565	0.810714
0.92515	0.891753
0.883499	0.921517
0.85427	0.997627
0.828526	0.644684
0.926118	0.941456
0.852181	0.761876
0.902971	0.783487
0.820408	0.762235
0.842479	0.592169
0.910477	0.805
0.893312	0.764481
0.729484	0.717498
0.920275	0.872486
0.952671	1.14629
0.678789	0.720866
0.57695	0.617648
0.849578	1.10262
0.894899	1.00922
0.784204	0.681495
0.737745	0.863179
0.744686	0.605542
0.912512	0.857502
0.895936	0.689393
0.792242	0.765051
0.857714	0.769045
0.772684	0.776807
0.871854	0.786057
0.806523	0.741524
0.897981	0.999529
0.86911	0.963481
0.71908	0.84223
0.352883	0.387808
0.881305	1.07448
0.930612	1.0086
0.76202	0.846422
0.782638	0.845488
0.659319	0.60431
0.711029	0.909905
0.756467	0.744742
0.886232	0.969022
0.901263	1.21281
0.916274	0.853916
0.728053	0.77942
0.0607775	0.0606862
0.82348	0.946116
0.864101	1.03646
0.69973	0.677299
0.743845	0.542995
0.902863	0.827498
0.941385	0.930486
0.783528	0.867851
0.904016	0.896537
0.836691	0.752641
0.738536	0.709386
0.848008	0.593318
0.873286	0.894485
0.894124	0.848474
0.869961	0.947341
0.818817	0.768941
0.760243	0.813728
0.407246	0.407191
0.903897	0.879045
0.569505	0.567862
0.869615	0.687488
0.897591	0.830902
0.806547	0.804926
0.884579	0.807739
0	0
0.562169	0.594271
0.778375	0.757145
0.788057	0.695794
0.298753	0.328636
0.89404	0.731274
0.670036	0.659596
0.898243	1.06933
0.897659	0.795076
0.874651	0.791832
0.784479	0.547579
0.888866	0.747488
0.876053	0.89324
0.687866	0.884339
0.722624	0.504544
0.863877	1.04662
0.855606	0.97059
0.846742	0.88335
0.803901	0.74697
0.0209807	0.0171825
0.894653	0.859511
0.816191	0.734472
0.561807	0.453578
0.824702	0.885051
0.608079	0.707034
0.655218	0.536595
0.847649	0.748295
0.714821	0.50119
0.840703	0.991774
0.814561	0.801776
0.832679	0.695704
0.836103	0.980432
0.91148	0.756158
0.319016	0.229982
0.838601	0.877067
0.825833	0.78901
0.775144	0.745306
0.896683	0.813225
0.844788	1.04845
0.455925	0.31952
0.853643	0.559372
0.866315	1.05082
0.824874	0.698015
0.660123	0.562735
0.86896	0.898236
0.741396	0.750218
0.848834	0.921992
0.763516	0.980039
0.842647	0.924835
0.406097	0.456574
0.705019	0.637699
0.907114	1.17005
0.473236	0.58386
0.846943	0.894383
0.750543	0.628547
0.886249	0.845349
0.854374	0.864822
0.871047	0.918309
0.852148	0.950176
0.856883	0.945034
0.89974	0.908096
0.722119	0.834886
0.861989	0.782648
0.883684	0.913164
0.88335	0.758662
0.768392	0.84764
0.926757	0.754348
0.684319	0.79792
0.801422	0.829413
0.810557	0.750753
0.553226	0.635311
0.750584	0.627081
0.837355	0.719504
0.847073	0.802932
0.928825	1.08807
0.776456	0.917514
0.832782	0.834193
0.8228	0.802485
0.479479	0.356727
0.79539	0.612873
0.84555	0.820672
0.836881	0.946603
0.64878	0.587057
0.887803	0.996877
0.930532	1.17121
0.900901	1.05918
0.717808	0.835797
0.652919	0.564831
0.797825	0.720892
0.865339	0.931141
0.512273	0.562284
0.182594	0.160681
0.857746	0.726859
0.761736	0.746652
0.553143	0.619665
0.924297	1.06403
0.795752	1.00209
0.559076	0.42949
0.885249	0.73522
0.922516	0.845295
0.691822	0.680585
0.867815	0.721552
0.874467	0.950229
0.688389	0.783118
0.827013	0.707596
0.177002	0.117919
0.895767	1.00118
0.786864	0.645236
0.891782	0.920671
0.843651	0.839727
0.717501	0.571334
0.867068	0.862799
0.90102	0.776038
0.776001	0.739125
0.0178207	0.0147712
0.904932	1.12395
0.886971	0.806171
0.728229	0.750482
0.878862	0.68693
0.0567222	0.0463663
0.712459	0.958511
0.792923	0.729359
0.857189	0.826458
0.918406	0.997231
0.917067	1.01571
0.0277047	0.0259839
0.574933	0.587231
0.857331	0.805931
0.756203	0.810368
0.995406	0.921365
0.998338	0.776828
0.960254	0.946947
0.986538	0.861192
1	1.11357
0.991254	1.04526
0.99825	0.703926
0.991213	1.20729
1	1.04592
0.915242	0.838618
0.992648	0.798219
0.998638	1.18136
0.994147	0.76542
0.96932	0.875815
1	1.32599
0.998213	0.898387
0.999441	1.07498
0.999195	0.921858
1	0.882841
0.979172	0.998595
0.995058	1.12928
0.989387	0.970365
0.989391	1.02428
0.99942	1.06827
0.99849	0.861428
0.997339	0.946943
0.989602	1.10323
0.987933	0.875986
0.997107	1.02332
0.958528	0.891252
0.999238	1.03453
0.993164	0.89341
0.998415	1.02145
0.998262	0.90512
0.998468	0.819178
0.995438	1.02962
0.996624	0.99707
0.986965	0.947238
0.995953	0.934208
0.983691	1.07904
0.99629	0.873746
0.984839	1.0658
0.997747	1.05061
1	0.864398
1	1.15609
1	0.978699
0.993884	1.10358
0.971977	0.898783
0.998078	0.844521
0.996217	1.1492
1	0.905711
0.989088	1.00173
1	1.02297
1	0.96753
0.974907	1.04386
0.994584	1.11892
1	1.0752
0.996876	1.06847
1	1.12794
1	0.839257
1	1.025
0.987868	0.847272
0.998402	0.972641
0.978046	0.872778
0.988691	0.812928
0.976889	1.14969
0.991939	0.974501
1	0.931282
0.979922	1.09653
0.993555	1.17829
0.996594	1.11841
0.958523	0.994153
1	0.953861
0.996891	0.78571
0.999605	1.12427
0.992728	1.11198
0.998937	0.900155
0.99612	0.954426
0.996924	0.993835
0.983696	0.881593
0.992325	0.936794
0.984271	0.99721
0.998338	1.08336
0.996223	0.853652
0.990188	0.834765
0.992481	0.978353
0.988152	0.953149
0.994445	0.927586
0.998725	1.09888
0.99157	1.07819
0.997044	0.701054
0.99728	1.01636
0.997357	0.863149
0.988846	0.742397
1	0.78097
0.97748	0.974178
0.990495	0.842312
0.997663	0.820638
0.995453	1.21909
0.992862	0.917374
1	1.09501
0.976505	1.06089
0.990496	1.0214
1	1.15618
1	1.20379
0.996791	1.14048
1	0.954089
0.999376	0.996847
1	0.853161
0.999332	1.03671
1	0.931283
0.996858	1.04254
0.997914	1.13914
1	0.962611
0.995081	0.982879
0.998555	1.39689
1	0.885855
0.996716	1.0026
0.999919	1.08305
0.999022	1.16078
1	1.23312
0.996062	0.884428
0.995605	1.06484
0.993041	0.770258
1	1.12416
1	1.13362
0.998125	1.08093
0.998556	1.0965
0.994905	0.963919
0.931673	0.988125
0.993639	0.884247
1	1.02236
0.997904	0.982885
0.986377	0.988601
0.988745	0.912488
1	1.00623
0.99881	1.32913
0.987376	0.858721
1	0.977853
0.995835	1.11277
0.999806	0.832214
0.997467	1.0943
1	0.795112
0.998356	0.83
0.952	0.870352
1	1.16545
1	0.978673
1	0.953128
0.997753	1.0018
0.990823	1.00957
0.994089	0.794091
1	1.06322
0.924938	0.867358
0.787018	0.792043
0.997934	0.846139
0.991569	1.09823
1	0.837205
1	1.13707
0.991413	0.92911
0.991458	0.977722
0.998303	1.07323
0.969576	0.912439
0.998174	0.862548
0.998672	0.991074
0.990864	1.2195
0.992286	0.947144
0.993998	0.917296
0.993736	1.07474
0.997468	0.81805
0.997636	0.653346
0.999453	1.04711
0.992481	1.17572
0.995166	0.963481
0.999509	0.798207
1	1.0806
0.994482	1.03113
0.985181	0.891885
0.993094	1.20815
0.994606	0.96139
0.988458	1.0903
1	0.877507
0.999103	0.975044
0.995125	0.999424
0.982004	1.08053
0.994722	0.802468
0.988347	0.928852
1	1.19283
0.990917	1.15799
0.99854	0.872486
0.987924	1.03409
0.993141	0.9448
0.996027	1.0387
0.985841	1.07346
1	1.11088
0.994026	0.877198
0.992459	1.13443
1	1.1318
0.98106	0.873629
0.976277	0.935485
0.990832	0.943069
0.635774	0.513198
0.890923	0.645837
0.850419	0.989668
0.494154	0.569591
0.937822	1.12389
0.706119	0.721603
0.567275	0.478649
0.659083	0.587948
0.902364	0.935952
0.896069	1.14534
0.838208	0.74209
0.827695	0.613638
0.89742	0.917447
0.761055	0.63737
0.801261	0.84214
0.816174	0.545439
0.874363	0.764118
0.830891	0.637242
0.631187	0.558396
0.935202	0.931945
0.844304	0.943685
0.698745	0.767151
0.858608	0.812809
0.850173	0.697942
0.0670339	0.059835
0.575314	0.474333
0.819363	0.983762
0.826725	0.566177
0.473194	0.429792
0.780616	1.00597
0.936782	0.794686
0.890588	0.90335
0.74196	0.576178
0.887522	0.774854
0.890579	0.895509
0.734492	0.596471
0.870882	0.715026
0.775354	0.703525
0.546793	0.477317
0.571232	0.499322
0.874211	0.986873
0.44742	0.475968
0.85135	0.869932
0.843523	0.628947
0.728651	0.8831
0.93252	1.01636
0.858944	0.576485
0.653296	0.511194
0.81354	0.952108
0.824659	0.818561
0.543188	0.635217
0.879872	0.645839
0.663967	0.560826
0.786148	0.856391
0.592253	0.562978
0.873473	0.721025
0.675564	0.710575
0.792582	0.742751
0.794857	0.826688
0.719382	0.713512
0.9148	0.942481
0.445535	0.506177
0.851194	0.786382
0.714555	0.912598
0.681266	0.561795
0.860424	0.69664
0.899121	0.948267
0.766634	0.617081
0.830273	0.95537
0.862203	0.899086
0.722603	0.725771
0.720393	0.82418
0.701981	0.825045
0.85753	0.762641
0.822557	0.960955
0.925139	0.819583
0.787602	0.826247
0.681027	0.744289
0.896468	0.866413
0.81869	0.650551
0.446752	0.475255
0.773549	0.930889
0.762601	0.563047
0.899494	0.774522
0.809371	0.681314
0.895301	0.786417
0.83904	0.863391
0.807546	0.665774
0.84954	1.00297
0.86487	0.761373
0.477733	0.521846
0.815786	0.923867
0.488917	0.397028
0.855922	0.766246
0.83031	0.630237
0.872115	0.885899
0.826249	0.687238
0.0456504	0.0574839
0.550129	0.664441
0.859146	0.912198
0.586051	0.44985
0.830364	0.574761
0.841332	0.807078
0.898419	0.931124
0.752912	0.579231
0.800669	0.905428
0.0576289	0.0414115
0.619289	0.729323
0.350532	0.303907
0.826772	0.948967
0.846519	0.932564
0.567538	0.526201
0.810855	0.660104
0.824939	0.666489
0.790558	0.974861
0.860975	0.926798
0.894607	1.04419
0.825245	0.735824
0.933665	1.01192
0.868259	0.793104
0.634312	0.670963
0.85819	0.882872
0.797704	0.750984
0.79247	0.683565
0.871251	0.585177
0.872692	0.846282
0.375693	0.30053
0.73496	0.706298
0.854232	0.968283
0.838466	0.871634
0.590551	0.714485
0.771868	0.753003
0.853045	0.892098
0.711726	0.703562
0.617525	0.625861
0.860405	0.731234
0.621195	0.713131
0.794008	0.889692
0.835245	0.719029
0.862418	0.78464
0.776681	0.767213
0.907118	0.960882
0.866845	0.711605
0.883167	0.942795
0.883957	0.850661
0.801238	0.858248
0.868813	0.887114
0.735249	0.660453
0.900417	0.788384
0.883517	0.955533
0.943732	0.979245
0.761638	1.01306
0.454179	0.47792
0.948848	0.684136
0.592	0.566477
0.538328	0.520233
0.451086	0.483087
0.767707	0.744474
0.814804	0.730597
0.919778	1.02828
0.860578	1.02392
0.828262	0.926038
0.580367	0.615417
0.620247	0.635931
0.71886	0.540547
0.9314	0.978255
0.810378	0.767792
0.918625	1.00919
0.67241	0.583754
0.930858	0.894818
0.824714	0.697331
0.731923	0.561504
0.941729	0.993638
0.64432	0.863934
0.68722	0.720677
0.927534	1.11956
0.856756	0.638059
0.642694	0.739522
0.867	1.01347
0.786737	0.640373
0.870774	0.830953
0.792974	0.512056
0.225938	0.18877
0.308739	0.340126
0.398435	0.418856
0.84334	0.567213
0.805728	0.992674
0.840063	0.831051
0.768263	0.525676
0.742634	0.633543
0.848574	0.906157
0.75454	0.780145
0.65628	0.638953
0.915013	1.00109
0.814234	0.781944
0.912164	0.845117
0.78742	1.03436
0.905885	0.785619
0.430575	0.393587
0.896756	1.05849
0.99636	0.980035
0.9992	1.2056
0.995204	0.794552
1	0.771668
1	0.70209
0.995131	0.876353
0.997436	0.798563
0.993798	1.00997
0.994645	0.788244
1	1.03684
0.973514	1.19788
1	1.04899
0.999252	0.750385
0.994563	1.06609
0.979662	0.967386
1	1.00683
0.981563	1.01824
0.998128	0.917759
1	0.820354
0.997402	1.06237
0.986486	0.990627
0.988401	1.07302
0.999886	0.902987
1	0.949127
0.978476	1.1888
0.990214	1.08132
0.988205	0.970799
0.969548	0.711533
0.994713	0.844159
0.993402	1.2092
0.997631	1.07708
0.996475	1.04745
0.991887	0.765265
0.999524	0.899771
0.971653	1.05873
0.998663	1.04582
0.993338	0.713001
0.998158	1.08219
0.995471	0.975951
0.996081	0.805688
0.998586	0.805067
1	0.959469
0.986249	0.909501
0.999774	1.08913
0.995191	0.900538
0.992468	0.860354
0.997206	0.858347
0.998628	0.933324
1	1.32031
1	0.909761
0.992059	1.11017
0.992544	0.944103
1	1.07541
0.995145	1.0217
0.988716	0.881561
0.991982	1.09327
0.982684	1.01791
0.987907	1.0085
0.965729	0.972013
0.997351	0.934563
0.997985	1.06561
1	1.31224
0.99789	1.08042
0.997912	0.918283
1	1.0076
0.998005	1.09915
0.991407	0.801491
0.998109	0.980407
0.989399	0.931565
1	1.15581
0.991558	0.79524
1	0.924379
0.991766	0.897396
0.994756	0.930954
0.996291	1.0459
0.994417	0.851683
0.997474	0.970028
1	1.0517
0.992778	0.766854
0.998719	0.801205
0.99829	1.06561
0.993955	1.09592
0.969332	1.00509
0.998804	1.15007
0.989256	1.00634
1	1.12546
0.99603	0.855699
0.986025	0.848087
1	1.03738
1	0.985698
0.990796	0.969021
0.994823	0.80701
0.985222	0.994494
0.996707	1.15365
0.983472	0.775337
1	0.830417
0.96528	0.980205
0.998599	0.891345
0.993219	1.07319
0.996654	1.04452
1	0.933221
0.95944	1.02776
0.995335	0.853199
0.997582	1.08064
0.998754	0.948166
1	0.984006
0.997325	1.2304
0.996445	0.816074
0.995272	1.0384
0.999196	0.854847
0.999061	1.07843
0.986653	0.814316
0.995812	1.13742
0.999525	1.22093
0.989788	0.876462
1	0.902462
0.999783	1.06064
0.999472	0.97208
0.99463	0.966727
0.993539	1.01378
1	0.958156
0.982569	0.959535
0.992542	0.956759
0.991825	0.855415
0.995812	0.835936
0.998479	1.04297
0.995721	1.04063
0.998188	0.874977
0.992111	0.840639
0.999442	0.889876
0.99744	1.01708
0.99796	1.07534
1	1.15424
0.981866	1.03081
0.999166	0.880013
0.995767	0.842594
0.991017	1.24486
0.984883	0.878888
1	1.07391
0.994196	0.690718
0.994358	0.803355
0.998595	0.947152
0.99792	1.04444
0.983556	0.956137
0.998115	1.216
0.993385	0.913488
0.998476	0.843112
1	0.971057
0.982157	0.96674
0.973485	0.988245
0.998391	0.869095
0.996455	1.07647
0.993584	0.971382
0.997327	1.04893
0.991483	1.08435
0.989815	0.780784
0.999034	0.914563
0.996702	0.898852
0.989702	0.849789
1	0.963858
0.998615	1.09713
1	0.966228
0.980945	0.820946
0.991541	1.08267
0.987364	1.16129
1	0.96003
0.948255	0.842279
0.990531	0.924947
0.965953	1.1617
0.988087	0.769686
0.991627	1.03854
0.997481	1.06618
0.995595	0.913789
0.997109	0.851321
0.998339	0.852131
1	0.906894
0.970368	0.899384
1	1.12864
1	1.03293
0.999139	1.07395
0.918841	0.967319
0.9974	0.920335
0.976636	1.06523
0.998325	1.10355
0.997077	0.87893
0.98888	1.11107
1	1.07719
0.998193	0.964466
0.999091	1.00661
1	1.09874
0.998018	0.911985
1	1.02043
0.997224	0.882385
0.991389	0.8833
0.913221	1.19961
1	1.05942
0.99471	1.19893
0.992499	0.712926
0.998198	0.899038
0.995748	0.652601
0.840644	0.94947
0.852751	1.21428
0.749538	0.994456
0.800634	0.880744
0.72613	0.719812
0.89226	1.10504
0.924578	0.745546
0.834025	0.794377
0.893314	0.858056
0.902807	1.01936
0.834559	0.901403
0.940169	0.826736
0.874542	1.01796
0.835723	1.08681
0.898253	0.908583
0.557249	0.654056
0.8513	0.732041
0.808908	0.777838
0.890871	0.577764
0.871582	0.88672
0.812922	0.865099
0.841778	0.985795
0.813474	0.72131
0.493333	0.509077
0.418688	0.408816
0.114192	0.118529
0.836713	0.807013
0.814314	1.02159
0.837157	1.0207
0.88137	0.815453
0.834182	0.733469
0.715321	0.579378
0.763737	0.871258
0.820272	0.807813
0.756269	0.751017
0.936014	0.964855
0.812938	0.722053
0.849262	0.815958
0.722374	0.676582
0.881206	0.810007
0.800721	0.819066
0.831252	0.896874
0.757948	0.823952
0.926042	1.34144
0.82458	0.804427
0.299989	0.226484
0.871243	0.825625
0.913514	0.952696
0.0530551	0.0407954
0.519836	0.672172
0.936707	0.841136
0.86723	0.802435
0.103513	0.0944421
0.898198	0.789171
0.886395	0.740476
0.836581	0.775041
0.858187	0.827543
0.85306	0.729197
0.889619	0.927835
0.834693	0.916683
0.751612	0.638436
0.679079	0.580692
0.541543	0.545606
0.906236	0.959565
0.798841	0.721602
0.864276	0.768181
0.91564	1.04066
0.488404	0.435185
0.785626	0.923592
0.817795	0.884502
0.29054	0.221586
0.950934	0.948914
0.86392	0.807472
0.870311	0.807012
0.900595	0.890049
0.889908	0.855447
0.907982	0.692044
0.713183	0.840192
0.787494	0.613118
0.888985	0.871898
0.876013	0.904736
0.867943	0.665992
0.519645	0.55059
0.559616	0.570889
0.88102	0.896929
0.840148	0.78327
0.791837	0.56982
0.832983	0.605498
0.825869	0.730212
0.93697	0.772719
0.501693	0.463705
0.815038	0.934716
0.895852	1.01476
0.826908	0.902141
0.816492	0.935416
0.893869	0.715909
0.837147	0.790234
0.813691	0.635845
0.83967	0.788493
0.850053	1.05007
0.88338	1.00345
0.54101	0.406437
0.9035	0.831703
0.908445	1.07833
0.889311	1.02353
0.823341	0.873404
0.669843	0.776757
0.888975	1.05609
0.855645	0.858224
0.89957	0.937646
0.820223	0.761488
0.863498	0.72554
0.714758	0.741075
0.732304	0.766545
0.874065	0.858208
0.795563	0.723781
0.421209	0.490345
0.848982	0.637125
0.921917	0.752788
0.861266	0.78059
0.725637	0.658234
0.768936	0.62351
0.82519	0.85136
0.869121	0.889284
0.739617	0.753455
0.708122	0.650298
0.88895	0.905861
0.816418	0.669933
0.689991	0.571142
0.915933	0.937618
0.646535	0.62123
0.839563	0.868854
0.649228	0.814038
0.883648	0.830593
0.27265	0.218894
0.633813	0.707914
0.863664	0.850131
0.88939	0.992424
0.82259	0.873329
0.919384	0.949851
0.70068	0.602656
0.924512	1.05946
0.640719	0.742543
0.833365	0.532411
0.743745	0.887973
0.491921	0.327843
0.767827	0.847798
0.832511	0.67011
0.679509	0.722641
0.845456	0.798499
0.874064	0.898452
0.102045	0.119698
0.814297	0.711659
0.858711	0.829506
0.7614	0.661187
0.851874	0.732784
0.37691	0.484156
0.937166	1.29448
0.843018	1.15751
0.85737	0.935737
0.612907	0.574775
0.884113	1.01993
0.885189	0.91071
0.781935	0.822679
0.853524	0.839977
0.734856	0.754803
0.807789	0.731157
0.827569	0.893654
0.514656	0.590721
0.788732	0.778521
0.804469	0.636274
0.845092	0.968444
0.815014	0.757162
0.848188	0.873884
0.736024	0.789157
0.855134	0.986544
0.752782	0.673741
0.879193	0.947666
0.718676	0.801473
0.839294	0.957072
0.857179	0.837827
0.904065	0.861429
0.776906	0.642696
0.938264	1.10675
0.677256	0.814065
0.109085	0.0829601
0.875328	1.08993
0.872548	0.743332
0.771523	0.578548
0.680674	0.803272
0.743663	0.578543
0.829124	0.736485
0.868355	0.874959
0.925832	1.02212
0.872765	1.02248
0.86614	0.8453
0.938869	0.815146
0.830762	0.79121
0.815893	0.774171
0.730397	0.557172
1	1.01756
0.999411	1.04787
0.98167	0.963967
0.978333	0.920598
0.992923	0.999472
0.995685	0.813393
0.99395	0.933243
0.994546	0.664258
0.995244	1.29853
1	0.92455
0.995765	0.962895
0.994127	1.07316
0.99544	0.900753
0.952523	0.904044
0.998385	1.05915
1	1.12175
0.997825	0.936523
0.99782	1.06021
0.99244	0.707617
0.997005	1.21675
0.994463	0.830785
0.993011	1.076
0.998989	0.922012
0.974586	0.9056
0.997785	1.00795
1	0.946577
0.999248	0.900702
0.992018	1.10202
0.991655	0.934721
0.998531	0.643619
1	0.943929
0.995324	0.9313
0.998502	0.885805
0.995295	0.980911
0.997437	1.07303
0.992313	0.667175
0.998484	0.950331
0.995204	0.974831
0.999249	0.873144
0.997544	1.21076
1	0.966634
0.995972	1.00408
0.999688	1.12877
0.990716	0.869263
0.990677	0.880609
0.997093	0.964368
0.995451	0.932985
0.999058	1.06882
0.999044	0.813514
0.992061	1.02509
0.972674	1.16009
1	0.853695
0.975453	0.904575
0.997921	0.873317
0.996658	0.944816
0.9938	1.13314
1	1.03594
0.997778	0.905322
0.986199	1.17462
0.991245	1.06347
0.974508	0.889121
0.999054	0.987772
0.989947	0.915639
0.949623	0.888248
0.994853	1.05155
0.999771	0.857716
1	0.883386
1	0.938287
0.993179	1.12899
0.99772	1.09365
0.994045	0.770746
0.986925	1.02968
1	0.942162
0.962308	0.970178
0.992866	1.08912
0.979783	1.1719
0.997838	1.18685
0.997982	1.04012
0.991433	1.03365
0.996696	1.04736
0.998412	1.09504
0.996947	1.07276
0.996164	0.957906
0.999643	1.01689
0.999353	1.03856
0.968711	0.87142
0.993944	0.914305
0.998679	1.04718
0.995795	1.04317
0.979281	1.03331
0.97987	0.982426
0.997341	0.865412
0.98329	1.02234
0.998436	1.08337
0.99707	1.21047
0.977413	0.775151
0.999725	0.868282
0.998086	1.18287
0.996636	1.08908
0.997286	1.03079
1	1.04345
0.980733	1.0061
0.977506	0.862304
0.995524	0.827204
0.99451	0.953615
0.99806	1.05058
0.990037	1.1336
0.997622	0.747844
0.992834	0.808024
1	0.941809
1	0.894883
0.979019	0.802723
0.996999	0.878517
0.998568	0.903147
0.996993	0.788441
0.975755	0.747921
0.992013	0.994603
0.989823	1.15386
1	1.15246
0.984725	0.921806
0.996869	1.05461
1	0.920282
1	1.08899
1	0.895978
0.997701	1.37206
1	0.998708
0.993336	1.09892
0.995019	0.894964
1	1.1416
1	0.936933
0.983862	0.881549
1	1.23337
0.994451	0.955624
1	0.820606
1	1.14173
0.998843	0.990391
0.991676	0.81331
0.994198	1.30437
1	1.00307
1	0.994088
1	0.88192
0.997068	1.24272
1	1.21271
0.999071	0.99857
1	0.931397
1	1.1945
0.999269	1.21657
0.999622	0.665622
0.999397	0.896671
1	1.06243
0.983609	1.08635
0.990218	0.966551
0.986058	0.921871
0.984837	0.986165
0.995208	1.04333
0.999562	1.00989
0.997814	0.769867
0.982559	1.02918
0.992707	0.638111
0.98728	0.931327
0.988674	1.13763
0.983137	0.942099
0.993165	1.05144
0.995626	0.996999
1	0.998235
0.991723	0.837683
0.998758	1.03822
1	0.849359
0.997678	1.17129
1	1.10243
0.995006	0.7728
0.996492	1.12848
0.999155	0.80753
0.9971	0.87691
1	1.06484
1	0.952947
0.995088	1.06477
0.998338	0.992995
0.996828	0.915068
1	0.9821
0.996873	0.959377
0.984004	1.00295
0.99528	1.03095
0.999002	1.00681
1	1.10889
1	1.15018
0.980465	1.01861
1	0.746997
0.996763	1.12812
1	0.850381
1	1.00555
0.993179	0.981114
0.998747	0.895223
0.990164	0.889785
0.999165	0.974184
0.995769	1.19577
0.989723	0.956219
0.99689	1.13963
0.993182	0.963362
0.99779	0.976107
0.913894	1.00118
0.844851	0.852264
0.943186	0.88762
0.884533	0.891809
0.908736	0.90102
0.823812	0.827258
0.827976	0.659486
0.836223	0.839143
0.915981	0.931624
0.707801	0.668625
0.853237	0.827711
0.696402	0.667664
0.865227	0.839271
0.764885	0.738074
0.729674	0.837891
0.825417	0.77079
0.900032	0.871534
0.544509	0.485919
0.874315	0.767381
0.913896	0.97632
0.864574	0.797383
0.955521	0.909515
0.887544	0.825256
0.918955	1.01474
0.90896	0.91199
0.854172	0.853138
0.582625	0.582626
0.903418	0.945256
0.85709	0.894281
0.853511	0.7707
0.908902	1.03801
0.814262	0.859981
0.922897	0.986435
0.768038	0.685646
0.863294	0.758329
0.865309	0.896722
0.863718	0.796201
0.6055	0.493954
0.850899	0.809269
0.769709	0.671363
0.823387	0.924684
0.827768	0.836576
0.887987	0.916423
0.84441	0.65061
0.855385	0.67971
0.753511	0.613989
0.902182	1.03969
0.735896	0.478014
0.871431	0.825117
0.838026	0.873761
0.85191	1.02568
0.797092	0.560392
0.892323	0.846967
0.870344	0.808297
0.757549	0.994085
0.771377	0.645471
0.815231	0.560277
0.930775	0.850535
0.918758	0.760461
0.704954	0.755518
0.822441	0.847352
0.550923	0.511394
0.682376	0.591724
0.803846	0.734776
0.86717	0.796873
0.886416	0.876455
0.809412	0.752328
0.839113	0.965831
0.835917	1.02932
0.744907	0.684458
0.841448	0.587757
0.632993	0.498121
0.865271	0.888134
0.645906	0.604878
0.909747	0.895891
0.891253	0.637784
0.341716	0.211712
0.611419	0.82869
0.835323	0.913195
0.783184	0.663869
0.832538	0.854878
0.808812	0.663843
0.720082	0.52913
0.818386	0.7813
0.882604	1.08812
0.603897	0.614398
0.844839	0.935198
0.888639	0.90055
0.906125	0.934694
0.0569977	0.0339326
0.638474	0.684325
0.810081	0.702015
0.694769	0.607088
0.873965	0.999996
0.864617	0.824588
0.658942	0.662023
0.859092	1.09602
0.956093	0.962189
0.656073	0.690581
0.665804	0.576411
0.800794	0.567237
0.793243	0.642461
0.863527	0.788022
0.889692	0.984657
0.722356	0.814964
0.852554	0.875832
0.866462	0.832624
0.884298	1.01121
0.703044	0.480491
0.884961	0.980561
0.653993	0.678136
0.825512	0.956111
0.896005	0.875089
0.660877	0.608325
0.891731	0.718778
0.772923	0.627647
0.895519	0.843563
0.857554	0.856739
0.84364	0.654429
0.929819	0.82606
0.806153	0.745611
0.682561	0.905184
0.556329	0.442645
0.840197	0.794805
0.915332	0.703376
0.875391	1.01713
0.663626	0.820148
0.868405	0.781998
0.908869	0.755292
0.918068	0.680919
0.691474	0.804254
0.826634	0.727772
0.898298	0.87947
0.939548	0.947567
0.837395	0.831238
0.871036	0.724537
0.829933	0.809746
0.689741	0.698903
0.772749	0.810833
0.878996	0.909751
0.852214	0.85619
0.873358	0.854118
0.850439	0.687506
0.463679	0.356438
0.862443	0.870621
0.857344	0.826411
0.899994	0.885713
0.912328	0.971847
0.809329	0.758613
0.627486	0.75566
0.580625	0.457226
0.924782	0.91275
0.85622	0.989426
0.669471	0.732626
0.840695	0.877755
0.902803	0.793428
0.909939	0.794551
0.900272	0.97339
0.776149	0.89332
0.971136	0.910914
0.90259	0.99214
0.854096	0.957896
0.906929	1.12604
0.757814	0.633107
0.786684	0.697178
0.784818	0.80511
0.910815	0.93735
0.726314	0.687941
0.841645	0.844025
0.79876	0.818853
0.708579	0.630118
0.60896	0.574263
0.749828	0.662536
0.900406	0.777531
0.80123	0.590704
0.74163	0.758675
0.768782	0.649955
0.894276	0.821797
0.866949	0.926792
0.730518	0.96605
0.897307	0.844318
0.78167	0.606745
0.867046	0.862537
0.770411	0.63788
0.867996	0.977798
0.639121	0.448124
0.887265	0.932062
0.96875	0.977253
0.762037	0.612344
0.66947	0.868944
0.874212	0.882666
0.874832	0.720221
0.878184	0.670315
0.862106	0.772627
0.90186	0.652941
0.881232	0.851769
0.0410263	0.0441444
0.804013	0.827492
0.691438	0.865832
0.83882	0.69377
0.997202	1.00574
0.991609	0.730292
0.977037	1.05411
0.99336	0.9903
0.996844	1.01009
0.994921	0.878414
1	1.01946
0.996443	0.896206
0.997818	1.09355
0.976743	1.0472
0.995177	1.0229
1	1.10117
0.998191	1.09304
0.983146	1.08912
0.997149	0.989026
0.992104	1.0678
1	0.97292
0.996595	1.0159
1	0.889093
0.993426	1.04586
1	0.802593
0.997456	0.94217
0.993859	0.919648
1	0.877234
0.99724	0.767518
0.980684	1.14508
0.997022	1.1436
0.996107	1.15512
0.996695	0.98763
1	0.946412
0.998532	0.906506
0.98263	1.13551
0.976962	0.882615
0.998948	1.15387
1	0.95513
0.995028	1.34968
0.998582	0.804114
0.986979	1.11926
0.994937	1.17128
0.996722	0.985566
0.997179	0.906205
0.995143	1.12925
0.988307	0.906994
0.982519	1.01088
0.992564	0.919174
0.998934	0.937985
0.999111	1.07444
0.99623	0.941152
1	1.02226
0.995825	0.901835
0.963618	1.15152
0.99859	1.0159
0.998527	0.937606
0.980742	0.925151
0.994341	0.836492
0.997138	0.960197
1	1.00271
0.956381	0.991321
0.984453	1.02867
0.995761	0.770227
0.994873	0.909553
0.997003	1.12475
0.998715	1.01772
1	0.852712
0.980038	0.897962
0.991041	0.847539
1	0.86226
1	1.16783
0.997067	0.881293
0.984492	1.13121
1	0.94403
1	1.23404
0.994529	1.0375
0.99265	1.0212
1	0.922235
0.996776	0.992308
0.992579	0.945934
0.994416	1.00008
1	1.03365
0.997333	0.940634
0.953991	0.930469
0.945342	0.860432
0.998717	1.14491
0.997491	1.03271
0.976037	1.20954
0.990667	0.791694
1	0.917482
1	1.03584
0.992855	0.952725
0.995307	0.924366
0.998757	0.866369
1	0.87643
0.996673	0.92724
0.998539	0.971529
0.977905	0.924276
0.996426	0.993847
0.990299	1.03641
0.966033	0.909162
0.98818	0.99062
1	0.73248
0.996734	1.09751
0.998836	1.03914
1	1.12354
1	0.778472
0.997937	0.913174
0.998115	1.09378
0.992547	0.877998
0.996702	1.05493
0.989437	0.935445
0.976757	0.840742
0.98963	0.786269
0.986059	0.847286
0.997646	0.951147
0.99172	1.07139
1	1.11848
0.99939	0.94008
1	1.03913
0.999204	1.10134
0.992991	1.08127
0.997839	0.957521
0.991561	0.873663
0.998019	0.930181
1	1.06648
0.981557	0.981378
0.990415	0.945909
0.997811	0.70419
0.995854	1.05888
0.998757	0.836539
0.989006	0.927344
0.99912	0.882808
0.987907	1.07751
1	1.01998
0.999091	0.792208
0.990876	0.917077
0.985882	0.949493
0.99739	1.09526
1	1.19109
0.995522	1.2623
1	0.940301
1	1.04575
0.998014	1.18347
0.994168	1.08489
0.996708	1.04314
0.994299	0.981955
1	0.915358
0.997596	0.802913
0.996252	0.953695
0.998186	0.916876
0.994112	1.16448
0.996704	0.930937
0.995494	1.08058
0.992478	0.843279
0.960508	1.05351
1	1.09564
0.996671	1.09933
0.998411	0.692548
0.997426	0.931358
0.998275	0.941527
0.995865	0.983288
0.997216	0.79388
0.995625	1.03022
0.999115	0.963166
1	0.959556
0.980254	0.992833
0.996871	0.80961
0.992744	1.09662
0.998936	0.85462
1	0.942283
0.996044	1.03574
1	1.03079
0.994731	0.945113
1	1.13844
0.979431	0.961158
0.987961	1.03366
1	1.06532
0.998129	1.01858
0.995763	0.922684
0.998459	1.0783
0.998865	1.04744
0.99769	0.896695
0.991518	1.13692
0.999658	1.02798
0.996147	1.02809
0.990799	1.175
1	0.886294
1	1.14977
0.994816	0.667031
0.995228	0.974516
0.995614	0.816905
0.999201	0.807453
1	1.08272
0.993517	1.03625
0.996489	1.19926
0.995164	0.903398
0.995723	0.904784
0.998796	0.967255
0.998386	0.909931
0.997264	1.09132
0.99863	0.933768
0.996779	1.07726
0.766909	0.838045
0.914435	0.886518
0.79392	0.713788
0.840081	1.11659
0.709074	0.834862
0.807862	1.09921
0.863022	0.642482
0.743003	0.782155
0.923415	0.930027
0.901098	0.792546
0.77488	0.723626
0.887784	1.11382
0.75443	0.800513
0.911091	0.790468
0.853906	0.653275
0.851022	1.07375
0.735991	0.650825
0.917355	1.15296
0.839096	1.00062
0.534425	0.374587
0.795902	0.861496
0.91934	0.861402
0.82307	0.547054
0.756205	0.763436
0.857019	0.875957
0.824563	0.518952
0.8574	0.632147
0.915224	0.942892
0.492523	0.60602
0.916557	0.817665
0.913945	0.875191
0.848625	0.877414
0.934838	0.597333
0.126419	0.155021
0.666631	0.590277
0.786086	0.725528
0.844279	0.884106
0.780823	0.855266
0.696111	0.701211
0.610556	0.406355
0.910447	0.979381
0.562442	0.357469
0.818324	0.847644
0.846828	1.07264
0.727931	0.681036
0.70484	0.603336
0.896114	0.887607
0.637651	0.560928
0.916633	1.0386
0.911327	1.00541
0.906583	0.954137
0.882536	0.958598
0.893348	0.859893
0.821258	0.813352
0.70697	0.555951
0.816235	1.02769
0.923636	0.894092
0.922948	0.913503
0.735397	0.707275
0.940429	0.860313
0.733207	0.880074
0.854878	0.796697
0.890856	0.893103
0.85955	1.06364
0.893536	0.714842
0.928881	0.854505
0.760893	0.888087
0.890919	0.859649
0.308699	0.27793
0.931504	0.761179
0.933434	0.891844
0.845422	0.957973
0.709907	0.630509
0.691931	0.756163
0.911741	0.878107
0.898848	0.894235
0.907328	0.604428
0.733505	0.762637
0.780603	0.735611
0.840036	0.900928
0.704439	0.804228
0.7763	0.650188
0.786731	0.741792
0.890838	0.808472
0.918457	0.864407
0.862004	0.672969
0.910973	0.689953
0.944028	0.862709
0.848873	0.803267
0.753843	0.659636
0.34068	0.310865
0.764941	0.62463
0.859791	0.669585
0.782689	0.692858
0.780768	0.65063
0.922963	0.728079
0.890579	1.08881
0.896377	0.838477
0.37977	0.318269
0.460773	0.473223
0.884189	0.954127
0.778613	0.948645
0.532204	0.494768
0.922354	0.766881
0.910701	1.20784
0.653775	0.583347
0.922764	0.915442
0.866334	0.939474
0.712291	0.741169
0.790503	0.824208
0.826671	0.838213
0.82478	0.815539
0.896392	1.0344
0.74605	0.81222
0.899892	0.742565
0.364914	0.194109
0.750473	0.791081
0.866576	0.670448
0.763119	0.7347
0.829902	0.894142
0.552957	0.442558
0.341323	0.327221
0.964109	0.76875
0.829162	0.702993
0.685182	0.788831
0.892498	0.667721
0.833477	0.815109
0.888961	0.799361
0.816328	0.895256
0.781816	0.885996
0.888822	0.609465
0.871226	1.03166
0.858769	0.828234
0.869818	0.92909
0.922422	0.859653
0.921881	0.812786
0.865515	1.0955
0.822397	0.692508
0.218256	0.24366
0.927678	0.798336
0.834374	0.686262
0.858654	0.860366
0.80961	0.765297
0.896778	0.850071
0.857349	1.03959
0.87485	0.862
0.917457	1.14793
0.908688	0.840375
0.892924	1.16612
0.708722	0.568084
0.762223	0.66693
0.865446	1.02268
0.766422	0.719253
0.952066	0.845042
0.911397	0.873776
0.846969	0.870897
0.830134	0.927619
0.881171	0.921554
0.886474	0.963859
0.722123	0.888689
0.919559	0.782637
0.891853	0.754757
0.831342	0.934543
0.862865	0.899428
0.692564	0.854486
0.915155	0.829969
0.917693	0.802058
0.8901	0.961317
0.627807	0.512918
0.938377	0.859093
0.513665	0.307197
0.483393	0.475634
0.475403	0.369401
0	0
0.912884	0.976272
0.446944	0.392414
0.842908	0.929353
0.822673	0.705722
0.806319	0.951962
0.882817	0.773132
0.779738	0.724179
0.914779	0.913265
0.827156	0.809445
0.7986	0.669795
0.852843	0.996102
0.87086	0.781852
0.522378	0.467324
0.882747	0.952054
0.711513	0.783673
0.867888	0.819815
0.892798	1.12841
0.827044	0.747127
0.878879	1.10515
0.583907	0.523932
0.914625	0.907995
0.833463	0.9292
0.580387	0.519198
0.0139122	0.0117558
0.720125	0.548112
0.953528	0.79674
0.982036	0.879616
1	0.764681
0.983594	1.11769
1	0.979637
0.994258	1.16206
0.993584	1.01418
0.996875	1.16817
0.984708	0.974296
0.997182	0.799212
0.984317	1.1194
0.996527	0.989772
0.996724	0.937034
0.973308	0.914073
0.995676	0.917706
0.995894	1.19197
0.99342	1.07302
0.998086	0.908263
0.989345	1.03618
0.998048	1.14779
0.981455	0.746386
0.998741	1.18759
0.997486	0.961781
1	0.887416
0.987381	0.775507
1	1.16352
0.995287	0.98776
0.996638	1.08315
0.975393	1.04104
1	0.696179
0.993649	1.10795
0.998042	0.834699
0.949924	0.925846
1	0.947979
1	0.885177
0.986822	1.12286
0.987475	0.963461
0.99696	0.932637
0.999599	1.04559
1	1.06222
0.995952	1.00384
0.99673	0.933213
0.997697	1.03323
0.956427	0.945584
0.998483	0.914808
1	0.950498
1	0.939262
0.972815	0.970736
0.993011	1.09606
0.994054	0.971298
0.998948	1.0388
0.96943	0.929534
0.993034	1.0412
0.998183	1.1172
0.999843	0.940538
0.991203	0.965366
0.988939	1.04681
0.98885	0.822203
1	1.1091
0.992534	1.00449
0.998959	0.994089
0.995442	1.10608
0.998111	1.05544
0.994825	0.890847
0.984899	1.14106
0.994614	1.22804
0.990553	0.944961
1	1.0934
0.998598	0.950431
1	0.995615
0.989626	0.872651
0.998547	1.00107
0.987263	1.0687
0.992303	1.07157
0.995427	1.1204
1	0.998845
1	0.883549
0.985415	1.07574
0.988774	0.946098
0.968005	0.954485
0.999703	0.89435
0.99754	0.969853
0.997333	0.900737
0.997083	0.953619
0.994859	1.01863
0.997275	1.05376
0.997386	1.02097
0.999072	1.02674
0.998023	1.14382
0.983629	1.00941
0.99841	1.10352
0.9917	1.00276
0.99802	1.11327
1	0.988532
1	0.802487
0.998546	1.04003
0.997688	0.964655
0.996959	0.867637
0.997135	0.984174
1	1.17483
0.995302	0.779055
0.959867	0.788162
0.997207	0.935758
0.992483	1.05116
0.998058	0.780554
0.966418	1.15622
1	1.14218
0.987976	0.925624
1	1.07946
0.998427	0.794638
0.993466	0.939249
0.997303	1.02301
0.993929	0.785436
0.995766	1.15999
0.994594	1.10558
0.993782	0.992418
0.999121	0.856119
0.980924	0.976301
0.998555	1.14559
0.987559	1.20406
0.999551	0.978426
0.989735	1.23759
1	1.06148
1	0.735848
0.996971	0.889347
0.979466	0.891732
1	0.966265
0.994074	1.01338
0.999431	0.995516
0.905187	0.83731
0.989189	1.01187
0.998433	0.91165
0.998319	0.912982
0.991222	0.865285
1	0.928932
1	0.891917
0.998544	1.08168
0.997225	0.900082
0.999495	0.821163
0.998628	1.05991
0.999222	0.844313
0.997903	1.1415
0.998482	1.12422
0.993877	0.782938
0.993989	1.11
1	0.948011
0.998583	1.11802
0.993003	0.824949
0.995131	1.03043
1	1.08693
0.998022	1.00717
0.997114	1.05353
0.999063	1.035
0.999538	1.10367
0.995197	0.903515
1	1.12846
0.964827	1.12281
0.992346	1.05384
0.983184	0.993992
0.99698	1.05199
0.994945	0.914869
1	0.632891
1	1.0645
0.995426	0.862356
0.999614	0.891336
1	1.0864
0.996857	0.978933
0.963646	1.1091
0.991983	1.04272
0.993573	0.758976
0.997014	0.934391
0.983741	0.863122
0.98819	0.877121
0.999509	0.981087
0.996894	0.762305
1	1.01829
0.999102	0.890941
0.997243	1.06205
0.99675	0.784187
0.994639	0.801963
0.997838	1.14963
0.997307	0.911744
1	1.03388
0.989092	0.890002
0.994081	1.02778
0.99658	1.12349
0.987407	0.969118
1	1.21476
1	1.04805
0.987248	0.919278
0.998678	0.90137
1	1.09104
1	1.07855
1	1.0741
0.998721	0.97791
0.997822	1.06569
0.998664	0.921891
0.998728	0.902514
1	1.0448
0.9954	1.01586
1	0.886316
0.903627	0.895744
0.867198	0.914179
0.80728	0.723892
0.839338	0.985955
0.872679	0.8726
0.769023	0.852653
0.874025	0.908565
0.160238	0.13743
0.666909	0.641362
0.834523	0.977315
0.683679	0.969551
0.924501	0.896706
0.868576	0.81211
0.766115	0.640549
0.926319	0.921201
0.676116	0.796214
0.859692	1.11376
0.928285	1.0083
0.713726	0.702157
0.767617	0.598716
0.865534	0.913087
0.855046	0.791651
0.710547	0.920502
0.920129	1.02385
0.68655	0.644474
0.770798	0.891875
0.817838	0.783175
0.860349	0.837123
0.731894	0.681253
0.854026	1.11126
0.726025	0.803629
0.73217	0.649178
0.865014	0.951386
0.903864	0.730214
0.823031	0.855927
0.851018	1.01323
0.394255	0.245969
0.424871	0.421409
0.770048	0.799851
0.836042	0.826642
0.569228	0.636418
0.8145	0.65674
0.884696	0.89876
0.863129	1.11668
0.914295	0.798277
0.848094	0.933018
0.597162	0.601002
0.825045	0.816072
0.771357	0.567885
0.860404	0.661726
0.932027	0.734783
0.482692	0.496074
0.887781	0.705034
0.542284	0.395546
0.879418	0.899978
0.81908	0.732516
0.791768	0.656569
0.875137	0.919225
0.935993	0.759362
0.83846	0.8267
0.588193	0.447758
0.868615	0.795459
0.886839	0.753192
0.843533	0.971111
0.710103	0.452757
0.912824	1.0457
0.901385	0.920519
0.910372	0.694934
0.910163	0.995594
0.761019	0.55092
0.801406	0.807726
0.887194	0.799829
0.889709	0.835114
0.739565	0.506889
0.849145	0.634488
0.83511	0.767794
0.703863	0.656904
0.698209	0.674973
0.948	1.10155
0.457628	0.417392
0.92642	1.04434
0.864848	1.03556
0.881409	0.790038
0.659786	0.549434
0.86926	0.764619
0.9107	0.962846
0.844684	0.929165
0.785239	0.725064
0.778072	0.673142
0.864094	0.901959
0.788174	0.60745
0.923032	1.08036
0.83314	0.778109
0.95053	1.01198
0.562498	0.541258
0.846127	0.792206
0.759478	0.668259
0.886806	0.691638
0.855983	0.864813
0.684799	0.452106
0.90578	0.922823
0.816777	0.842366
0.863494	0.946463
0.835574	0.786698
0.846689	0.692756
0.701421	0.654412
0.572067	0.59435
0.908581	1.00082
0.815931	0.738698
0.929471	1.03321
0.72393	0.68198
0.771275	0.618201
0.875178	0.890806
0.792926	0.516805
0.821677	0.595162
0.886246	0.923395
0.910432	0.808269
0.807477	0.90643
0.891976	0.828825
0.516824	0.454469
0.87731	1.07314
0.876692	0.706377
0.909681	0.903708
0.502141	0.521183
0.890405	0.725155
0.309683	0.525592
0.56091	0.659023
0.890429	0.659567
0.815552	0.844683
0.910233	0.887305
0.954784	0.824332
0.696767	0.585988
0.170555	0.0967366
0.875749	0.935532
0.784495	0.859095
0.758958	0.685283
0.879161	0.621386
0.594861	0.540689
0.626451	0.624184
0.731209	0.789885
0.905292	0.82969
0.84379	1.03719
0.653906	0.483574
0.884999	0.932893
0.879667	0.82241
0.662601	0.695393
0.915664	0.973692
0.819294	0.625662
0.849848	0.912826
0.853819	0.903422
0.899531	1.05684
0.868295	0.601019
0.906415	0.980627
0.872829	0.874943
0.846555	0.906307
0.894671	1.06678
0.890042	0.932216
0.833726	0.765029
0.865049	0.64843
0.836571	0.982031
0.852607	0.775136
0.847955	1.02876
0.752805	0.951973
0.87609	0.61819
0.641412	0.688647
0.745296	0.724478
0.703283	0.721194
0.69176	0.569359
0.510152	0.453421
0.88829	0.822657
0.856135	0.794961
0.749117	0.76643
0.915547	0.99392
0.87137	0.793643
0.898665	1.06589
0.782774	0.810257
0.87776	0.814326
0.91259	1.07949
0.759319	0.781163
0.884647	0.814793
0.919447	0.720262
0.853021	0.798573
0.777278	0.74769
0.786154	0.949961
0.706431	0.9677
0.8327	0.848966
0.876573	0.685928
0.615047	0.549325
0.784628	0.667675
0.809322	0.66439
0.732732	0.657637
0.649151	0.562585
0.961759	0.957501
0.839655	0.898336
0.80555	0.5383
0.546605	0.424411
0.883727	1.00265
0.581883	0.546149
0.767237	0.938111
0.525181	0.497533
1	0.996193
0.997543	0.753149
0.982055	0.857856
0.993739	1.025
0.99884	1.17897
0.996826	0.827774
1	1.18165
0.997072	1.02765
0.963996	1.11859
0.981432	0.905658
0.996816	1.10974
0.9928	1.13948
0.989812	1.09709
0.996175	0.836531
1	0.899947
0.989397	0.973215
1	0.883272
0.981225	1.11573
0.998974	1.13076
1	1.06961
1	1.01426
0.998248	0.882707
0.996648	0.954355
0.99341	0.946399
0.997763	1.03183
0.994706	0.972088
0.998825	1.13511
0.997865	0.949396
0.998173	1.03299
0.997243	1.11039
0.987003	0.860123
0.992477	0.862722
0.981777	0.955346
0.980338	0.798804
0.988274	0.999047
0.99624	0.972796
0.992556	1.10461
0.998512	0.878282
1	1.04708
1	0.874967
1	1.03272
1	1.04361
0.985036	0.713723
0.997427	1.00933
1	1.13647
0.998805	0.987401
0.996756	1.06177
1	1.10615
0.993819	0.90471
1	1.00206
0.994403	1.02802
1	0.928574
0.998367	1.09079
0.99468	0.899815
0.999001	1.09078
0.994662	1.02267
0.985139	1.12504
0.999042	0.721779
0.98636	0.990288
0.997404	0.932031
1	1.11465
0.998749	1.04137
0.993168	0.984795
0.993297	1.14495
0.999557	0.713516
0.999081	0.94399
0.994358	0.98032
1	1.05595
1	1.07431
1	0.840546
1	1.01877
0.992115	1.23557
1	0.882149
0.996845	1.09393
0.989759	0.897811
0.996136	1.04539
0.997203	0.799153
0.998924	1.12148
0.993417	0.828709
0.995618	0.932067
0.965346	0.960478
0.99859	1.07724
1	1.17418
1	0.822093
0.996091	1.05832
0.990854	1.13767
1	1.01942
0.997131	0.99247
0.999466	0.922366
0.994155	1.19463
1	0.979773
0.995769	0.89616
0.991062	0.877448
0.984054	0.925332
0.992515	1.05519
0.999089	1.06666
0.999421	0.992821
0.983694	1.07836
0.98839	0.778041
0.998326	0.893338
1	1.10634
0.991321	1.05904
0.997923	0.874207
0.995896	1.09023
0.992832	0.919371
0.969689	0.780173
1	0.946778
0.981451	0.770403
0.998695	0.929717
0.99778	1.01696
0.991395	1.11316
1	0.875502
0.9903	0.87589
1	0.976608
1	1.0288
0.993737	1.01939
0.984972	1.18161
0.985717	1.18496
0.999048	0.964378
0.998321	1.13864
0.986585	1.11393
0.999824	1.00494
1	0.813016
1	0.852495
0.98834	0.964383
0.998141	1.03964
0.995805	0.93619
0.999246	0.848703
0.998513	0.916912
1	0.75224
1	1.02447
0.998471	0.803314
0.997384	1.09097
0.995282	1.10141
0.993907	1.14418
0.993423	1.01466
0.991711	0.90621
0.985306	0.952323
1	0.996182
0.995127	0.891804
0.997501	0.868003
0.998952	0.959962
1	0.747337
0.997366	0.981605
0.995342	1.10166
0.996394	0.986858
0.994736	0.939468
0.997564	0.989149
0.983511	0.95466
0.989241	0.927123
0.993241	0.758586
0.997208	1.1527
0.998125	1.1134
0.996797	0.785689
1	0.911187
0.996047	0.697062
0.997265	0.992846
0.995029	0.862087
0.998075	0.957432
0.991105	0.898402
0.992377	0.763275
0.995588	1.15334
0.992991	0.873563
0.918564	0.789583
0.983435	1.05732
0.985632	0.950412
0.998993	1.14455
0.987627	1.06019
0.997246	1.16501
0.997012	0.945203
0.97613	0.891725
1	0.913017
0.991569	1.05657
0.998484	1.07138
0.989601	0.686805
1	0.936763
0.994022	0.748213
0.997103	1.04527
0.992034	0.99672
1	1.04479
0.998321	0.695173
0.997645	1.12913
0.981992	0.957299
0.996248	1.01201
1	1.04774
0.999497	0.716238
0.996816	1.10544
0.997506	0.776517
0.995304	0.924532
0.994211	0.951093
0.99693	1.03073
0.994133	0.803518
0.980634	1.11751
0.997301	1.20075
0.991084	0.84525
1	1.02432
0.996506	1.16848
0.998699	1.0074
0.997519	0.969234
0.987694	1.01523
0.748349	0.878136
0.924547	0.891509
0.557333	0.294273
0.890429	0.901319
0.478436	0.554661
0.768513	0.702196
0.570081	0.565339
0.876419	1.06215
0.641685	0.747001
0.625747	0.624967
0.915404	0.727119
0.62862	0.519947
0.812451	0.603864
0.845979	0.852459
0.907122	0.981506
0.457748	0.478797
0.792301	0.62396
0.73548	0.69
0.735204	0.632229
0.862794	0.8503
0.872485	0.992881
0.822353	0.674565
0.911185	0.754883
0.871912	0.798498
0.688109	0.604592
0.929675	0.902743
0.763017	0.800996
0.426253	0.429256
0.813423	0.600435
0.903872	0.695942
0.806913	0.759193
0.858393	0.607973
0.85465	0.878984
0.738001	0.769525
0.899387	0.865901
0.822673	0.69232
0.803983	0.817382
0.886528	0.838199
0.746186	0.753356
0.851553	0.801182
0.732834	0.725434
0.899827	1.06429
0.751243	0.720459
0.898992	1.11504
0.874231	0.764476
0.92903	0.975728
0.895727	0.901881
0.921824	0.898982
0.74948	0.759277
0.838786	0.658026
0.936422	1.03756
0.870412	0.701333
0.62361	0.673784
0.840003	1.01421
0.884721	1.07083
0.795441	0.663583
0.552525	0.692328
0.727383	0.813229
0.791635	1.02559
0.755374	0.912223
0.845362	0.705995
0.903537	0.773235
0.889606	0.895947
0.799452	1.04653
0.719306	0.738253
0.623298	0.608458
0.849697	0.737387
0.751176	0.724263
0.429747	0.279519
0.79884	0.560021
0.886308	0.861637
0.894646	0.931286
0.8372	0.817465
0.758153	1.01152
0.806142	1.07601
0.38686	0.395994
0.810021	0.796264
0.761534	0.593453
0.899153	0.862076
0.347158	0.324421
0.753003	0.746345
0.912664	0.93896
0.88069	0.834227
0.828344	0.764106
0.872871	0.930111
0.555277	0.599478
0.644497	0.702986
0.874381	0.940622
0.75982	0.614147
0.249275	0.251865
0.670303	0.609689
0.939902	0.879635
0.0562731	0.0420641
0.351649	0.305402
0.846646	0.941846
0.773399	0.736562
0.807847	0.729567
0.546687	0.469499
0.823167	0.859453
0.875465	0.992105
0.648301	0.508641
0.74415	0.844155
0.835235	0.802796
0.839393	0.795362
0.868435	0.862971
0.73336	0.639502
0.936631	0.733763
0.782598	0.60328
0.93023	0.996587
0.878637	1.07951
0.91158	0.87068
0.852884	0.905646
0.930622	0.912221
0.828176	1.06042
0.830788	0.798894
0.805257	0.825049
0.803295	0.751994
0.885254	0.842046
0.896946	1.00114
0.855588	1.15173
0.775878	0.648436
0.852402	0.81097
0.844307	0.801843
0.813572	1.04048
0.867707	1.01665
0.834995	0.903274
0.799113	0.951705
0.38354	0.362255
0.799871	0.840813
0.791029	0.798938
0.405755	0.372511
0.894683	1.00539
0.780371	0.578736
0.86498	0.810033
0.340871	0.289097
0.895115	0.849576
0.876222	1.00442
0.865223	1.02494
0.888468	0.921487
0.752002	0.760216
0.805068	0.677388
0.883705	0.798132
0.862373	0.787476
0.847155	0.83645
0.568147	0.602017
0.827011	1.03372
0.541977	0.404591
0.873735	0.869051
0.841143	0.852504
0.897843	0.910985
0.623647	0.589794
0.375998	0.323506
0.741409	0.771084
0.807076	0.607396
0.893221	0.971733
0.78212	0.903615
0.818016	0.871596
0.901075	0.861216
0.91788	0.861994
0.880728	0.889027
0.765023	0.827258
0.872902	0.9562
0.904204	0.872114
0.813864	0.688607
0.834903	0.709016
0.838178	0.758526
0.844745	0.914936
0.666365	0.598763
0.853393	0.933795
0.745656	0.723678
0.859838	0.908592
0.661924	0.684777
0.863298	0.666067
0.857515	0.994488
0.725261	0.657399
0.816675	0.847622
0.671401	0.550305
0.671402	0.773457
0.707582	0.661113
0.72728	0.875059
0.740635	0.712152
0.495715	0.395351
0.925963	0.810954
0.846134	0.69653
0.846208	0.799983
0.78559	0.672013
0.85489	0.866246
0.782539	0.96469
0.786805	0.591501
0.84995	0.915304
0.822844	0.723651
0.821041	0.808062
0.814929	0.792189
0.883567	0.907055
0.830153	0.981016
0.770219	0.657783
0.781279	0.677408
0.901635	0.942573
0.74066	0.580264
0.884183	0.965795
0.998246	1.06011
0.990766	1.14615
1	0.910483
0.998468	1.17863
0.997738	0.931578
0.997644	0.967134
0.997026	1.21989
0.994466	0.691868
0.997187	1.07087
0.999665	1.00496
0.990003	1.02287
0.988791	1.27551
0.99676	1.18411
0.995591	1.0421
0.999219	1.00621
0.981754	1.06292
0.990709	0.979349
0.989577	0.809415
0.995884	1.09695
0.998812	0.859943
0.982483	1.04141
0.996335	0.99446
0.999504	0.68307
0.999761	0.900755
0.994218	1.09077
1	1.05118
0.984853	1.0894
0.977402	1.2374
1	1.06957
0.994652	0.994672
0.996794	0.827044
0.997167	1.01018
1	0.927154
1	0.762199
1	0.956393
0.991094	0.948935
0.997171	1.11403
0.998305	1.00403
1	0.976041
1	1.1098
1	1.0553
0.998068	1.06337
0.989005	0.939297
1	1.25081
0.997027	0.959028
0.993531	1.06212
1	1.18007
1	1.18492
1	0.93058
0.987481	0.972721
0.998041	1.14444
0.994407	0.841317
0.99601	0.971575
0.981526	1.15269
1	0.851199
0.997499	1.20614
0.997767	0.918021
1	0.746285
0.984835	0.948843
1	1.11671
0.995938	0.966595
0.998102	1.03504
0.966151	0.889845
1	0.946716
1	0.962562
1	1.09166
0.996425	0.827024
0.998286	0.816987
1	1.19456
0.991383	1.05191
0.999171	1.04439
0.996808	0.929315
0.989797	1.09441
0.996918	0.967722
0.993835	0.879217
0.995838	0.859874
0.998888	1.09219
0.998207	1.0278
0.994803	1.23382
1	0.973519
1	0.915583
0.997024	1.0097
0.99626	1.04618
0.991163	0.987809
0.996432	1.03965
0.999048	0.704352
0.998562	1.04236
0.996497	0.943428
0.990089	0.83537
0.99421	0.944311
0.993783	1.08516
0.996793	1.05846
0.992672	1.02335
1	1.10465
1	1.32657
0.999397	0.952152
0.879237	1.12306
0.999528	0.95779
0.98398	1.05912
0.994993	0.957777
1	1.05756
0.99531	0.742769
0.999061	1.01999
0.985488	1.23093
1	1.02586
0.997323	0.938759
0.998258	0.872679
0.992587	0.89137
0.993633	0.959994
1	0.867001
0.998367	1.11103
0.991091	0.895819
1	0.857326
0.968887	0.872883
0.998008	0.793656
0.997965	1.16046
0.999871	1.12078
0.994649	1.02944
1	0.883585
0.996692	0.950003
0.996796	1.14341
0.996249	0.862202
1	1.13001
0.993253	0.950393
0.992617	0.969714
1	0.786216
0.999112	1.01811
1	1.05579
0.997628	1.11088
0.983629	1.09051
0.990758	1.24832
0.995511	0.926172
0.991968	1.04354
0.99128	0.970999
0.998216	0.885491
0.95997	0.906777
0.99906	0.964701
0.993546	0.896742
0.996459	1.17884
0.998769	0.971977
0.996323	0.955659
0.99594	0.865016
1	0.950611
0.993954	0.92104
1	1.24226
0.994183	0.948489
0.997773	0.949039
1	1.08171
0.988252	1.11085
0.999133	0.961347
0.996133	0.884917
0.993508	0.806287
0.985457	1.13456
0.993442	1.11838
0.995282	0.962907
0.992885	1.07508
0.980939	0.984582
0.994492	1.25985
0.997372	0.996644
0.999466	1.19365
0.993656	0.738693
0.997057	1.21969
0.997284	1.05641
0.998346	1.00039
0.980986	0.943154
1	1.02132
0.993993	1.09082
0.990411	1.10819
1	1.06338
1	0.958895
0.997717	1.00695
0.989733	1.03495
1	1.07895
1	0.912994
0.993889	1.25495
0.998452	0.960495
0.993062	1.13699
1	0.956227
1	1.1189
0.988148	0.84684
0.973944	1.05606
0.990921	0.841647
0.994396	1.02265
1	0.877701
0.99844	1.00368
0.993862	1.10721
0.991929	0.823417
1	1.07797
0.994478	1.11206
1	0.864548
0.995971	1.05417
0.999027	1.22199
0.996359	1.04367
0.994739	1.15667
0.994547	0.992117
1	1.07522
1	1.1514
0.973348	1.10794
0.998372	1.01636
0.993569	0.918575
0.832772	0.978027
0.444182	0.514888
0.830742	0.816295
0.720192	0.704386
0.84329	0.694309
0.8481	0.992997
0.541951	0.494695
0.909443	0.989787
0.906078	0.765429
0.896005	0.916774
0.782938	0.676041
0.813213	0.961576
0.891847	0.752732
0.825549	0.820123
0.888946	0.608638
0.897481	0.942036
0.873303	0.828532
0.62116	0.772708
0.467678	0.446514
0.866296	0.735796
0.868889	0.968488
0.0536525	0.0433385
0.895138	1.03385
0.908982	0.825672
0.742688	0.643935
0.698776	0.697915
0.640862	0.441711
0.0630314	0.0425129
0.432896	0.371171
0.838436	0.982608
0.922008	0.897373
0.873832	0.698618
0.813654	0.779625
0.913824	0.804301
0.918255	0.975393
0.860468	1.08323
0.855492	0.928598
0.921781	1.11934
0.777788	0.747714
0.437188	0.348921
0.837999	0.660379
0.873373	0.790955
0.629169	0.832276
0.696533	0.517466
0.842753	0.69546
0.895825	0.854593
0.902843	0.84276
0.847266	0.835444
0.0607359	0.0500938
0.815611	0.87028
0.924615	0.97203
0.789329	0.873648
0.763136	0.752572
0.769927	0.847124
0.881043	0.786615
0.540483	0.685305
0.903894	0.768059
0.893893	0.847103
0.0655745	0.0513413
0.754953	0.644959
0.902126	0.830533
0.832676	0.846966
0.77421	0.943764
0.874069	0.765563
0.926314	0.801874
0.851742	0.89209
0.876392	0.825881
0.864145	0.938439
0.909836	1.10332
0.847438	1.06262
0.825689	0.996775
0.86145	0.882262
0.893344	0.636108
0.844978	0.857126
0.729307	0.531221
0.892314	0.941808
0.899036	0.839444
0.785463	0.729228
0.574198	0.574529
0.86123	0.911085
0.831014	0.789025
0.0642094	0.0445685
0.917871	0.754463
0.889367	0.6645
0.804047	0.782019
0.676348	0.665054
0.851645	1.03494
0.897936	0.973275
0.869927	0.904364
0.653515	0.84293
0.848197	0.674101
0.943508	0.953097
0.829894	0.776734
0.838589	0.889526
0.893244	0.782275
0.912389	1.02593
0.874836	0.829945
0.874345	0.797183
0.929383	0.734792
0.91872	0.949562
0.673737	0.630583
0.856458	0.65649
0.527305	0.543038
0.857546	0.823379
0.82169	0.805775
0.855596	0.878537
0.532446	0.37875
0.876792	0.713193
0.603309	0.405124
0.890926	0.78244
0.933519	0.984194
0.82221	0.499894
0.89183	0.92736
0.865581	0.748777
0.834844	0.972601
0.894906	0.95158
0.894879	0.936909
0.779981	0.731341
0.498102	0.542829
0.671087	0.653469
0.716858	0.667997
0.795363	0.656455
0.0697246	0.0530709
0.861998	0.943851
0.873774	0.667402
0.898611	0.938409
0.855192	0.678997
0.7748	0.747869
0.528953	0.539727
0.816623	0.784708
0.916224	0.825453
0.923537	0.737197
0.853809	0.78628
0.859473	0.980419
0.864345	0.768433
0.819144	1.044
0.698081	0.86622
0.460918	0.562321
0.938724	0.890283
0.894693	1.00225
0.863458	0.868865
0.792506	0.859442
0.922857	0.701326
0.770778	0.58984
0.8942	0.920552
0.916361	0.930213
0.701186	0.724026
0.626267	0.488303
0.874933	0.63614
0.767075	0.631377
0.80936	0.689058
0.594273	0.627945
0.815703	0.794468
0.861831	0.72884
0.744634	0.838253
0.783819	0.614614
0.880959	0.6358
0.719575	0.714005
0.576817	0.504536
0.52929	0.607565
0.876086	0.615649
0.845679	0.695557
0.672094	0.676157
0.770199	0.755845
0.901558	0.761425
0.764603	0.607744
0.80411	0.71269
0.905277	1.03797
0.888078	0.731209
0.841611	0.783498
0.745626	0.778337
0.941009	0.728781
0.878229	0.793413
0.869187	0.802416
0.844213	0.856484
0.770332	0.880688
0.913402	0.928777
0.796643	0.933941
0.71897	0.727904
0.917328	0.696867
0.807637	0.554266
0.598238	0.787674
0.887864	0.746425
0.410825	0.277352
0.729482	0.828225
0.872026	0.72233
0.906727	0.850962
0.807065	0.967939
0.733071	0.615553
0.896867	0.968638
0.679694	0.520376
0.724254	0.76777
0.917267	1.13904
0.724385	0.99304
0.908605	0.756268
0.728665	0.811209
0.875028	0.832934
0.837726	0.798724
0.833874	0.81543
0.939832	0.926654
0.984093	0.92463
0.992508	0.937564
0.984486	1.03042
1	1.10183
1	0.999215
0.998833	1.10867
0.967141	1.0635
1	0.846647
0.9931	0.898985
0.993357	0.800506
0.966274	1.04347
0.988048	0.892531
0.998195	0.965603
0.985421	0.856627
0.996373	0.987489
0.994367	1.04345
0.992781	0.976311
0.978685	0.814105
1	0.953893
0.999165	0.847899
1	0.845106
0.999398	1.163
0.999397	0.987889
0.993018	0.72154
1	1.01197
0.985189	1.0738
0.997206	0.87155
1	0.800736
0.985433	0.858212
0.993797	0.977906
0.985041	0.860607
1	1.0656
0.994867	0.805945
0.998272	0.965858
0.998084	1.06375
0.988835	1.22802
0.973372	1.07157
0.989786	0.90103
0.987404	0.827495
1	1.1537
0.998148	1.06299
0.997733	1.02109
1	1.02741
1	0.942793
1	0.986461
0.991219	1.13175
0.988756	0.98237
0.994014	0.853698
0.997327	1.02612
0.996997	0.98059
0.998009	1.15466
0.992384	0.969012
1	1.04053
0.999232	0.965475
0.993167	1.07284
0.963312	1.01115
1	0.864324
0.984239	0.921033
0.97356	0.784644
0.997035	1.12287
0.997511	0.999682
1	0.979136
0.995682	1.09337
0.999494	0.714252
0.979829	1.1991
1	0.950851
1	1.06604
1	1.04685
0.908236	0.813717
0.992766	0.837042
0.987649	1.16683
0.993043	0.998243
0.993554	0.957562
0.991304	1.02993
1	1.16545
1	1.10388
0.94846	0.933799
1	0.977791
0.997616	0.859291
0.99024	1.13113
0.961988	0.897459
1	0.75546
0.993767	1.10095
0.98474	0.950537
0.999442	1.116
0.987276	0.975452
0.996961	1.12408
1	1.05177
1	1.10528
0.997378	1.08843
0.996098	0.787331
1	1.13089
0.993527	0.803578
0.998318	0.767023
0.993319	0.882901
1	1.02737
1	0.873148
1	0.926883
0.991153	0.939838
1	0.999572
0.990323	0.968728
1	1.16632
0.992091	1.04719
0.999121	0.958339
0.946902	1.12305
0.999667	1.05557
0.991826	1.09485
0.974703	0.975569
1	0.956956
0.991518	0.952409
0.999115	1.21152
0.997115	0.802669
0.983988	0.786783
0.99749	0.918297
0.965757	0.900239
0.989467	1.14702
0.975472	1.03805
0.99935	1.00626
0.999612	1.14894
0.994142	1.06512
0.998159	1.17548
1	1.11142
0.99975	0.894833
0.984553	0.842845
0.991661	0.967694
0.997285	0.979945
0.990645	0.626497
0.984286	0.762467
0.995521	0.855109
0.99399	0.925095
0.998399	0.884851
1	0.947648
0.992691	0.84088
0.986029	1.00333
1	1.05383
1	1.11835
0.912954	1.05207
0.998029	1.12096
0.97754	1.01314
0.995217	1.26117
0.998164	0.974487
1	1.09611
0.985712	0.820042
0.996694	0.974969
0.981976	0.895979
0.993139	1.10271
0.997701	0.845162
0.995039	0.998435
0.988105	1.00785
0.996017	1.04502
0.984591	0.944603
1	0.847912
0.998482	1.02951
0.995908	0.994415
0.996265	0.79027
0.995838	0.944453
1	1.19174
0.997491	1.12801
0.997586	0.846608
1	1.03139
0.994112	0.793278
0.992756	0.911739
0.967841	0.970036
0.928333	0.773489
0.998026	0.80962
0.999108	0.893447
0.997639	0.858825
0.925211	1.01488
0.966224	0.901759
0.997518	0.977874
0.996136	0.97906
1	1.05254
0.997989	0.799188
0.997357	0.99114
0.995799	0.73563
0.995087	1.06642
1	0.961757
0.9913	0.774232
0.996896	1.00651
1	0.999886
0.995653	1.30772
0.991281	1.02367
0.993637	0.731537
0.991864	0.799409
0.995126	1.01187
0.999398	0.977855
0.992401	1.01536
0.996995	0.899885
1	0.920439
0.996887	0.893213
0.990821	1.04904
0.995447	1.00509
0.972082	0.951612
0.980148	0.872947
0.994254	1.24315
0.993842	0.88021
1	1.1466
0.993582	0.93773
1	0.835197
0.973423	0.891941
0.887648	0.900825
0.813147	0.687919
0.76352	0.565461
0.746396	0.995296
0.760333	0.780075
0.42997	0.468962
0.942142	1.08096
0.844245	0.611243
0.739487	0.734141
0.800054	0.500695
0.81797	0.736606
0.715776	0.453467
0.675794	0.622738
0.895081	0.905364
0.811321	0.877627
0.908949	0.71946
0.832066	0.756087
0.740936	0.491836
0.419588	0.397352
0.720899	0.504995
0.843345	0.974922
0.72538	0.82032
0.872659	1.18034
0.914165	0.789602
0.773599	0.827033
0.835794	0.805417
0.689631	0.861825
0.731341	0.676504
0.880372	1.10725
0.889612	0.812416
0.91933	0.80744
0.83574	0.852905
0.121065	0.0897521
0.826926	0.534477
0.946115	1.02063
0.825997	0.801134
0.748031	0.748626
0.862129	0.686748
0.911597	0.953618
0.927749	1.0025
0.873908	0.85596
0.756372	0.732574
0.802631	0.570158
0.852499	0.862023
0.780222	0.676016
0.807561	0.718286
0.883724	0.822896
0.811325	1.04786
0.875317	0.730707
0.778891	0.667856
0.908383	0.894735
0.653921	0.512767
0.531816	0.496349
0.735082	0.845706
0.806437	0.798022
0.893092	0.839188
0.833379	0.827439
0.868704	1.03651
0.843561	0.697167
0.680677	0.533284
0.875018	0.972447
0.837563	0.797985
0.607936	0.724468
0.878998	1.01259
0.77574	0.960944
0.650552	0.606979
0.782633	0.522165
0.79776	0.624282
0.85281	0.873762
0.878394	0.977614
0.904755	0.824869
0.92663	0.726805
0.832462	0.624844
0.570087	0.672125
0.835615	1.03641
0.88859	0.805467
0.849508	0.701551
0.705629	0.747891
0.818549	0.736272
0.928503	0.927847
0.812456	0.85354
0.618973	0.448113
0.862361	0.996132
0.832072	0.792548
0.913397	0.896023
0.635699	0.755679
0.934828	0.86426
0.850735	0.80598
0.343774	0.300177
0.841459	0.718345
0.840883	0.956533
0.884973	0.861427
0.907808	0.716969
0.893867	0.784157
0.499367	0.597437
0.78404	0.724629
0.816906	0.985851
0.844083	0.654908
0.862003	0.885491
0.761013	0.562508
0.811515	0.884592
0.438455	0.346545
0.820003	0.704014
0.862046	0.888632
0.645526	0.564225
0.9147	0.95287
0.822769	0.675635
0.881721	1.00184
0.914234	0.971127
0.792173	1.10832
0.894309	0.898753
0.723284	0.681563
0.734409	0.557286
0.907338	0.863287
0.483429	0.644984
0.912648	0.916281
0.770373	0.66076
0.81845	0.855515
0.873105	0.815054
0.428017	0.393559
0.680692	0.923842
0.901097	0.833015
0.919146	0.769344
0.851638	1.06659
0.901733	0.920529
0.911041	0.871203
0.489373	0.52622
0.820625	0.780891
0.882473	0.656858
0.913193	0.856461
0.780748	0.733258
0.744317	0.77074
0.808384	0.782134
0.81135	0.68843
0.675846	0.700199
0.85375	1.13637
0.692847	0.743715
0.890537	1.00438
0.851143	0.938182
0.815106	1.14634
0.941112	0.927802
0.913284	0.93329
0.808283	0.802164
0.938541	0.955901
0.927837	0.95853
0.886121	0.805006
0.809902	0.865313
0.610722	0.455783
0.0704866	0.0703181
0.805642	0.772699
0.772231	0.916049
0.903299	0.833399
0.538871	0.465398
0.855178	0.647901
0.842712	0.764363
0.693436	0.934357
0.90561	0.817777
0.835018	1.04845
0.399862	0.579116
0.886722	0.866375
0.686424	0.446595
0.869244	1.00782
0.819595	0.773043
0.876684	0.764506
0.896043	0.999468
0.843856	0.856689
0.840572	0.853724
0.796088	0.820474
0.84828	0.787155
0.355893	0.265697
0.739183	0.908299
0.80815	0.695118
0.668347	0.610692
0.832629	0.859878
0.877926	0.89978
0.874325	0.695349
0.858629	0.832405
0.810345	0.86257
0.929608	0.85674
0.835476	0.653615
0.870137	0.750814
0.902052	0.804651
0.835562	0.690044
0.695193	0.53096
0.855419	0.615776
0.762789	0.658571
0.874474	0.853558
0.853678	0.741088
0.82635	0.810649
0.861343	0.617973
0.904981	0.890752
0.907126	0.846244
0.575095	0.590586
0.685365	0.734111
0.508461	0.443529
0.87585	0.948097
0.74803	0.68426
0.771669	0.777979
0.89606	0.784585
0.863623	0.708946
0.994578	1.04489
1	0.935685
0.999054	0.90964
0.99256	0.786706
1	0.947757
0.992422	0.870468
0.986762	0.945311
1	1.12198
0.995074	0.954366
1	0.870373
0.994629	0.86044
0.993491	0.979773
0.999176	0.996685
0.966071	1.00629
0.992344	0.996764
0.983057	0.869906
1	1.06051
0.998068	1.04542
0.985545	0.821441
0.97997	1.03972
0.989554	0.98344
0.998341	1.04688
0.996793	0.948766
0.991234	1.14654
0.982818	0.990113
0.986255	0.977455
0.989485	0.78589
1	1.1547
0.996195	1.2238
0.995329	0.85309
1	0.69043
0.994973	1.07154
0.993826	1.04593
0.997045	1.2618
0.997329	1.15419
0.986557	0.819143
0.976966	1.19132
0.997748	1.08828
0.996373	0.913255
0.995077	0.903687
1	0.782638
1	0.889166
1	0.937472
1	0.927744
0.99423	1.01143
0.998068	0.974724
1	1.25945
0.996014	0.884184
0.988534	0.933506
0.995141	1.07826
0.999036	0.928157
1	1.11861
0.988987	0.787913
0.99587	1.0609
0.992182	0.961094
0.980702	0.96559
0.996046	0.90173
1	1.11163
1	1.19331
0.985404	1.11111
0.995607	1.12204
0.997172	0.84941
1	1.00434
0.997024	1.10284
0.992702	1.07587
0.996012	0.66054
0.997846	0.668395
0.992819	0.941293
1	0.869071
0.997634	0.936892
0.996357	0.836657
0.987521	0.75455
0.994346	0.697454
0.988657	0.963683
0.990864	1.24915
1	0.954423
0.993848	1.0455
0.997535	0.901463
0.986106	1.06956
0.991633	0.868317
1	0.900233
0.992887	1.06426
0.97922	0.626489
1	0.883334
0.997421	1.17138
0.994095	0.909164
0.997362	1.01403
0.998785	0.833442
0.995923	0.871689
0.997132	1.09486
0.997743	0.970305
0.998657	1.10163
1	1.03224
0.987473	0.997806
0.99133	0.65854
1	1.30634
0.997645	0.918314
0.993864	1.01955
0.993246	1.01757
0.99464	0.936296
0.99964	1.06435
0.995498	0.974035
0.992066	1.12033
0.999245	1.01395
0.992788	1.04009
0.99291	1.03119
0.911083	1.00767
1	1.07914
0.987756	1.1252
0.998736	1.04016
0.994531	1.032
1	1.11888
0.994535	1.13017
0.990716	1.06815
0.985411	0.767392
0.995526	1.03913
0.995882	0.890651
0.994475	0.90328
0.998253	0.96808
0.977727	0.970729
0.989025	1.09403
1	0.904065
0.996372	1.08593
0.994794	1.1036
0.999544	1.04734
1	0.818435
0.990025	0.999352
0.988578	0.837457
0.99472	1.04272
0.99947	1.07304
0.980836	0.808015
0.999762	0.959172
0.992608	0.986356
0.998506	1.04352
0.992887	1.19222
0.999732	1.05177
0.983668	1.02274
0.996757	1.05179
0.977166	1.01433
0.985899	0.811572
0.995901	0.980276
0.995416	0.996838
1	0.768643
0.998422	0.951018
0.993171	0.814098
0.980485	0.991004
0.967306	1.02098
0.99922	0.953245
0.995357	0.872381
0.997518	0.8245
0.996384	1.26194
0.981111	1.00311
0.996343	1.19353
0.994045	0.957251
0.987458	0.879295
0.99245	0.72832
0.993849	1.09574
0.868027	0.747943
0.993606	0.83847
0.997231	0.846571
0.996145	0.853375
0.99075	0.894709
0.998377	1.25867
0.996732	1.11137
0.990777	0.930527
0.994173	0.761597
0.987612	1.11521
0.999349	0.925603
0.997319	1.00349
0.994032	0.947015
0.998943	1.07677
0.994597	0.915757
0.993517	0.934207
0.98382	0.940423
0.993877	1.13053
0.993928	1.11392
0.994551	0.987899
1	0.781771
0.994628	1.06557
0.998374	1.0603
1	1.18572
1	1.05562
0.998517	1.25537
1	0.900196
0.984207	0.876322
0.997634	0.835639
0.985639	0.969025
1	0.827639
1	1.06594
0.987607	0.962459
0.993052	0.935944
0.96375	1.19381
0.993309	0.763138
0.996503	0.91471
0.986655	1.01874
0.993432	1.04656
1	1.00143
1	0.998925
1	0.926722
1	1.04493
0.795381	0.58878
0.886865	0.867162
0.855827	0.772732
0.65038	0.686007
0.742308	0.970767
0.733133	0.91762
0.610832	0.732881
0.749101	0.76687
0.690963	0.673118
0.937602	0.993278
0.876297	0.96164
0.711636	0.720038
0.855662	0.779298
0.901328	0.853924
0.642107	0.821682
0.784307	0.619585
0.61183	0.657449
0.617975	0.699131
0.902808	0.904326
0.635459	0.621787
0.894148	0.920842
0.831482	0.901978
0.529081	0.548042
0.656145	0.674658
0.906116	0.664026
0.873567	0.658294
0.714033	0.829905
0.914298	0.808312
0.108361	0.12813
0.917267	0.839985
0.70137	0.660133
0.132546	0.147883
0.763864	0.873465
0.484209	0.595734
0.906151	0.949496
0.850149	0.867863
0.868605	0.944526
0.602824	0.877689
0.874492	0.862614
0.890121	1.12756
0.851273	0.661514
0.885257	0.974232
0.655595	0.50884
0.779762	0.87386
0.903157	1.0717
0.854242	0.934148
0.770139	0.764103
0.766853	0.666014
0.884592	0.881206
0.880324	0.68258
0.745725	0.692563
0.694244	0.69551
0.100533	0.10965
0.906085	0.728238
0.459159	0.687063
0.804617	0.748093
0.866173	0.760017
0.864048	0.958106
0.751881	0.683691
0.663938	0.766244
0.64608	0.69139
0.653063	0.673965
0.861068	0.621542
0.930831	0.883274
0.700768	0.851138
0.909218	0.843742
0.911795	0.992863
0.7716	0.698698
0.701551	0.618283
0.868136	0.812168
0.89696	0.840774
0.891652	0.843246
0.806364	0.651657
0.786195	0.558177
0.860622	0.816169
0.773892	0.797253
0.908279	1.15636
0.644195	0.481456
0.832418	0.891081
0.851969	0.954134
0.776556	0.657626
0.818751	0.77655
0.852612	0.916711
0.813411	0.670728
0.802999	0.596612
0.856239	1.00346
0.772197	0.91283
0.907088	1.02883
0.805566	0.750743
0.821484	0.823593
0.885934	0.848662
0.837919	0.73201
0.903839	0.831583
0.851758	0.943773
0.868547	1.05995
0.858177	0.892374
0.886069	0.851107
0.846572	0.622952
0.887233	0.75546
0.888865	0.987094
0.818409	0.806116
0.133073	0.162943
0.847094	0.76146
0.818504	0.636606
0.808208	0.811554
0.608123	0.467752
0.872943	0.547133
0.864676	0.733782
0.82309	0.964883
0.844168	0.859351
0.918852	0.974534
0.910385	0.885693
0.728631	0.766774
0.841954	0.789198
0.578134	0.526636
0.729352	0.704267
0.621287	0.634309
0.791987	0.813172
0.916891	0.975546
0.936163	1.16717
0.607988	0.665802
0.81348	0.998237
0.773434	0.87816
0.870067	0.904524
0.896102	0.662333
0.694063	0.703057
0.77777	0.709495
0.804197	0.819023
0.546908	0.419616
0.87492	0.804817
0.935442	0.940077
0.912735	0.983312
0.901604	0.934821
0.830833	0.808701
0.913456	0.976263
0.896796	0.738493
0.851629	0.816718
0.90571	0.919321
0.851329	0.689806
0.95252	0.942618
0.908019	0.762697
0.149182	0.199811
0.743428	0.590971
0.901813	0.69016
0.86871	0.831872
0.802304	0.709521
0.812788	1.02558
0.912228	1.07917
0.871314	0.830601
0.798339	0.710765
0.775004	0.669681
0.898073	0.646212
0.69783	0.702528
0.51716	0.594796
0.753175	0.700382
0.853887	0.796133
0.955937	0.929605
0.795386	0.699698
0.584699	0.783774
0.719999	0.583946
0.765204	0.890197
0.908048	0.852334
0.895391	0.58962
0.782356	0.68056
0.903288	1.09455
0	5.96046e-08
0.842875	0.851025
0.924493	1.02831
0.781089	0.773784
0.674183	0.653967
0.944983	1.0487
0.830053	0.814003
0.84435	0.651757
0.58015	0.555739
0.900509	0.984428
0.829422	0.819949
0.851465	0.755063
0.82887	0.840197
0.712728	0.591779
0.859154	0.743278
0.870825	0.71516
0.811601	0.745511
0.943146	1.01683
0.847753	0.798904
0.808355	0.805246
0.768698	0.757754
0.906237	0.851726
0.959555	0.796411
0.766913	0.81327
0.880402	0.963146
0.696843	0.636901
0.810398	0.922578
0.453157	0.455001
0.843399	0.827339
0.913752	1.03136
0.853662	0.807915
0.791843	1.07497
0.917795	0.857986
0.472877	0.556784
0.94108	0.750805
