0.513514	184.19
0.567568	208.403
0.575	204.832
0.6	181.824
0.527778	209.662
0.787879	233.084
0.575758	151.017
0.6	193.411
0.571429	215.244
0.484848	186.215
0.692308	230.521
0.666667	215.995
0.606061	209.786
0.6875	210.723
0.485714	177.133
0.657143	211.57
0.628571	234.955
0.53125	227.561
0.6	195.361
0.566667	166.997
0.545455	152.787
0.433333	135.263
0.580645	206.616
0.633333	240.133
0.611111	206.509
0.5	183.265
0.5	152.99
0.580645	174.184
0.735294	241.773
0.6	227.833
0.583333	216.573
0.542857	208.235
0.645161	223.745
0.657895	226.318
0.485714	157.582
0.586207	185.483
0.470588	157.188
0.513514	195.069
0.567568	205.154
0.628571	239.612
0.535714	174.585
0.527778	179.783
0.606061	227.024
0.595238	226.411
0.69697	227.697
0.69697	212.042
0.641026	188.929
0.571429	182.822
0.648649	222.117
0.575758	193.013
0.585366	228.311
0.59375	182.74
0.617647	244.279
0.580645	193.189
0.567568	201.147
0.645161	213.691
0.758621	252.591
0.551724	168.054
0.625	202.089
0.473684	180.61
0.514286	167.899
0.59375	193.587
0.571429	172.319
0.571429	189.14
0.615385	191.107
0.5	149.225
0.6	150.977
0.617647	207.041
0.575	192.125
0.588235	199.615
0.571429	158.562
0.59375	179.449
0.645161	224.37
0.575758	195.443
0.5625	186.767
0.5	164.232
0.605263	213.059
0.65625	202.751
0.589744	210.024
0.7	214.844
0.575	220.708
0.487179	160
0.764706	235.372
0.645161	224.544
0.571429	177.527
0.53125	167.314
0.583333	207.933
0.625	224.022
0.677419	186.735
0.512195	167.946
0.551724	224.962
0.558824	194.371
0.583333	200.175
0.547619	187.947
0.538462	197.307
0.529412	206.543
0.702703	177.499
0.59375	173.534
0.724138	225.482
0.631579	201.946
0.657895	233.101
0.567568	217.09
0.611111	210.955
0.615385	220.758
0.581395	217.83
0.457143	164.165
0.615385	223.038
0.578947	197.975
0.606061	208.014
0.685714	230.256
0.571429	181.951
0.6	197.934
0.59375	234.87
0.485714	174.408
0.551724	216.088
0.48	200.704
0.636364	176.924
0.636364	241.23
0.552632	179.321
0.583333	213.935
0.607143	219.463
0.735294	227.552
0.7	210.052
0.529412	205.119
0.810811	237.765
0.564103	166.217
0.52381	201.271
0.6	201.609
0.583333	198.771
0.589744	218.573
0.678571	235.949
0.657143	222.603
0.628571	226.685
0.558824	178.236
0.527778	183.75
0.533333	181.824
0.657143	230.1
0.444444	178.802
0.606061	218.998
0.59375	202.544
0.634146	228.552
0.5	141.732
0.533333	188.966
0.53125	165.819
0.590909	235.843
0.6	202.988
0.5	178.891
0.625	234.081
0.62069	204.636
0.617647	228.009
0.5	153.029
0.733333	209.905
0.558824	209.065
0.612903	189.124
0.583333	194.438
0.515152	181.075
0.6	192.208
0.578947	190.526
0.606061	200.983
0.636364	218.71
0.666667	224.183
0.7	209.728
0.484848	205.767
0.5625	167.589
0.484848	172.922
0.564103	203.568
0.606061	229.417
0.564103	184.348
0.485714	189.061
0.441176	198.383
0.580645	226.702
0.606061	183.995
0.611111	174.373
0.727273	225.064
0.514286	217.743
0.552632	165.396
0.55	191.228
0.5625	172.968
0.611111	211.182
0.555556	191.071
0.588235	211.324
0.586207	220.898
0.828571	249.504
0.571429	202.514
0.575758	230.617
0.484848	159.981
0.552632	181.191
0.6	210.727
0.558824	207.167
0.542857	208.485
0.6	245.54
0.571429	225.047
0.516129	166.919
0.533333	192.686
0.513514	217.775
0.709677	258.205
0.484848	190.652
0.625	223.79
0.65625	220.993
0.666667	235.724
0.387097	135.735
0.242424	103.296
0.375	167.183
0.4	123.377
0.444444	169.976
0.361111	149.405
0.371429	118.971
0.388889	154.26
0.388889	131.643
0.363636	124.483
0.375	167.881
0.351351	156.269
0.388889	161.059
0.394737	146.533
0.394737	149.653
0.314286	151.611
0.363636	155.987
0.366667	153.219
0.388889	155.229
0.368421	155.119
0.322581	134.067
0.235294	136.616
0.275862	124.98
0.366667	190.174
0.34375	157.328
0.297297	120.316
0.366667	144.672
0.382353	122.955
0.4	174.138
0.378378	155.711
0.410256	177.623
0.371429	119.348
0.363636	131.499
0.380952	151.658
0.378378	194.227
0.387097	128.39
0.382353	165.602
0.384615	151.222
0.368421	140.762
0.393939	122.057
0.382353	134.142
0.382353	144.72
0.205882	117.243
0.393939	155.3
0.387097	166.006
0.366667	139.406
0.368421	117.737
0.382353	129.9
0.4	183.957
0.4	158.77
0.371429	156.518
0.410256	158.082
0.387097	122.597
0.378378	145.21
0.368421	129.522
0.378378	157.41
0.405405	152.905
0.351351	114.018
0.37931	137.535
0.378378	145.561
0.393939	203.686
0.382353	145.767
0.384615	146.308
0.382353	138.888
0.272727	110.914
0.388889	160.175
0.368421	158.038
0.363636	151.783
0.4	152.493
0.366667	144.575
0.366667	141.053
0.4	180.97
0.410256	174.654
0.151515	129.236
0.34375	177.093
0.235294	134.499
0.378378	141.972
0.354839	137.062
0.371429	141.655
0.371429	196.316
0.37931	152.361
0.382353	184.467
0.37037	182.647
0.333333	145.959
0.371429	173.113
0.382353	148.351
0.322581	101.292
0.212121	117.439
0.394737	152.748
0.378378	173.188
0.388889	167.654
0.388889	111.553
0.344828	153.114
0.235294	148.088
0.366667	189.731
0.263158	128.717
0.388889	177.859
0.382353	143.171
0.378378	171.593
0.371429	129.954
0.37931	125.14
0.388889	171.33
0.37037	150.897
0.236842	153.186
0.366667	133.462
0.242424	187.072
0.371429	162.635
0.410256	158.499
0.378378	150.957
0.322581	134.276
0.354839	115.689
0.272727	142.569
0.384615	130.054
0.382353	160.493
0.368421	188.223
0.388889	170.909
0.307692	146.806
0.394737	119.465
0.378378	193.701
0.393939	177.544
0.375	148.566
0.375	186.435
0.378378	188.706
0.307692	99.3076
0.382353	175.875
0.37931	133.836
0.366667	124.708
0.382353	166.036
0.30303	187.072
0.394737	132.582
0.342857	187.195
0.351351	149.973
0.371429	164.073
0.371429	166.553
0.393939	129.7
0.390244	173.839
0.3125	156.288
0.405405	175.237
0.305556	125.865
0.34375	134.06
0.351351	152.013
0.393939	168.748
0.418605	168.76
0.361111	149.158
0.390244	150.073
0.371429	135.344
0.285714	166.709
0.393939	144.458
0.387097	153.838
0.378378	153.968
0.368421	159.223
0.333333	151.361
0.393939	165.136
0.387097	163.475
0.375	155.968
0.394737	144.783
0.382353	174.963
0.405405	144.388
0.375	110.39
0.34375	98.6306
0.344828	133.011
0.37931	155.493
0.27027	123.386
0.366667	148.216
0.388889	154.409
0.393939	157.829
0.382353	124.427
0.375	173.666
0.371429	138.304
0.378378	155.242
0.378378	148.728
0.363636	136.616
0.405405	222.567
0.390244	149.305
0.314286	137.761
0.393939	169.853
0.361111	166.961
0.368421	145.245
0.393939	204.289
0.333333	115.991
0.37931	138.376
0.387097	178.975
0.351351	159.267
0.382353	143.924
0.351351	113.287
0.30303	126.972
0.351351	152.046
0.371429	186.371
0.384615	160.044
0.361111	129.468
0.333333	150.453
0.354839	137.033
0.333333	114.856
0.4	184.543
0.315789	155.358
0.352941	176.935
0.384615	169.104
0.378378	145.534
0.272727	139.119
0.34375	142.162
0.6	229.796
0.619048	169.174
0.566667	220.599
0.552632	237.76
0.571429	156.965
0.628571	231.59
0.583333	213.654
0.5625	170.135
0.589744	195.52
0.517241	162.025
0.638889	211.976
0.589744	204.103
0.617647	241.996
0.638889	203.544
0.525	173.17
0.513514	222.167
0.484848	227.407
0.628571	215.838
0.5	207.957
0.631579	207.885
0.516129	191.133
0.540541	199.745
0.606061	195.755
0.677419	212.339
0.666667	226.283
0.592593	155.91
0.633333	222.32
0.545455	232.022
0.606061	216.056
0.514286	158.915
0.575758	204.113
0.645161	230.343
0.545455	143.164
0.621622	199.86
0.571429	211.83
0.657143	192.774
0.59375	194.134
0.631579	242.71
0.6	209.995
0.657143	237.234
0.636364	221.964
0.538462	178.992
0.542857	183.21
0.580645	185.381
0.55	213.612
0.5	188.711
0.564103	216.347
0.611111	215.666
0.457143	101.833
0.655172	182.505
0.515152	160.667
0.657143	219.977
0.684211	230.599
0.617647	229.682
0.529412	179.109
0.526316	195.269
0.5	161.264
0.5	124.868
0.588235	215.931
0.612903	186.708
0.612903	210.081
0.578947	204.098
0.564103	194.494
0.567568	178.841
0.571429	203.47
0.636364	221.563
0.53125	184.705
0.552632	185.613
0.575758	229.517
0.578947	206.886
0.555556	196.926
0.612903	172.662
0.540541	128.335
0.571429	200.769
0.5	151.73
0.5625	191.181
0.594595	250.06
0.648649	225.193
0.6875	238.008
0.470588	184.651
0.628571	217.545
0.566667	132.045
0.5	197.813
0.487179	179.944
0.648649	246.455
0.580645	151.321
0.6	212.908
0.710526	230.92
0.536585	214.243
0.6	195.361
0.6875	218.733
0.555556	167.517
0.575	223.405
0.685714	242.895
0.564103	158.934
0.578947	182.384
0.65625	229.229
0.621622	191.578
0.473684	115.091
0.636364	239.621
0.526316	180.582
0.6	214.583
0.6	162.086
0.571429	193.897
0.606061	168.048
0.586207	180.033
0.615385	198.414
0.583333	215.225
0.529412	145.327
0.545455	119.398
0.533333	207.162
0.527778	167.123
0.677419	199.073
0.567568	211.665
0.566667	162.954
0.594595	208.178
0.487179	176.579
0.5	172.928
0.595238	164.219
0.628571	217.885
0.512821	191.682
0.529412	192.172
0.5625	214.201
0.7	225.69
0.513514	179.522
0.575758	197.889
0.59375	217.885
0.5625	179.928
0.628571	217.853
0.583333	182.198
0.625	201.827
0.5	204.26
0.487179	144.99
0.540541	208.931
0.53125	167.165
0.558824	192.458
0.555556	230.387
0.540541	176.341
0.676471	214.979
0.542857	204.729
0.564103	239.245
0.617647	218.435
0.588235	202.781
0.5	175.59
0.59375	164.948
0.558824	222.441
0.642857	228.486
0.583333	180.283
0.6	178.885
0.677419	205.563
0.642857	157.131
0.617647	221.725
0.6	229.974
0.53125	185.019
0.566667	185.084
0.586207	172.795
0.567568	175.283
0.542857	199.95
0.575758	180.316
0.485714	181.477
0.5	182.658
0.484848	188.595
0.594595	224.624
0.5	214.9
0.475	162.302
0.657143	205.64
0.647059	249.13
0.666667	218.22
0.65625	210.841
0.677419	186.118
0.6	181.626
0.575	175.835
0.589744	197.788
0.609756	205.524
0.558824	223.074
0.588235	226.292
0.583333	224.611
0.483871	182.784
0.583333	185.391
0.515152	192.894
0.612903	193.075
0.588235	225.655
0.647059	203.941
0.558824	174.253
0.615385	179.126
0.542857	188.881
0.5	142.527
0.486486	172.319
0.612903	188.34
0.628571	228.504
0.567568	219.281
0.585366	208.144
0.586207	196.962
0.542857	173.81
0.631579	211.849
0.611111	194.52
0.5	207.191
0.5	196.977
0.617647	221.179
0.515152	167.41
0.322581	155.145
0.342857	111.185
0.388889	163.101
0.34375	98.7117
0.4	128.6
0.387097	143.066
0.382353	182.033
0.4	147.003
0.371429	168.541
0.4	141.894
0.375	150.758
0.382353	137.804
0.371429	157.531
0.371429	151.545
0.405405	165.033
0.1875	110.291
0.387097	120.557
0.382353	130.2
0.342857	173.384
0.388889	145.093
0.393939	139.564
0.375	171.464
0.344828	146.826
0.387097	153.434
0.333333	121.598
0.394737	161.907
0.333333	103.402
0.384615	144.132
0.225806	116.508
0.393939	174.063
0.388889	163.31
0.4	172.76
0.368421	119.264
0.382353	187.152
0.393939	141.57
0.357143	190.263
0.371429	194.895
0.394737	179.176
0.354839	139.864
0.375	137.047
0.323529	122.197
0.354839	139.793
0.354839	133.806
0.4	172.47
0.378378	160.636
0.366667	151.961
0.366667	123.28
0.375	174.425
0.378378	144.264
0.375	150.04
0.366667	150.193
0.363636	153.668
0.382353	157.778
0.368421	146.779
0.37931	150.997
0.382353	142.997
0.352941	156.665
0.382353	171.511
0.37931	168.808
0.378378	142.738
0.37931	112.036
0.361111	187.414
0.375	156.205
0.375	160.269
0.371429	168.642
0.352941	161.635
0.387097	151.261
0.34375	113.367
0.205882	118.727
0.322581	141.181
0.363636	137.935
0.388889	207.389
0.387097	147.973
0.387097	110.009
0.361111	143.436
0.371429	121.713
0.388889	119.139
0.393939	175.568
0.375	144.125
0.382353	144.748
0.366667	169.334
0.382353	146.942
0.354839	174.276
0.4	167.093
0.363636	176.562
0.366667	150.871
0.387097	148.694
0.363636	154.071
0.382353	197.383
0.387097	145.162
0.3125	144.548
0.387097	161.802
0.378378	137.499
0.314286	156.384
0.366667	148.081
0.366667	115.516
0.365854	169.263
0.294118	130.851
0.384615	149.399
0.387097	168.143
0.371429	103.875
0.371429	159.462
0.405405	178.488
0.37037	161.4
0.382353	150.566
0.361111	130.514
0.363636	125.539
0.361111	115.057
0.25	132.793
0.34375	156.704
0.363636	126.515
0.387097	130.744
0.322581	160.256
0.375	151.631
0.382353	151.347
0.363636	122.678
0.393939	157.911
0.361111	161.363
0.21875	115.178
0.387097	148.714
0.342105	149.693
0.387097	139.083
0.363636	126.586
0.375	176.777
0.384615	161.078
0.405405	169.458
0.382353	146.806
0.352941	127.161
0.414634	153.636
0.216216	138.55
0.354839	178.953
0.375	139.111
0.366667	133.895
0.371429	133.319
0.382353	162.831
0.371429	144.651
0.371429	120.183
0.342105	151.658
0.363636	152.026
0.388889	148.654
0.294118	151.294
0.388889	162.548
0.410256	166.829
0.382353	156.109
0.366667	162.315
0.380952	165.276
0.366667	142.759
0.388889	156.78
0.333333	124.451
0.387097	179.794
0.378378	146.976
0.387097	144.451
0.388889	169.393
0.352941	132.763
0.354839	122.139
0.387097	173.684
0.371429	151.413
0.35	158
0.388889	153.831
0.322581	91.9674
0.392857	159.881
0.40625	184.12
0.382353	155.756
0.25641	110.77
0.393939	181.94
0.28125	96.3639
0.354839	152.611
0.366667	131.704
0.378378	135.285
0.371429	127.264
0.294118	135.846
0.357143	163.915
0.393939	112.348
0.34375	160.456
0.371429	133.716
0.388889	194.288
0.4	180.56
0.363636	176.862
0.411765	162.776
0.352941	158.335
0.342857	160.91
0.363636	131.704
0.365854	146.888
0.378378	158.783
0.388889	149.138
0.34375	174.138
0.394737	108.582
0.4	190.866
0.357143	152.565
0.294118	81.939
0.333333	160.779
0.4	171.324
0.333333	168.517
0.390244	127.271
0.37931	159.129
0.344828	162.327
0.382353	171.54
0.388889	165.988
0.387097	133.499
0.333333	153.831
0.583333	206.17
0.65625	212.894
0.6	199.725
0.589744	180.837
0.645161	171.096
0.64	245.1
0.606061	210.656
0.533333	174.608
0.607143	233.414
0.62963	182.735
0.609756	226.389
0.542857	186.73
0.594595	213.846
0.53125	161.58
0.5	169.033
0.514286	185.289
0.548387	198.776
0.606061	230.434
0.578947	172.041
0.6	216.204
0.612903	223.262
0.6	200.155
0.513514	200.095
0.555556	196.372
0.638889	196.005
0.567568	209.141
0.6	212.49
0.617647	220.703
0.529412	191.609
0.611111	202.326
0.485714	157.804
0.6	215.239
0.487179	188.854
0.566667	180.898
0.589744	182.401
0.611111	214.387
0.702703	223.096
0.575758	194.185
0.617647	217.899
0.575758	190.258
0.571429	231.599
0.636364	234.448
0.6	182.488
0.628571	245.455
0.484848	178.079
0.625	208.437
0.617647	197.909
0.645161	215.875
0.6	227.447
0.5625	185.763
0.56	218.499
0.413793	160.798
0.6	228.482
0.552632	193.665
0.628571	202.662
0.514286	138.297
0.589744	210.575
0.677419	230.69
0.710526	250.783
0.527778	186.59
0.486486	205.99
0.558824	215.847
0.6	198.444
0.5	181.945
0.516129	165.203
0.621622	228.513
0.612903	201.48
0.540541	189.352
0.526316	165.064
0.571429	239.291
0.583333	201.316
0.634146	217.89
0.564103	175.419
0.641026	221.192
0.6	222.293
0.75	220.368
0.545455	217.908
0.5	185.704
0.444444	189.05
0.558824	213.794
0.634146	188.441
0.611111	204.734
0.645161	234.188
0.628571	213.691
0.69697	207.21
0.6	228.372
0.594595	202.257
0.526316	180.322
0.6	193.448
0.527778	186.874
0.527778	156.755
0.571429	235.465
0.567568	191.562
0.542857	189.42
0.575758	204.196
0.633333	214.042
0.527778	204.47
0.705882	230.322
0.529412	181.538
0.619048	218.504
0.628571	234.853
0.617647	227.258
0.628571	212.245
0.702703	225.725
0.705882	227.741
0.548387	221.156
0.580645	221.445
0.566667	202
0.6	209.6
0.514286	164.049
0.65625	228.775
0.75	237.588
0.512195	182.005
0.533333	172.644
0.615385	231.978
0.628571	206.131
0.461538	167.571
0.657143	217.775
0.62963	209.857
0.472222	205.261
0.533333	153.512
0.6	212.09
0.5	202.958
0.69697	205.767
0.6	173.28
0.567568	217.044
0.571429	203.386
0.575758	211.618
0.514286	190.783
0.588235	212.763
0.5	213.673
0.558824	199.058
0.575758	167.451
0.625	174.011
0.586207	198.167
0.575758	216.813
0.6875	234.414
0.648649	233.152
0.621622	182.806
0.611111	179.031
0.567568	215.611
0.777778	260.569
0.588235	156.697
0.578947	187.569
0.676471	198.414
0.5625	215.866
0.588235	194.443
0.564103	218.737
0.6	207.413
0.571429	194.021
0.5	192.816
0.642857	228.569
0.558824	196.525
0.575758	189.542
0.472222	184.694
0.793103	248.805
0.575758	171.901
0.567568	221.495
0.515152	189.309
0.555556	194.905
0.625	199.735
0.571429	209.652
0.552632	160.3
0.540541	169.7
0.484848	173.315
0.53125	166.126
0.606061	186.338
0.655172	231.045
0.645161	241.143
0.583333	193.318
0.542857	226.508
0.727273	235.104
0.612903	192.494
0.515152	170.476
0.8	236.559
0.636364	183.804
0.558824	201.395
0.545455	175.448
0.583333	186.965
0.525	230.998
0.625	216.564
0.645161	189.942
0.567568	235.172
0.555556	206.044
0.5625	165.699
0.5625	197.555
0.666667	231.206
0.529412	214.009
0.594595	169.056
0.53125	193.716
0.571429	204.861
0.666667	236.994
0.558824	205.874
0.571429	180.665
0.55	209.557
0.621622	172.522
0.625	235.987
0.676471	239.199
0.678571	237.2
0.558824	190.982
0.393939	163.683
0.366667	158.902
0.176471	136.345
0.387097	166.901
0.30303	108.13
0.4	180.022
0.4	164.876
0.27027	81.719
0.387097	182.882
0.363636	158.531
0.366667	119.599
0.361111	167.684
0.333333	119.281
0.394737	187.547
0.3125	155.242
0.371429	189.984
0.378378	133.537
0.410256	135.056
0.378378	159.487
0.368421	137.485
0.333333	95.4987
0.323529	140.954
0.375	125.531
0.375	139.621
0.25	139.786
0.352941	132.529
0.366667	154.855
0.410256	142.569
0.382353	146.445
0.357143	187.643
0.342857	104.393
0.382353	154.214
0.351351	109.909
0.352941	176.675
0.409091	164.779
0.354839	136.176
0.342857	156.531
0.37931	178.712
0.363636	153.01
0.375	150.778
0.3125	180.782
0.382353	129.383
0.375	171.33
0.388889	175.528
0.387097	143.785
0.375	155.261
0.386364	163.902
0.378378	184.391
0.388889	169.281
0.382353	180.394
0.388889	185.418
0.4	138.953
0.294118	146.901
0.358974	181.268
0.366667	141.315
0.333333	162.573
0.235294	123.782
0.375	141.619
0.275862	132.174
0.390244	168.731
0.375	137.12
0.382353	180.981
0.375	155.974
0.352941	117.644
0.37931	152.329
0.34375	133.798
0.358974	149.419
0.272727	181.268
0.382353	143.645
0.323529	147.743
0.384615	189.953
0.375	156.135
0.368421	118.22
0.375	129.058
0.4	136.213
0.363636	172.186
0.388889	138.658
0.352941	141.103
0.344828	149.853
0.297297	97.3242
0.27027	71.5402
0.342857	160.474
0.294118	177.831
0.375	140.121
0.342857	157.239
0.333333	119.164
0.4	144.471
0.378378	174.574
0.375	141.407
0.294118	206.223
0.361111	152.381
0.382353	170.775
0.375	158.777
0.264706	80.6102
0.34375	169.629
0.382353	158.959
0.333333	158.695
0.333333	161.79
0.354839	92.6715
0.378378	161.133
0.3125	103.286
0.387097	159.8
0.354839	108.793
0.344828	149.318
0.388889	179.075
0.393939	142.969
0.35	122.581
0.166667	111.714
0.371429	139.198
0.382353	124.314
0.37931	204.118
0.375	140.071
0.37037	159.192
0.388889	162.388
0.3125	152.053
0.387097	193.303
0.352941	146.663
0.15625	103.441
0.368421	113.578
0.264706	145.052
0.325	144.049
0.342105	185.688
0.366667	155.087
0.382353	156.882
0.4	178
0.382353	150.519
0.354839	97.2625
0.393939	161.276
0.387097	152.944
0.358974	147.574
0.375	156.199
0.35	147.926
0.410256	158.984
0.35	150.493
0.395349	148.31
0.382353	150.672
0.411765	133.701
0.323529	100.449
0.35	140.207
0.368421	160.387
0.371429	146.199
0.324324	120.855
0.37037	167.29
0.352941	146.963
0.375	111.911
0.37037	166.775
0.40625	174.161
0.375	156.901
0.363636	143.715
0.333333	152.827
0.333333	143.381
0.25	122.319
0.382353	182.077
0.384615	137.521
0.333333	154.221
0.351351	185.462
0.405405	192.567
0.371429	124.66
0.371429	145.465
0.375	151.189
0.344828	155.653
0.382353	156.684
0.344828	165.052
0.37931	154.861
0.37037	176.805
0.333333	127.75
0.394737	159.687
0.3125	113.128
0.371429	176.057
0.382353	151.638
0.4	201.182
0.235294	109.599
0.382353	171.889
0.290323	177.781
0.366667	155.081
0.366667	153.414
0.351351	121.754
0.277778	110.109
0.344828	151.592
0.352941	127.24
0.388889	184.299
0.387097	139.277
0.394737	186.944
0.333333	130.33
0.37037	162.684
0.387097	141.633
0.382353	140.086
0.37037	181.367
0.425	154.861
0.410256	166.865
0.384615	141.188
0.322581	129.252
0.371429	162.376
0.382353	170.628
0.382353	173.032
0.393939	165.003
0.393939	175.226
0.314286	101.528
0.366667	166.373
0.4	141.774
0.551724	186.815
0.517241	155.589
0.625	199.429
0.6	203.165
0.545455	188.335
0.571429	200.195
0.588235	206.024
0.578947	223.428
0.666667	233.85
0.735294	229.787
0.5	161.963
0.605263	220.041
0.69697	235.818
0.628571	190.258
0.75	251.293
0.431818	211.896
0.617647	219.39
0.527778	187.019
0.6875	184.065
0.62069	189.251
0.487805	184.451
0.59375	195.556
0.657895	224.103
0.636364	205.709
0.625	200.065
0.606061	210.889
0.594595	208.969
0.606061	194.51
0.685714	209.132
0.566667	190.358
0.605263	192.213
0.567568	208.01
0.514286	193.122
0.567568	210.038
0.636364	206.896
0.676471	223.137
0.571429	174.172
0.677419	224.771
0.606061	230.295
0.515152	206.131
0.527778	179.939
0.538462	211.225
0.625	207.234
0.605263	193.706
0.558824	201.529
0.7	220.699
0.65	195.816
0.548387	165.288
0.628571	215.012
0.657895	209.852
0.558824	192.432
0.448276	197.307
0.555556	212.353
0.558824	220.223
0.538462	197.464
0.617647	216.91
0.46875	157.69
0.625	232.744
0.636364	217.486
0.636364	240.595
0.540541	200.559
0.645161	208.125
0.6	229.499
0.571429	194.669
0.594595	185.532
0.484848	157.347
0.526316	194.962
0.516129	175.516
0.675676	239.215
0.538462	187.499
0.526316	169.092
0.567568	182.055
0.617647	211.769
0.647059	199.429
0.513514	166.781
0.740741	244.254
0.612903	214.76
0.571429	220.876
0.611111	212.819
0.628571	214.928
0.655172	154.848
0.589744	197.018
0.575758	174.625
0.645161	186.387
0.648649	205.348
0.580645	215.564
0.533333	182.033
0.551724	151.98
0.545455	179.092
0.5	180.726
0.617647	229.896
0.548387	185.413
0.484848	183.777
0.533333	169.423
0.5	179.432
0.527778	176.102
0.516129	175.3
0.589744	221.224
0.625	229.809
0.515152	192.743
0.567568	189.547
0.636364	220.649
0.552632	202.336
0.655172	197.52
0.648649	205.631
0.617647	208.279
0.5	208.816
0.542857	171.283
0.516129	187.883
0.441176	184.217
0.567568	198.323
0.588235	199.324
0.689655	217.656
0.53125	200.998
0.612903	184.342
0.675676	242.446
0.575758	226.755
0.666667	203.706
0.583333	192.65
0.555556	193.918
0.59375	218.22
0.583333	227.807
0.655172	190.62
0.545455	188.696
0.451613	166.805
0.545455	164.572
0.65625	224.277
0.657143	223.66
0.515152	162.395
0.69697	224.343
0.548387	152.44
0.571429	175.477
0.527778	188.817
0.545455	172.847
0.589744	217.66
0.625	240.391
0.571429	195.013
0.657143	190.772
0.529412	163.371
0.727273	258.047
0.6875	251.869
0.606061	186.655
0.588235	188.197
0.578947	223.114
0.611111	232.843
0.564103	210.694
0.666667	207.581
0.513514	174.063
0.567568	146.144
0.7	239.525
0.612903	214.672
0.46875	132.386
0.638889	214.443
0.5	159.003
0.53125	201.147
0.59375	214.993
0.581395	201.807
0.647059	232.444
0.647059	172.493
0.588235	194.201
0.62069	181.62
0.552632	194.108
0.6	205.49
0.527778	192.624
0.588235	220.227
0.685714	218.865
0.628571	215.949
0.69697	228.123
0.633333	206.712
0.567568	182.861
0.472222	120.913
0.633333	200.19
0.655172	202.129
0.5	190.116
0.514286	173.707
0.625	230.426
0.527778	174.103
0.657143	201.415
0.578947	185.235
0.548387	199.97
0.566667	206.184
0.666667	228.368
0.5	173.851
0.625	203.298
0.555556	165.409
0.472222	189.309
0.472222	196.769
0.5	171.318
0.542857	174.917
0.65	231.599
0.552632	187.707
0.648649	188.77
0.611111	191.619
0.647059	244.029
0.566667	186.043
0.611111	231.59
0.575	179.008
0.542857	192.562
0.605263	221.31
0.53125	192.992
0.382353	150.053
0.368421	157.575
0.4	173.851
0.344828	165.771
0.371429	175.031
0.371429	137.964
0.34375	124.04
0.4	158.984
0.366667	111.535
0.371429	139.313
0.351351	133.177
0.352941	109.873
0.228571	123.548
0.4	165.1
0.387097	167.535
0.114286	102.548
0.375	129.769
0.375	145.588
0.351351	121.458
0.387097	175.197
0.405405	166.445
0.368421	180.638
0.314286	105.109
0.382353	152.781
0.342105	131.598
0.382353	209.552
0.388889	164.146
0.363636	140.214
0.351351	148.189
0.351351	149.023
0.290323	144.035
0.333333	136.536
0.37931	180.549
0.382353	157.772
0.268293	157.778
0.387097	161.14
0.382353	132.083
0.352941	178.701
0.394737	151.625
0.361111	162.966
0.342105	137.543
0.40625	161.518
0.363636	128.304
0.375	135.978
0.4	166.319
0.37931	154.797
0.393939	173.078
0.382353	120.008
0.382353	125.762
0.4	172.656
0.4	152.735
0.387097	167.189
0.363636	151.07
0.378378	177.618
0.375	161.796
0.4	170.335
0.394737	145.045
0.351351	125.936
0.378378	129.112
0.4	199.479
0.15625	117.038
0.28125	176.29
0.352941	149.593
0.342857	152.761
0.368421	164.079
0.388889	150.333
0.363636	155.39
0.368421	120.233
0.388889	135.277
0.393939	139.183
0.323529	145.252
0.368421	133.079
0.394737	165.542
0.368421	183.739
0.361111	168.404
0.375	148.452
0.382353	176.227
0.388889	184.092
0.375	159.744
0.222222	163.224
0.382353	149.947
0.333333	122.466
0.388889	173.943
0.4	152.611
0.25	134.469
0.382353	140.528
0.393939	133.903
0.384615	149.225
0.387097	143.311
0.333333	137.252
0.387097	138.427
0.387097	160.219
0.235294	120.607
0.333333	114.061
0.354839	127.82
0.352941	151.75
0.387097	158.606
0.222222	129.081
0.375	154.629
0.37037	143.534
0.361111	152.558
0.310345	149.399
0.272727	137.565
0.388889	130.637
0.366667	143.75
0.378378	149.432
0.394737	154.913
0.344828	166.199
0.361111	152.578
0.393939	175.881
0.384615	167.708
0.387097	161.313
0.366667	110.824
0.375	168.677
0.371429	154.234
0.416667	175.425
0.375	143.052
0.275862	108.894
0.382353	157.81
0.363636	119.315
0.388889	140.862
0.37037	141.88
0.352941	164.651
0.394737	179.644
0.375	184.179
0.37931	176.176
0.354839	143.255
0.323529	161.307
0.382353	163.162
0.375	153.14
0.387097	174.808
0.363636	151.195
0.387097	133.034
0.342105	104.25
0.333333	120.673
0.375	175.18
0.375	133.888
0.333333	164.487
0.344828	163.854
0.351351	122.915
0.351351	131.202
0.382353	155.319
0.277778	161.728
0.4	133.978
0.414634	172.482
0.393939	169.399
0.371429	188.605
0.272727	159.468
0.363636	137.186
0.36	144.941
0.382353	185.629
0.354839	134.974
0.378378	129.437
0.294118	146.274
0.382353	176.108
0.257143	137.579
0.342857	135.669
0.354839	96.5091
0.388889	134.981
0.382353	147.959
0.387097	153.935
0.365854	179.243
0.333333	173.176
0.375	137.354
0.371429	141.096
0.382353	136.777
0.4	163.579
0.382353	178.326
0.388889	148.701
0.37931	173.701
0.4	176.895
0.4	188.966
0.382353	135.263
0.375	135.115
0.342857	144.617
0.351351	137.106
0.382353	171.988
0.266667	123.572
0.410256	149.499
0.375	130.038
0.388889	179.332
0.384615	155.325
0.378378	145.588
0.382353	153.668
0.30303	89.398
0.384615	150.751
0.378378	156.474
0.4	171.581
0.366667	132.846
0.378378	138.679
0.40625	148.324
0.37931	114.184
0.405405	158.013
0.375	149.225
0.352941	93.0591
0.382353	149.853
0.394737	176.992
0.371429	143.402
0.371429	156.825
0.358974	137.106
0.617647	218.833
0.69697	201.484
0.583333	170.745
0.571429	212.382
0.617647	208.926
0.606061	240.599
0.515152	176.856
0.552632	202.406
0.545455	219.385
0.538462	148.755
0.545455	220.753
0.645161	216.356
0.59375	206.756
0.484848	163.187
0.567568	178.477
0.611111	188.043
0.611111	213.199
0.486486	173.92
0.444444	138.405
0.617647	195.735
0.69697	226.914
0.533333	118.727
0.605263	196.061
0.571429	221.409
0.612903	222.549
0.566667	176.505
0.625	221.066
0.65	203.838
0.62069	211.145
0.606061	189.478
0.583333	211.731
0.583333	202.889
0.69697	220.295
0.645161	184.792
0.583333	220.486
0.5625	173.632
0.65625	206.131
0.6	165.148
0.512821	179.7
0.583333	191.416
0.617647	163.768
0.703704	214.597
0.5	162.339
0.529412	214.527
0.548387	158.31
0.714286	220.118
0.558824	174.929
0.517241	151.222
0.580645	173.321
0.441176	189.373
0.675676	223.459
0.571429	219.595
0.611111	213.035
0.558824	219.604
0.621622	218.206
0.633333	231.858
0.74359	243.261
0.59375	178.314
0.433333	183.363
0.5	161.344
0.675676	235.674
0.588235	199.865
0.638889	218.797
0.538462	202.677
0.451613	172.412
0.571429	175.852
0.542857	151.69
0.657143	216.333
0.684211	234.158
0.5	136.521
0.657143	244
0.631579	199.269
0.575758	225.805
0.5625	194.587
0.529412	151.644
0.558824	187.361
0.589744	170.652
0.564103	202.835
0.621622	221.712
0.6	214.201
0.645161	238.642
0.472222	153.33
0.5	171.82
0.592593	218.536
0.5	185.618
0.575758	200.26
0.764706	244.994
0.592593	225.357
0.710526	242.343
0.6	210.014
0.571429	217.578
0.545455	207.128
0.558824	168.226
0.6	202
0.633333	208.792
0.653846	212.118
0.583333	224.504
0.628571	147.77
0.678571	238.34
0.526316	192.94
0.625	244.818
0.580645	196.642
0.837838	250.024
0.388889	196.418
0.628571	243.561
0.5625	181.769
0.612903	186.623
0.46875	178.964
0.567568	178.247
0.638889	244.549
0.580645	174.098
0.411765	181.284
0.638889	259.677
0.6	213.944
0.585366	196.987
0.487805	161.133
0.470588	212.612
0.514286	181.174
0.642857	226.725
0.583333	199.64
0.55	176.375
0.588235	209.657
0.5	133.177
0.589744	218.943
0.606061	205.898
0.515152	156.71
0.7	237.137
0.540541	167.535
0.625	222.14
0.611111	217.858
0.551724	220.073
0.645161	194.015
0.666667	254.429
0.666667	174.539
0.621622	203.288
0.612903	197.18
0.575758	207.167
0.631579	243.101
0.457143	166.066
0.65625	210.656
0.575758	184.619
0.552632	192.525
0.512821	169.847
0.59375	204.191
0.647059	218.545
0.612903	192.551
0.484848	157.181
0.538462	224.214
0.555556	190.047
0.564103	211.102
0.548387	165.542
0.628571	207.61
0.540541	211.372
0.657895	212.278
0.611111	220.177
0.513514	221.504
0.527778	196.382
0.529412	184.423
0.5	169.552
0.606061	205.129
0.567568	162.019
0.585366	207.586
0.5625	208.437
0.542857	151.354
0.633333	208.993
0.487179	167.087
0.53125	188.457
0.527778	235.843
0.5	134
0.636364	193.912
0.619048	227.192
0.736842	268.54
0.606061	206.213
0.588235	179.371
0.647059	219.381
0.636364	235.147
0.676471	251.221
0.435897	108.665
0.636364	208.048
0.514286	173.136
0.545455	194.972
0.617647	194.761
0.533333	194.391
0.709677	235.767
0.46875	153.812
0.685714	252.602
0.689655	224.013
0.638889	201.95
0.454545	187.963
0.666667	238.323
0.578947	191.437
0.741935	225.553
0.514286	178.611
0.447368	140.599
0.567568	184.065
0.548387	185.17
0.619048	242.384
0.53125	159.336
0.548387	181.654
0.555556	222.89
0.377778	151.704
0.4	179.12
0.342105	168.701
0.310345	154.019
0.371429	190.089
0.387097	152.755
0.4	136.711
0.37931	174.797
0.357143	114.943
0.0285714	39.598
0.375	115.239
0.351351	116.996
0.405405	175.505
0.405405	166
0.272727	129.707
0.393939	145.286
0.394737	163.303
0.257143	119.666
0.375	195.3
0.394737	145.691
0.387097	138.297
0.324324	126.61
0.366667	170.1
0.342857	138.072
0.378378	111.319
0.371429	137.15
0.405405	147.173
0.363636	155.364
0.378378	135.904
0.310345	133.297
0.388889	169.169
0.382353	164.694
0.390244	226.614
0.388889	153.655
0.363636	179.293
0.394737	163.021
0.371429	179.95
0.30303	145.87
0.371429	118.853
0.363636	138.903
0.4	164.615
0.387097	160.012
0.384615	136.667
0.368421	147.926
0.28125	142.745
0.272727	137.717
0.322581	134.507
0.375	135.477
0.388889	110.644
0.371429	201.39
0.363636	180.438
0.363636	96.3431
0.366667	153.036
0.257143	130.759
0.40625	156.256
0.342105	152.866
0.344828	150.107
0.366667	180.787
0.388889	162.444
0.34375	144.132
0.352941	139.025
0.382353	187.856
0.212121	123.272
0.37931	201.306
0.375	163.738
0.322581	183.603
0.352941	110.842
0.371429	127.193
0.354839	130.82
0.371429	142.07
0.354839	104.192
0.411765	181.912
0.382353	134.276
0.375	172.389
0.366667	123.556
0.333333	121.037
0.361111	125.499
0.30303	117.907
0.352941	161.028
0.294118	102.82
0.333333	103.325
0.354839	116.387
0.285714	144.333
0.4	178.499
0.382353	173.632
0.388889	118.684
0.382353	131.697
0.310345	81.9024
0.375	166.883
0.361111	95.6556
0.352941	144.271
0.34375	120.167
0.34375	170.991
0.322581	138.051
0.30303	84.0952
0.378378	149.392
0.371429	151.532
0.411765	185.391
0.388889	146.636
0.4	128.023
0.257143	142.576
0.344828	146.356
0.342857	189.831
0.354839	141.428
0.371429	99.1968
0.387097	115.827
0.382353	96.871
0.342857	119.113
0.371429	149.292
0.40625	150.187
0.375	124.234
0.357143	124.032
0.363636	160.4
0.4	113.172
0.310345	144.465
0.4	178.992
0.411765	184.516
0.272727	135.639
0.346154	135.019
0.375	145.712
0.371429	141.908
0.333333	153.069
0.375	125.929
0.371429	126.807
0.416667	134.037
0.416667	188.955
0.4	192.416
0.216216	90.0666
0.375	153.016
0.387097	156.691
0.321429	161.505
0.405405	193.049
0.382353	155.737
0.375	169.387
0.387097	115.248
0.294118	103.131
0.368421	154.887
0.228571	131.103
0.422222	174.333
0.384615	177.747
0.393939	144.948
0.378378	188.255
0.393939	171.353
0.378378	183.057
0.422222	153.76
0.236842	64.2339
0.354839	138.809
0.388889	144.049
0.212121	96.4987
0.37931	143.965
0.384615	138.384
0.371429	165.584
0.25	135.536
0.4	169.428
0.363636	142.948
0.394737	143.715
0.344828	117.09
0.36	115.767
0.25	136.945
0.375	148.115
0.388889	167.976
0.4	147.418
0.4	135.44
0.394737	172.256
0.352941	153.779
0.378378	156.755
0.361111	131.469
0.371429	127.24
0.333333	90.8075
0.382353	137.368
0.272727	112.294
0.375	174.991
0.375	161.258
0.323529	98.8231
0.366667	138.874
0.352941	94.7523
0.4	163.181
0.393939	151.308
0.411765	187.665
0.371429	110.662
0.382353	150.007
0.388889	155.57
0.371429	98.0306
0.371429	208.442
0.371429	153.903
0.393939	158.247
0.388889	123.11
0.4	163.719
0.35	85.9186
0.395349	149.285
0.378378	124.081
0.375	137.252
0.387097	141.082
0.264706	146.963
0.387097	136.711
0.388889	118.144
0.354839	127.397
0.333333	130.484
0.322581	131.118
0.382353	128.616
0.55	192.39
0.59375	234.372
0.555556	217.108
0.571429	198.967
0.484848	179.878
0.571429	200.933
0.666667	204.005
0.473684	174.322
0.583333	201.837
0.758621	253.598
0.7	224.998
0.384615	110.291
0.628571	203.396
0.6	224.993
0.529412	218.357
0.59375	204.685
0.564103	206.882
0.580645	146.738
0.548387	161.629
0.628571	214.154
0.583333	195.556
0.545455	180.394
0.818182	230.638
0.586207	167.535
0.517241	191.614
0.633333	209.914
0.606061	216.093
0.689655	221.4
0.575758	201.301
0.457143	183.265
0.441176	177.516
0.583333	192.697
0.636364	220.322
0.529412	156.224
0.46875	187.2
0.580645	204.054
0.514286	198.575
0.513514	173.948
0.558824	153.825
0.5625	187.531
0.648649	214.364
0.575758	153.251
0.72973	227.627
0.615385	195.755
0.628571	173.839
0.612903	175.551
0.411765	163.328
0.583333	217.127
0.5	175.368
0.470588	153.649
0.5625	209.313
0.621622	226.561
0.607143	219.905
0.65625	221.517
0.592593	223.526
0.6	246.41
0.6875	236.592
0.617647	187.771
0.533333	185.159
0.514286	165.312
0.575758	206.935
0.642857	215.03
0.59375	200.803
0.625	196.621
0.605263	217.568
0.709677	224.762
0.633333	213.513
0.571429	208.48
0.676471	212.382
0.638889	202.613
0.4375	207.06
0.6	206.567
0.470588	186.188
0.513514	232.19
0.628571	211.764
0.657143	183.112
0.512821	177.308
0.648649	224.424
0.483871	162.972
0.69697	245.561
0.6	218.692
0.571429	207.528
0.5625	180.133
0.655172	199.8
0.575	181.643
0.545455	180.377
0.578947	207.393
0.69697	250.24
0.575758	187.403
0.628571	202.85
0.5625	205.11
0.548387	206.79
0.485714	197.413
0.647059	205.129
0.580645	196.992
0.542857	184.521
0.512195	161.289
0.441176	148.822
0.65625	220.88
0.575	245.821
0.5625	207.62
0.6	207.735
0.645161	200.265
0.59375	203.15
0.5625	197.853
0.529412	178.718
0.578947	214.649
0.545455	188.255
0.59375	197.074
0.636364	189.42
0.571429	192.193
0.571429	188.489
0.612903	224.219
0.578947	200.898
0.5	166.781
0.555556	186.933
0.818182	248.02
0.558824	206.087
0.756757	264.738
0.548387	185.661
0.647059	232.744
0.594595	182.543
0.69697	245.422
0.685714	224.196
0.625	187.574
0.545455	180.139
0.566667	205.796
0.6	207.913
0.675676	235.028
0.571429	212.518
0.676471	211.948
0.588235	217.453
0.645161	197.727
0.588235	184.337
0.555556	188.971
0.59375	185.709
0.644444	211.854
0.605263	195.648
0.666667	224.138
0.53125	192.971
0.485714	173.153
0.548387	167.929
0.571429	214.149
0.606061	175.522
0.542857	158.171
0.594595	205.387
0.6	201.405
0.621622	212.782
0.558824	215.62
0.529412	176.533
0.666667	205.28
0.55	180.61
0.648649	203.268
0.545455	198.283
0.564103	208.12
0.545455	187.446
0.588235	133.754
0.533333	124.403
0.69697	221.02
0.542857	181.323
0.542857	161.338
0.512821	164.797
0.5	152.624
0.628571	237.659
0.515152	148.822
0.578947	181.753
0.733333	237.76
0.548387	208.211
0.538462	170.053
0.485714	201.519
0.647059	224.878
0.533333	155.666
0.62069	206.354
0.71875	247.37
0.6	215.731
0.53125	160.325
0.645161	193.577
0.575	188.032
0.484848	148.566
0.5	219.276
0.5	174.144
0.517241	184.174
0.482759	121.202
0.583333	216.31
0.5	191.745
0.486486	193.876
0.586207	216.772
0.6	187.91
0.44	122.874
0.612903	185.305
0.5	171.377
0.585366	208.624
0.583333	142.653
0.611111	219.03
0.612903	227.033
0.625	242.965
0.555556	183.695
0.578947	204.279
0.575758	176.261
0.540541	168.553
0.342105	153.929
0.424242	162.923
0.310345	119.683
0.357143	145.382
0.388889	159.072
0.384615	146.13
0.387097	183.412
0.352941	143.778
0.411765	154.434
0.333333	113.824
0.382353	138.036
0.37037	178.331
0.37931	133.821
0.310345	116.336
0.351351	141.937
0.344828	128.546
0.393939	138.029
0.365854	167.165
0.361111	119.164
0.4	137.659
0.354839	142.92
0.419355	181.659
0.405405	188.452
0.375	129.066
0.333333	140.911
0.354839	123.661
0.344828	121.828
0.258065	125.817
0.344828	123.061
0.277778	167.475
0.352941	114.105
0.363636	88.4308
0.352941	105.736
0.384615	166.024
0.363636	148.095
0.342857	131.56
0.421053	174.356
0.305556	118.912
0.387097	145.588
0.382353	161.227
0.384615	145.141
0.371429	136.206
0.388889	93.3595
0.388889	136.396
0.384615	144.631
0.371429	191.421
0.371429	151.73
0.366667	178.69
0.375	144.381
0.352941	144.25
0.351351	91.7715
0.3	138.333
0.366667	143.283
0.382353	142.197
0.37931	148.263
0.382353	164.706
0.378378	160.705
0.378378	186.44
0.28125	106.593
0.405405	120.133
0.387097	155.48
0.357143	124.056
0.366667	145.41
0	0
0.375	143.701
0.352941	128.81
0.342105	144.541
0.378378	145.979
0.382353	119.716
0.212121	139.528
0.421053	185.774
0.368421	175.932
0.222222	136.858
0.352941	152.007
0.361111	161.499
0.366667	116.585
0.393939	145.698
0.352941	187.072
0.387097	159.022
0.388889	165.07
0.411765	163.371
0.352941	144.561
0.371429	147.099
0.366667	143.875
0.382353	133.004
0.382353	126.159
0.37931	171.86
0.375	162.284
0.368421	127.075
0.236842	130.085
0.342857	125.332
0.393939	113.446
0.371429	179.961
0.352941	116.017
0.382353	151.116
0.375	115.1
0.305556	153.649
0.358974	97.3036
0.342857	88.9157
0.394737	150.087
0.382353	140.378
0.393939	172.638
0.405405	150.027
0.37931	166.649
0.40625	115.983
0.387097	166.607
0.394737	143.003
0.394737	135.159
0.371429	140.862
0.363636	160.056
0.322581	123.483
0.371429	203.199
0.388889	137.485
0.411765	158.644
0.354839	149.967
0.37931	173.038
0.382353	125.036
0.388889	153.082
0.354839	123.701
0.393939	151.987
0.289474	170.182
0.387097	158.442
0.297297	174.614
0.277778	132.786
0.354839	140.94
0.366667	120.075
0.352941	148.829
0.315789	129.437
0.166667	102.616
0.388889	149.68
0.342857	89.9889
0.4	160.006
0.333333	170.353
0.382353	164.924
0.411765	182.97
0.216216	114.577
0.314286	94.361
0.388889	144.069
0.37931	158.537
0.37931	169.174
0.181818	92.5419
0.363636	141.018
0.388889	154.454
0.384615	167.242
0.322581	136.682
0.382353	137.971
0.366667	179.933
0.393939	156.167
0.344828	127.264
0.34375	156.755
0.366667	148.741
0.34375	174.637
0.34375	131.377
0.121212	100.787
0.387097	195.064
0.378378	177.11
0.371429	146.246
0.382353	165.445
0.366667	168.149
0.388889	167.296
0.37931	149.787
0.368421	138.816
0.358974	145.003
0.290323	134.87
0.34375	155.57
0.354839	159.606
0.363636	172.441
0.357143	137.775
0.363636	144.921
0.352941	146.874
0.333333	155.846
0.394737	142.724
0.375	158.638
0.357143	160.574
0.387097	180.876
0.387097	137.455
0.388889	166.072
0.387097	205.665
0.352941	139.047
0.30303	132.665
0.37037	153.14
0.363636	142.155
0.357143	134.112
0.354839	153.838
0.366667	152.892
0.28125	171.715
0.416667	141.626
0.411765	168.113
0.393939	138.578
0.387097	132.114
0.375	132.605
0.40625	160.792
0.371429	122.784
0.388889	153.284
0.382353	184.358
0.394737	178.527
0.351351	162.093
0.322581	125.363
0.333333	143.01
0.387097	148.088
0.657143	184.429
0.5625	190.893
0.529412	164.128
0.625	222.09
0.545455	186.253
0.631579	213.771
0.589744	210.618
0.515152	132.265
0.5	176.125
0.677419	220.182
0.6	195.341
0.542857	190.741
0.457143	128.561
0.621622	206.756
0.606061	193.778
0.617647	184.293
0.555556	193.375
0.512821	203.504
0.571429	218.952
0.538462	176.017
0.631579	204.973
0.527778	198.847
0.55814	169.735
0.621622	199.575
0.612903	224.896
0.55	158.739
0.515152	221.337
0.636364	219.914
0.575758	192.982
0.529412	196.555
0.645161	230.669
0.612903	223.365
0.588235	205.64
0.55814	213.71
0.65625	222.607
0.666667	227.126
0.617647	220.304
0.483871	163.199
0.542857	136.536
0.529412	187.088
0.621622	238.893
0.611111	231.789
0.677419	213.556
0.5	179.711
0.552632	212.372
0.617647	236.749
0.542857	203.691
0.735294	243.717
0.71875	240.412
0.59375	207.697
0.636364	226.371
0.529412	206.848
0.707317	259.811
0.6	184.19
0.657895	233.803
0.655172	212.688
0.580645	199.329
0.606061	184.521
0.484848	192.691
0.55814	172.916
0.595238	241.238
0.5625	228.513
0.625	181.362
0.657143	210.941
0.545455	230.395
0.684211	238.964
0.621622	225.455
0.636364	210.286
0.485714	176.034
0.583333	205.485
0.794872	254.012
0.8	241.039
0.555556	201.896
0.605263	217.72
0.545455	198.655
0.657895	237.718
0.564103	222.809
0.702703	264.292
0.741935	234.393
0.59375	207.933
0.567568	207.957
0.676471	170.716
0.638889	184.738
0.555556	167.935
0.583333	182.921
0.65625	222.099
0.558824	191.452
0.666667	213.991
0.53125	198.247
0.69697	236.799
0.5	173.355
0.451613	142.731
0.487805	187.371
0.482759	160.611
0.575758	184.304
0.542857	170.018
0.548387	164.329
0.634146	256.757
0.677419	232.297
0.555556	150.592
0.575758	207.379
0.558824	208.173
0.592593	167.242
0.736842	236.208
0.6	195.161
0.636364	227.627
0.6	215.16
0.5625	203.224
0.6	207.615
0.611111	218.865
0.583333	214.653
0.548387	188.494
0.648649	193.287
0.555556	187.409
0.617647	197.271
0.594595	197.175
0.513514	186.07
0.612903	167.768
0.516129	201.455
0.6875	211.064
0.5	185.332
0.633333	197.651
0.625	224.775
0.552632	146.212
0.641026	206.756
0.648649	219.986
0.517241	192.759
0.560976	227.143
0.555556	207.74
0.558824	217.651
0.685714	242.194
0.611111	204.934
0.516129	192.26
0.71875	255.883
0.617647	216.162
0.485714	167.863
0.575	220.957
0.586207	205.417
0.606061	218.014
0.655172	205.519
0.473684	185.618
0.555556	170.417
0.47619	154.557
0.5	129.143
0.638889	173.009
0.65625	246.804
0.636364	172.029
0.578947	204.797
0.675676	191.133
0.533333	200.459
0.628571	195.643
0.6	206.189
0.636364	259.183
0.540541	221.305
0.46875	131.81
0.633333	213.312
0.617647	214.453
0.6	224.272
0.518519	183.325
0.527778	135.144
0.555556	203.244
0.5	195.959
0.583333	177.944
0.551724	166.505
0.606061	236.821
0.558824	220.848
0.678571	219.973
0.628571	195.12
0.566667	167.851
0.53125	144.139
0.641026	186.848
0.538462	206.949
0.571429	190.51
0.647059	238.017
0.566667	174.178
0.580645	218.947
0.527778	168.125
0.514286	190.426
0.571429	180.782
0.655172	239.65
0.558824	205.533
0.465116	183.428
0.666667	246.994
0.444444	180.621
0.52381	202.208
0.5	182.784
0.585366	192.676
0.621622	192.458
0.53125	186.403
0.657143	234.636
0.685714	240.096
0.631579	225.854
0.571429	204.48
0.542857	189.879
0.545455	192.442
0.575	204.841
0.611111	175.243
0.594595	213.134
0.588235	187.547
0.483871	161.914
0.393939	189.41
0.371429	148.533
0.382353	116.233
0.344828	126.071
0.354839	131.255
0.388889	151.756
0.292683	160.761
0.40625	181.626
0.133333	134.097
0.361111	139.735
0.387097	132.944
0.357143	141.485
0.352941	93.1665
0.30303	114.795
0.411765	195.438
0.363636	186.408
0.387097	217.407
0.322581	133.244
0.410256	191.249
0.371429	133.387
0.375	144.831
0.375	184.965
0.425	189.947
0.363636	136.616
0.382353	168.944
0.371429	93.0591
0.375	147.499
0.354839	126.246
0.36	151.446
0.361111	134.692
0.382353	150.745
0.387097	161.944
0.371429	174.339
0.371429	153.623
0.405405	174.723
0.394737	99.7497
0.368421	164.39
0.416667	130.66
0.371429	136.455
0.384615	146.137
0.371429	174.063
0.388889	161.778
0.323529	131.393
0.388889	148.284
0.37931	149.352
0.294118	129.669
0.387097	117.448
0.210526	156.825
0.405405	146.034
0.317073	123.774
0.344828	153.382
0.368421	142.077
0.37931	163.603
0.377778	157.88
0.358974	151.532
0.375	165.831
0.375	173.758
0.371429	138.181
0.387097	177.623
0.354839	141.393
0.351351	115.222
0.410256	101.489
0.358974	136.543
0.391304	142.604
0.384615	157.55
0.371429	134.737
0.394737	167.457
0.393939	163.401
0.387097	153.818
0.4	162.831
0.371429	151.275
0.382353	168.297
0.387097	112.543
0.388889	156.231
0.333333	143.346
0.388889	147.824
0.342857	117.729
0.388889	178.37
0.392857	143.325
0.361111	119.983
0.333333	151.394
0.387097	145.568
0.388889	142.485
0.236842	152.23
0.4	138.275
0.384615	192.826
0.352941	151.842
0.321429	121.227
0.371429	149.399
0.380952	162.671
0.363636	159.587
0.388889	169.399
0.37037	170.018
0.363636	124.048
0.354839	146.608
0.410256	97.1802
0.387097	154.46
0.378378	147.167
0.363636	164.457
0.361111	84.6995
0.4	137.04
0.344828	138.21
0.4	164.609
0.342105	135.381
0.388889	113.199
0.351351	181.362
0.382353	140.357
0.363636	141.782
0.35	125.451
0.366667	132.755
0.352941	130.238
0.387097	158.77
0.375	165.033
0.363636	133.394
0.388889	142.253
0.375	140.741
0.371429	120.075
0.375	150.333
0.366667	86.7756
0.333333	151.723
0.361111	137.295
0.380952	161.907
0.37931	170.118
0.375	146.915
0.388889	168.849
0.393939	176.958
0.351351	163.456
0.384615	141.202
0.388889	141.887
0.264706	116.773
0.269231	116.276
0.393939	168.297
0.375	105.811
0.357143	137.935
0.4	172.203
0.371429	161.87
0.384615	120.092
0.387097	138.636
0.387097	146.39
0.366667	167.714
0.361111	141.089
0.371429	157.283
0.344828	150.911
0.387097	184.646
0.357143	125.976
0.363636	185.79
0.3	123.118
0.37037	170.944
0.407407	171.091
0.375	143.771
0.361111	167.619
0.388889	172.864
0.354839	77.5113
0.371429	154.37
0.375	144.589
0.37931	116.765
0.35	158.959
0.37931	141.676
0.371429	172.279
0.357143	110.472
0.25	79.9625
0.342105	159.537
0.4	184.635
0.384615	170.171
0.323529	134.127
0.387097	152.702
0.387097	181.593
0.387097	173.528
0.354839	152.112
0.375	137.811
0.365854	108.083
0.3125	163.658
0.366667	147.54
0.392857	172.29
0.410256	175.727
0.366667	152.545
0.4	150.771
0.394737	173.211
0.384615	191.175
0.37037	150.193
0.387097	193.324
0.371429	155.917
0.361111	138.376
0.387097	192.536
0.363636	137.077
0.387097	170.898
0.375	169.653
0.357143	155.75
0.421053	162.031
0.387097	119.825
0.354839	131.856
0.32	122.687
0.342857	129.074
0.323529	117.915
0.393939	107.601
0.388889	191.656
0.375	148.869
0.37037	159.028
0.333333	154.071
0.352941	195.064
0.472222	171.19
0.575758	199.464
0.606061	181.052
0.514286	165.813
0.578947	239.604
0.555556	172.824
0.514286	195.177
0.485714	190.95
0.583333	173.407
0.625	195.172
0.685714	231.819
0.540541	204.245
0.605263	227.671
0.594595	189.605
0.533333	164.645
0.566667	197.444
0.625	189.51
0.540541	198.766
0.558824	202.302
0.611111	208.351
0.548387	221.201
0.625	220.885
0.641026	213.944
0.705882	200.709
0.564103	235.019
0.525	193.83
0.552632	187.569
0.571429	184.304
0.538462	175.157
0.677419	232.856
0.606061	212.174
0.617647	180.083
0.588235	222.886
0.515152	155.531
0.517241	189.193
0.6	231.832
0.588235	213.995
0.589744	229.752
0.53125	189.42
0.451613	155.351
0.529412	170.792
0.5625	177.904
0.55	225.934
0.5	181.808
0.5	193.282
0.571429	190.809
0.625	207.017
0.731707	241.773
0.689655	217.633
0.580645	197.798
0.631579	236.119
0.628571	227.499
0.5	177.465
0.447368	144.983
0.552632	204.123
0.666667	229.465
0.5	222.347
0.606061	201.132
0.636364	195.786
0.611111	217.099
0.567568	195.197
0.5	224.254
0.677419	202.633
0.5625	171.593
0.56	189.262
0.538462	172.186
0.735294	226.976
0.645161	208.293
0.484848	182.11
0.588235	223.464
0.657143	216.942
0.594595	236.254
0.542857	176.669
0.636364	197.15
0.676471	246.223
0.529412	198.02
0.606061	241.384
0.5	227.046
0.571429	220.78
0.545455	179.46
0.37931	145.794
0.666667	223.499
0.526316	192.577
0.558824	187.633
0.611111	207.88
0.576923	161.691
0.6	172.766
0.621622	219.868
0.515152	202.237
0.605263	211.533
0.542857	180.505
0.606061	192.65
0.6875	195.141
0.538462	212.8
0.607143	186.917
0.5	170.704
0.641026	216.929
0.514286	139.341
0.575758	200.689
0.514286	229.059
0.575758	206.49
0.636364	203.627
0.647059	225.73
0.645161	220.209
0.55	179.878
0.472222	193.355
0.540541	170.98
0.6	213.063
0.459459	154.136
0.45	180.61
0.586207	201.336
0.6	195.279
0.567568	193.794
0.636364	223.58
0.5	170.652
0.542857	185.289
0.540541	153.278
0.575758	184.624
0.583333	206.664
0.666667	202.193
0.59375	212.702
0.71875	249.355
0.6875	252.028
0.526316	176.261
0.513514	172.186
0.666667	244.904
0.628571	215.239
0.647059	221.932
0.555556	186.778
0.578947	209.705
0.617647	227.227
0.538462	199.7
0.578947	159.418
0.5	183.88
0.617647	196.178
0.612903	219.281
0.588235	201.007
0.617647	195.412
0.59375	204.46
0.545455	193.799
0.555556	167.66
0.633333	211.485
0.648649	180.599
0.583333	222.392
0.588235	198.202
0.647059	231.054
0.8	245.504
0.612903	210.846
0.558824	190.536
0.666667	218.925
0.527778	162.745
0.526316	191.692
0.631579	217.486
0.615385	238.47
0.6	219.463
0.594595	215.931
0.535714	208.355
0.540541	207.774
0.594595	229.351
0.625	241.097
0.594595	209.771
0.619048	221.675
0.628571	178.269
0.621622	231.547
0.837838	243.926
0.621622	202.48
0.611111	237.495
0.5625	185.348
0.588235	199.504
0.567568	205.392
0.6	218.248
0.647059	208.945
0.677419	213.743
0.5	176.731
0.625	184.564
0.709677	224.664
0.636364	175.704
0.535714	191.818
0.515152	184.851
0.583333	213.677
0.69697	222.288
0.617647	183.831
0.764706	235.321
0.666667	221.829
0.605263	218.248
0.617647	211.353
0.444444	210.129
0.516129	173.309
0.538462	212.603
0.676471	164.675
0.5	203.657
0.65625	195.402
0.566667	187.366
0.583333	172.777
0.65625	209.762
0.59375	214.318
0.714286	240.57
0.486486	171.901
0.416667	119.675
0.545455	176.997
0.393939	131.065
0.354839	143.094
0.233333	93.9042
0.393939	177.003
0.342857	134.759
0.342857	112.437
0.4	196.997
0.407407	124.33
0.371429	119.382
0.382353	151.598
0.378378	152.184
0.382353	162.972
0.314286	162.031
0.34375	117.149
0.382353	206.116
0.216216	115.412
0.382353	124.193
0.382353	123.369
0.368421	149.947
0.333333	174.814
0.352941	154.654
0.352941	139.828
0.352941	152.99
0.382353	146.075
0.371429	141.096
0.388889	202.252
0.354839	180.25
0.361111	130.645
0.358974	130.637
0.37037	161.245
0.382353	188.165
0.333333	149.66
0.382353	154.032
0.382353	192.213
0.305556	150.22
0.352941	142.674
0.368421	165.106
0.371429	147.268
0.37037	149.76
0.363636	169.617
0.382353	112.561
0.375	152.072
0.357143	124.812
0.344828	133.004
0.297297	118.491
0.3	107.285
0.357143	122.955
0.393939	134.134
0.390244	155.055
0.285714	73.7835
0.387097	152.118
0.407407	121.581
0.344828	135.654
0.4	119.683
0.382353	188.239
0.307692	115.793
0.37037	174.046
0.393939	164.037
0.366667	149.057
0.344828	137.375
0.378378	153.525
0.294118	171.645
0.371429	115.542
0.388889	160.156
0.363636	129.761
0.314286	129.923
0.388889	177.37
0.388889	151.592
0.357143	157.981
0.382353	144.534
0.352941	182.066
0.305556	159.781
0.354839	154.298
0.344828	110.417
0.352941	139.061
0.375	175.522
0.394737	142.632
0.382353	163.273
0.378378	172.366
0.387097	172.023
0.361111	125.539
0.4	203.98
0.394737	177.725
0.366667	125.02
0.378378	138.268
0.357143	101.183
0.37037	180.571
0.375	148.95
0.378378	131.24
0.382353	165.493
0.371429	133.394
0.314286	111.023
0.34375	132.936
0.333333	125.507
0.382353	170.663
0.40625	145.079
0.387097	161.654
0.354839	165.686
0.363636	112.765
0.258065	169.906
0.37931	163.921
0.378378	115.646
0.371429	150.293
0.354839	116.362
0.382353	176.771
0.393939	194.206
0.388889	119.323
0.34375	182.614
0.378378	118.979
0.333333	138.521
0.392857	143.826
0.4	153.76
0.382353	168.315
0.342105	98.2548
0.323529	159.875
0.378378	180.748
0.37931	148.425
0.390244	142.759
0.324324	109.471
0.307692	173.482
0.357143	200.998
0.34375	155.28
0.342857	118.076
0.393939	169.505
0.257143	155.531
0.393939	148.701
0.393939	159.06
0.361111	171.003
0.4	162.972
0.322581	167.887
0.4	171.977
0.333333	174.115
0.392857	167.177
0.361111	123.053
0.375	124.619
0.382353	159.606
0.371429	107.014
0.361111	128.421
0.352941	124.595
0.315789	147.946
0.394737	167.392
0.228571	108.351
0.371429	145.19
0.375	163.866
0.382353	149.593
0.354839	149.88
0.344828	154.46
0.387097	170.57
0.34375	111.821
0.393939	173.822
0.393939	163.585
0.322581	148.849
0.4	211.731
0.375	124.451
0.365854	128.553
0.344828	153.825
0.323529	126.159
0.388889	175.425
0.363636	148.923
0.387097	170.1
0.322581	170.423
0.363636	167.696
0.366667	123.677
0.388889	141.046
0.393939	155.897
0.277778	128.934
0.37037	165.3
0.371429	161.32
0.371429	123.426
0.344828	115.991
0.354839	145.788
0.333333	146.656
0.371429	143.868
0.354839	152.67
0.393939	149.947
0.382353	184.819
0.40625	166.126
0.405405	145.801
0.387097	186.494
0.371429	134.67
0.393939	151.301
0.368421	129.9
0.380952	114.839
0.375	170.909
0.361111	137.164
0.363636	131.004
0.363636	150.419
0.322581	126.98
0.366667	133.813
0.375	138.86
0.375	109.627
0.361111	150.672
0.357143	152.82
0.290323	126.941
0.352941	130.154
0.371429	124.764
0.388889	166.565
0.322581	141.152
0.388889	171.102
0.405405	187.851
0.657143	215.754
0.545455	211.981
0.529412	181.896
0.432432	120.366
0.4375	183.973
0.645161	231.119
0.606061	194.844
0.571429	185.898
0.69697	251.336
0.571429	186.317
0.628571	230.807
0.473684	180.748
0.575	176.816
0.5	172.76
0.548387	214.546
0.628571	211.962
0.552632	217.173
0.5625	224.076
0.566667	189.198
0.657143	237.945
0.62069	187.425
0.542857	206.364
0.606061	219.486
0.571429	193.37
0.657143	241.603
0.628571	221.815
0.625	195.305
0.567568	202.01
0.675676	261.285
0.791667	245.239
0.647059	236.918
0.585366	217.821
0.454545	186.29
0.594595	232.017
0.527778	207.34
0.625	184.255
0.575758	198.121
0.55	184.732
0.514286	179.07
0.529412	196.703
0.647059	207.764
0.647059	231.508
0.53125	170.98
0.536585	204.494
0.542857	159.286
0.62069	199.309
0.514286	198.952
0.588235	207.176
0.689655	245.504
0.65625	197.094
0.636364	194.51
0.512821	195.32
0.617647	229.002
0.6	222.311
0.648649	188.823
0.59375	212.861
0.621622	194.582
0.611111	223.016
0.555556	201.658
0.53125	137.222
0.516129	209.557
0.555556	192.421
0.586207	198.353
0.516129	209.012
0.6	195.714
0.55	169.971
0.575758	187.808
0.6	207.798
0.617647	224.134
0.621622	218.128
0.636364	183.772
0.545455	212.099
0.551724	183.352
0.424242	169.115
0.5625	183.03
0.7	249.351
0.533333	156.64
0.657143	220.404
0.487179	186.633
0.542857	210.571
0.564103	213.49
0.648649	246.597
0.607143	181.846
0.545455	187.003
0.514286	186.134
0.552632	158.114
0.6	224.049
0.575	196.056
0.53125	199.103
0.606061	191.588
0.611111	225.876
0.5	175.123
0.636364	211.925
0.617647	215.968
0.606061	217.504
0.647059	217.495
0.694444	259.438
0.548387	195.826
0.628571	191.405
0.625	223.078
0.676471	251.237
0.65625	227.412
0.625	185.165
0.538462	193.21
0.583333	205.883
0.575758	209.203
0.529412	161.703
0.594595	214.802
0.484848	163.052
0.538462	177.561
0.738095	241.16
0.677419	218.943
0.605263	211.599
0.647059	237.023
0.5	180.854
0.633333	199.399
0.552632	180.067
0.555556	193.902
0.586207	195.637
0.571429	214.663
0.566667	208.749
0.677419	209.843
0.689655	190.305
0.540541	173.066
0.513514	207.485
0.529412	201.817
0.540541	225.867
0.594595	219.153
0.527778	197.778
0.740741	225.557
0.542857	192.837
0.5625	176.924
0.657143	224.062
0.611111	197.459
0.657143	228.604
0.621622	231.417
0.6	181.483
0.529412	192.016
0.588235	204.597
0.564103	224.678
0.484848	179.533
0.583333	234.602
0.606061	205.197
0.433333	116.499
0.685714	236.554
0.5625	240.341
0.583333	225.996
0.625	231.849
0.69697	213.612
0.526316	176.59
0.6	218.925
0.6	224.138
0.612903	218.728
0.512821	175.477
0.594595	157.861
0.594595	212.96
0.555556	186.853
0.545455	166.463
0.628571	234.363
0.758621	234.06
0.5625	197.737
0.512195	140.193
0.685714	216.823
0.555556	186.922
0.538462	188.298
0.6875	218.792
0.540541	166.649
0.633333	216.185
0.558824	229.97
0.6	217.039
0.515152	183.532
0.52381	139.828
0.558824	182.434
0.6	208.25
0.472222	175.146
0.529412	202.114
0.588235	185.93
0.735294	243.557
0.606061	225.739
0.628571	200.135
0.628571	212.123
0.621622	202.381
0.605263	217.32
0.625	218.032
0.454545	163.236
0.5	167.009
0.566667	168.594
0.62069	232.787
0.5	164.469
0.435897	164.918
0.666667	234.218
0.6	210.371
0.575758	210.471
0.457143	152.99
0.625	208.178
0.583333	213.696
0.621622	216.25
0.621622	228.491
0.612903	178.101
0.666667	210.979
0.375	156.914
0.125	104.633
0.333333	123.782
0.411765	165.384
0.387097	121.145
0.375	112.898
0.405405	127.216
0.357143	129.592
0.378378	150.798
0.375	154.99
0.388889	132.348
0.352941	94.2974
0.363636	137.317
0.393939	163.095
0.342857	167.511
0.384615	164.615
0.354839	144.997
0.388889	152.23
0.366667	183.554
0.37931	156.952
0.375	142.225
0.384615	177.082
0.388889	134.037
0.387097	152.683
0.354839	141.082
0.322581	119.181
0.354839	117.61
0.324324	161.233
0.387097	141.209
0.352941	131.476
0.382353	178.65
0.354839	142.597
0.366667	148.182
0.378378	156.096
0.371429	123.004
0.394737	111.517
0.363636	151.822
0.4	134.625
0.368421	155.923
0.357143	179.922
0.4	112.783
0.344828	148.155
0.342857	131.393
0.307692	112.526
0.388889	132.023
0.387097	166.175
0.37931	173.989
0.382353	163.499
0.384615	195.423
0.366667	125.443
0.361111	130.514
0.405405	142.745
0.354839	115.776
0.354839	156.888
0.371429	143.08
0.34375	127.499
0.382353	114.184
0.371429	168.208
0.361111	132.936
0.375	151.308
0.393939	170.476
0.37931	134.127
0.418605	149.62
0.382353	146.485
0.37931	130.085
0.4	177.77
0.354839	130.023
0.387097	151.122
0.390244	139.327
0.15625	79.4355
0.382353	126.143
0.388889	181.923
0.342857	133.447
0.351351	154.958
0.382353	172.662
0.378378	134.826
0.333333	149.613
0.361111	131.37
0.354839	157.353
0.323529	105.736
0.382353	188.473
0.333333	113.525
0.361111	126.293
0.34375	147.486
0.358974	174.837
0.410256	170.974
0.354839	90.2441
0.388889	133.432
0.378378	164.639
0.354839	146.506
0.354839	94.5621
0.344828	122.36
0.366667	142.042
0.366667	124.74
0.375	186.312
0.405405	150.033
0.410256	155.461
0.37037	138.499
0.361111	176.533
0.405405	146.137
0.40625	184.375
0.354839	144.278
0.363636	173.315
0.371429	128.631
0.405405	149.953
0.363636	154.039
0.351351	165.723
0.4	128.335
0.34375	149.385
0.384615	170.282
0.366667	120.108
0.375	153.291
0.363636	164.079
0.333333	115.456
0.371429	147.885
0.352941	132.114
0.393939	147.567
0.387097	127.671
0.394737	168.855
0.361111	137.361
0.361111	159.631
0.34375	153.799
0.352941	122.866
0.214286	113.172
0.382353	132.25
0.378378	151.017
0.375	160.537
0.333333	109.27
0.366667	156.882
0.395349	178.41
0.314286	119.825
0.382353	131.034
0.394737	157.677
0.333333	134.075
0.375	163.689
0.387097	159.537
0.361111	140.428
0.371429	188.324
0.382353	151.941
0.371429	160.406
0.393939	154.467
0.4	168.476
0.357143	126.602
0.375	146.11
0.375	138.268
0.323529	189.008
0.387097	142.31
0.4	164.572
0.393939	147.669
0.387097	160.786
0.315789	111.176
0.342105	162.382
0.384615	157.785
0.361111	143.715
0.375	180.638
0.354839	118.017
0.357143	99.7296
0.28125	135.846
0.358974	166.871
0.388889	142.583
0.388889	175.699
0.384615	125.944
0.378378	146.867
0.388889	181.51
0.351351	147.966
0.382353	164.948
0.405405	154.745
0.363636	150.459
0.342857	178.673
0.366667	117.533
0.342857	130.698
0.323529	160.424
0.363636	109.133
0.34375	126.854
0.361111	145.41
0.4	148.176
0.366667	127.201
0.363636	143.778
0.25641	158.044
0.382353	130.729
0.37931	175.932
0.371429	106.151
0.342857	109.426
0.404762	133.244
0.354839	136.499
0.4	168.41
0.34375	147.207
0.382353	143.854
0.409091	152.761
0.387097	88.7694
0.375	152.525
0.387097	142.26
0.366667	147.959
0.395349	181.29
0.363636	150.785
0.333333	115.447
0.382353	149.807
0.375	118.381
0.366667	161.382
0.371429	124.796
0.75	236.466
0.5625	182.855
0.694444	201.266
0.558824	182.302
0.53125	184.391
0.487805	189.974
0.705882	249.419
0.605263	178.93
0.394737	164.378
0.615385	225.402
0.588235	218.618
0.575	194.494
0.621622	223.728
0.488372	173.563
0.5	155.634
0.666667	228.482
0.647059	200.644
0.6875	218.183
0.454545	176.567
0.540541	210.014
0.5625	183.243
0.7	221.174
0.580645	209.59
0.631579	162.966
0.710526	234.188
0.485714	208.562
0.657895	228.346
0.589744	193.215
0.583333	219.039
0.645161	238.029
0.515152	185.65
0.583333	193.861
0.540541	167.678
0.527778	177.674
0.513514	202.692
0.611111	212.603
0.571429	164.28
0.685714	215.142
0.621622	238.202
0.555556	242.099
0.682927	239.825
0.55	199.118
0.515152	203.032
0.552632	202.978
0.647059	220.218
0.6	234.926
0.631579	224.031
0.677419	205.407
0.594595	179.416
0.65625	208.245
0.428571	147.438
0.65625	213.157
0.558824	169.163
0.6	173.684
0.5625	187.158
0.545455	224.775
0.657895	183.717
0.526316	210.974
0.575758	215.323
0.666667	232.796
0.777778	253.972
0.5	166.823
0.583333	162.843
0.709677	252.452
0.53125	171.872
0.516129	213.574
0.641026	232.813
0.714286	240.554
0.621622	237.053
0.65	159.887
0.551724	169.169
0.625	207.36
0.583333	222.347
0.59375	183.695
0.529412	176.46
0.529412	173.344
0.571429	199.96
0.567568	208.259
0.727273	222.823
0.617647	219.021
0.638889	243.631
0.606061	212.014
0.763158	232.435
0.545455	204.377
0.617647	210.808
0.487179	222.441
0.6	207.663
0.545455	196.555
0.609756	181.609
0.571429	205.636
0.72973	247.504
0.571429	204.499
0.555556	203.544
0.555556	188.308
0.541667	197.788
0.645161	204.269
0.633333	196.987
0.59375	191.128
0.694444	201.524
0.5625	173.396
0.636364	229.26
0.6	235.652
0.628571	213.645
0.628571	221.946
0.46875	158.852
0.540541	203.258
0.617647	192.588
0.697674	229.939
0.583333	209.752
0.558824	197.864
0.567568	203.381
0.594595	163.034
0.655172	195.98
0.694444	232.164
0.742857	221.097
0.486486	148.6
0.454545	205.815
0.571429	215.611
0.527778	195.085
0.580645	175.499
0.583333	211.282
0.586207	187.195
0.53125	185.483
0.555556	200.21
0.621622	223.329
0.652174	198.005
0.617647	197.661
0.564103	207.379
0.527778	217.573
0.538462	213.93
0.472222	179.956
0.484848	155.428
0.514286	181.279
0.611111	168.642
0.526316	189.204
0.5	226.83
0.633333	161.258
0.5	175.585
0.53125	154.097
0.677419	218.197
0.631579	192.935
0.606061	228.727
0.548387	194.433
0.567568	193.67
0.594595	177.938
0.702703	245.402
0.594595	213.911
0.5625	164.53
0.62963	228.583
0.645161	224.089
0.5	169.564
0.666667	221.468
0.666667	209.313
0.588235	189.552
0.515152	166.175
0.512195	209.6
0.657895	212.871
0.514286	171.038
0.552632	197.469
0.529412	190.819
0.545455	171.453
0.617647	216.758
0.636364	218.87
0.470588	196.947
0.642857	213.481
0.648649	211.405
0.5	150.824
0.529412	174.688
0.714286	202.864
0.527778	182.324
0.465116	169.747
0.552632	178.46
0.413793	163.481
0.551724	166.883
0.628571	230.911
0.612903	197.57
0.548387	193.07
0.709677	218.705
0.583333	195.796
0.634146	213.939
0.55	201.742
0.642857	216.236
0.526316	189.51
0.441176	140.734
0.543478	176.748
0.472222	142.906
0.571429	203.052
0.485714	137.383
0.5625	178.494
0.517241	187.973
0.609756	208.926
0.513514	219.217
0.647059	197.494
0.588235	187.104
0.542857	187.174
0.548387	183.625
0.552632	188.467
0.454545	155.242
0.615385	204.778
0.564103	193.256
0.371429	159.531
0.25	127.609
0.323529	144.665
0.366667	172.192
0.382353	134.907
0.393939	149.111
0.366667	152.846
0.382353	132.68
0.166667	105.896
0.4	162.105
0.382353	116.653
0.354839	103.952
0.371429	108.821
0.363636	132.476
0.382353	179.488
0.361111	131.149
0.392857	157.987
0.378378	136.96
0.393939	139.614
0.321429	139.864
0.40625	138.159
0.366667	132.891
0.384615	123.564
0.361111	119.256
0.387097	149.138
0.375	158.751
0.363636	149.76
0.4	165.511
0.363636	137.106
0.363636	168.077
0.351351	107.722
0.414634	154.37
0.40625	178.051
0.321429	131.248
0.25	126.27
0.333333	156.103
0.375	194.17
0.25641	133.918
0.405405	170.974
0.366667	144.838
0.352941	124.33
0.275	143.269
0.363636	136.301
0.375	158.89
0.393939	205.548
0.378378	150.286
0.378378	159.179
0.390244	162.111
0.4	129.576
0.388889	170.64
0.366667	129.738
0.305556	59.6992
0.25	106.574
0.387097	178.376
0.394737	157.436
0.378378	139.27
0.323529	102.791
0.352941	178.589
0.27027	145.904
0.34375	130.736
0.333333	136.901
0.387097	143.353
0.34375	129.53
0.363636	135.949
0.375	113.877
0.393939	166.739
0.371429	160.175
0.387097	121.992
0.387097	158.228
0.315789	164.39
0.371429	154.738
0.393939	138.072
0.322581	91.6515
0.410256	130.115
0.333333	147.953
0.390244	116
0.357143	117.439
0.382353	181.505
0.393939	164.262
0.333333	120.125
0.375	153.629
0.34375	150.844
0.366667	158.24
0.363636	144.872
0.342857	143.422
0.411765	117.644
0.382353	150.107
0.35	148.007
0.40625	132.257
0.352941	160.293
0.394737	132.076
0.366667	169.121
0.382353	117.966
0.393939	195.12
0.28125	110.136
0.394737	129.221
0.371429	168.178
0.354839	118.55
0.216216	106.836
0.375	130.522
0.375	199.8
0.371429	170.921
0.387097	179.544
0.371429	137.317
0.34375	104.728
0.342857	115.991
0.34375	133.319
0.37931	155.396
0.371429	141.619
0.366667	120.574
0.388889	161.611
0.382353	133.162
0.387097	151.565
0.393939	128.312
0.3	99.8699
0.393939	159.129
0.363636	128.437
0.371429	153.981
0.357143	131.757
0.393939	202.712
0.375	118.262
0.272727	145.066
0.363636	134.201
0.354839	111.113
0.344828	102.245
0.366667	135.189
0.375	178.067
0.375	146.997
0.352941	131.719
0.3125	120.283
0.371429	134.536
0.354839	159.022
0.354839	108.204
0	0
0.37931	167.929
0.393939	169.499
0.352941	136.044
0.25	137.434
0.333333	136.33
0.27027	124.346
0.387097	100.866
0.34375	157.715
0.37931	154.68
0.393939	112.836
0.393939	179.142
0.34375	130.499
0.352941	110.191
0.354839	128.631
0.375	166.589
0.394737	125.236
0.387097	132.936
0.363636	120.632
0.322581	130.79
0.352941	168.588
0.375	155.814
0.305556	119.908
0.363636	109.087
0.323529	127.891
0.371429	133.851
0.387097	146.328
0.357143	126.61
0.322581	143.694
0.393939	177.223
0.375	145.856
0.375	149.265
0.388889	187.04
0.361111	139.241
0.414634	121.491
0.342857	137.047
0.342105	198.045
0.35	156.652
0.352941	136.029
0.375	146.561
0.4	123.531
0.342857	133.91
0.324324	122.172
0.37931	174.138
0.363636	137.862
0.333333	139.104
0.305556	151.519
0.3125	118.474
0.333333	113.798
0.366667	180.986
0.333333	128.833
0.382353	153.271
0.382353	178.595
0.378378	131.575
0.405405	151.756
0.393939	199.299
0.305556	137.368
0.375	140.684
0.351351	139.821
0.375	109.836
0.382353	163.444
0.392857	186.188
0.387097	163.829
0.405405	113.049
0.314286	167.398
0.354839	135.934
0.361111	150.266
