649.411	282.924
421.001	76.0658
379.766	79.2969
621.926	277.906
667.525	277.971
482.928	85.3346
447.518	81.6456
367.889	53.3292
640.298	280.574
341.154	50.04
536.209	268.574
484.483	100.3
589.609	273.503
538.871	117.158
528.213	107.191
470.16	67.6314
629.499	277.005
388.763	59.9166
478.273	89.9111
622.468	280.218
359.637	66.4229
623.891	278.722
316.558	61.79
469.278	98.2548
495.909	85.7205
674.532	284.457
431.572	80.895
394.505	62.2093
616.067	273.85
582.088	123.458
603.776	274.489
510.769	103.305
425.295	63.3719
543.819	120.756
578.74	277.975
463.146	90.9945
667.326	278.245
681.357	267.97
473.448	78.2176
487.153	93.6696
527.687	99.1564
382.879	62.7535
582.069	265.413
640.74	281.286
611.169	279.771
612.02	270.126
621.127	273.35
503.208	110.2
596.049	197.843
645.546	275.59
654.464	277.996
653.899	284.289
644.613	282.924
403.557	91.2798
506.488	100.09
594.003	259.21
521.485	111.301
338.282	43.4051
603.175	259.291
465.506	69.6419
399.929	61.3677
415.684	78.9304
537.339	105.546
353.2	48.7032
447.169	75.6835
402.491	83.2466
672.218	281.677
462.747	100.509
522.874	116.078
583.694	266.481
497.74	112.641
567.204	255.5
547.287	134.358
612.674	273.631
391.889	60.3656
539.342	91.3783
560.983	245.243
637.001	278.342
635.943	278.794
461.795	103.45
677.989	278.27
455.82	63.7652
383.204	67.4389
647.409	284.275
552.681	149.178
567.336	110.517
664.54	280.179
652.878	277.373
585.091	259.988
455.159	81.5966
488.666	95.7497
657.407	285.002
357.251	54.827
396.11	81.1911
653.982	287.019
593.846	279.696
683.95	286.308
493.929	106.902
345.563	57.9828
480.08	96.7988
410.657	52.1344
647.352	273.66
407.513	78.0641
686.367	283.887
493.312	117.312
693.783	286.936
682.275	279.403
446.947	79.3473
560.263	276.072
644.344	255.664
424.338	89.521
283.429	49.4571
578.038	269.203
627.226	271.912
422.967	82.7526
651.536	274.729
634.111	278.79
646.951	282.906
371.043	55.7674
621.764	278.079
376.871	61.3188
590.29	276.572
676.781	277.023
243.105	35.2136
641.937	285.026
626.483	281.446
668.76	282.747
439.147	73.8377
495.695	94.6361
493.927	113.71
551.851	278.701
438.362	102.45
618.691	276.662
671.69	274.809
653.553	279.743
463.372	81.878
592.413	264.685
655.172	276.521
698.593	278.887
619.748	282.22
595.804	267.615
605.797	276.633
513.978	155.048
524.987	91.9674
627.912	280.157
600.738	272.698
256.726	45.4092
661.545	272.995
363.764	50.5371
493.505	122.327
660.444	279.131
572.106	270.588
590.739	274.835
519.044	90.5759
465.769	96.5816
452.964	75.4586
478.236	83.2466
428.552	80.2372
430.045	54.4977
495.721	85.6855
534.224	93.2094
510.367	107.275
476.49	102.137
645.527	279.979
401.597	63.0872
418.073	70.5833
690.147	280.096
407.185	60.564
385.482	69.4838
479.907	91.433
620.714	278.212
640.152	277.226
654.583	284.616
617.841	277.106
473.584	100.995
620.309	267.051
442.258	82.9819
605.236	279.03
469.921	99.91
428.349	81.6701
638.59	276.836
606.117	286.14
451.769	85.9884
552.251	109.572
623.76	270.407
558.473	270.492
556.21	115.464
640.045	277.337
391.876	66.1816
494.552	71.7635
674.827	281.258
578.51	263.397
635.047	281.119
656.179	277.391
429.869	82.3043
650.04	281.436
558.734	275.92
631.272	280.774
528.333	100.698
553.509	255.343
207.08	33.9706
170.35	29.2575
167.206	24.1661
261.63	41.6653
209.244	23.3238
315.877	70
275.509	41.9524
305.234	43.4741
217.956	36.5787
299.145	41.2795
267.894	45.913
232.334	44.4972
271.286	43.382
279.693	44.1135
197.821	18
317.918	59.3633
282.841	42.0476
292.778	43.8406
218.968	30.7246
225.557	38.5746
318.702	56.4447
344.147	79.6618
211.858	34.1174
251.786	36.2767
263.3	43.2435
200.489	26.4953
323.289	54.3691
199.572	26.0768
266.254	41.7612
234.77	33.8526
191.779	23.7065
231.426	39.95
285.736	51.5558
287.064	48.9285
303.816	41.8091
321.05	58.6345
320.595	45.6727
306.106	66.8281
202.314	26
126.807	21.3542
244.346	41.9524
321.366	70.342
267.688	41.2311
259.232	40.025
260.069	37.0135
280.116	49.295
241.104	34.2053
225.022	42.332
182.581	26.9815
310.156	67.3647
272.215	38.9358
99.3579	13.4164
279.106	60.5805
310.78	38.8072
304.248	60.8441
284.456	30.4959
239.902	36.0555
268.401	31.6228
258.364	47.0319
169.717	32.0312
184.472	24.1661
282.383	59.2284
165.303	26.0384
227.275	31.7175
249.353	45.3211
266.558	34.6121
353.977	47.9375
236.235	37.4433
252.788	32.3728
236.485	31.0483
238.678	31.6544
293.3	52.7067
240.452	41.1582
192.382	33.0454
284.872	44.4072
310.405	38.7298
178.309	29.5635
278.526	31.3688
237.868	41.3521
235.674	33.5559
303.603	50.5173
266.254	50.7937
301.242	47.9583
275.884	42.9884
177.992	17.0294
181.797	19.4936
247.98	25.3772
0	0
251.835	82.7526
291.355	41.3038
299.651	68.7168
242.297	51.672
305.102	68.8767
258.368	59.8665
245.141	28.8097
251.169	35.4401
203.069	26.9072
256.328	32.6803
327.358	102.587
271.818	37.0405
274.885	35.3836
324.224	49.3356
250.13	34.3802
316.459	51.1077
321.852	58.8897
246.388	35.5528
339.427	65.5896
208.002	29.4958
257.002	36.5513
214.923	19.5448
284.278	39.724
317.339	55.5698
310.477	48.9898
209.809	32.1248
331.448	63.1189
253.88	46.9894
246.232	43.795
258.081	33.3167
215.539	24.8193
274.645	37.8418
341.807	63.7809
311.934	49.2544
309.521	62.0161
263.638	48.3322
353.747	71.6659
274.022	40.5216
255.986	48.7647
287.785	55.9821
244.733	47.7493
294.163	40.8412
338.675	52.9906
267.666	53.5724
288.725	44.0454
312.482	60.531
243.504	33.4963
299.965	55.9821
264.934	44.833
250.771	37.9473
277.672	44.5421
328.781	57.0088
133.128	19.799
247.724	45.4092
272.681	38
339.214	52.4786
235.049	36
297.503	43.4051
279.677	47.8957
314.582	46.9681
267.955	48.4149
306.183	55.8211
295.628	49.8799
314.989	50.5371
266.501	43.1509
316.315	52.6498
262.073	28.5657
235.987	38.4448
170.605	23.4521
331.316	53.5537
296.731	42.2374
238.458	39.4968
313.901	60.5145
327.157	49.1935
220.107	24.3721
256.205	38.2361
251.877	40.2492
301.055	55.0999
353.736	57.5847
313.158	56.9912
303.626	40.8656
212.422	36.8782
276.043	49.8799
291.264	34.6699
258.081	53.3292
278.151	39.598
109.092	14.7648
298.824	46.5403
199.048	21.4009
199.281	25.219
303.702	52.2111
334.138	62.3057
201.194	30.8221
229.809	33.7935
273.015	42.2374
148.486	26.3439
298.905	42.0951
214.318	44.4297
265.189	39.3192
208.394	41.3038
284.54	36.9594
252.563	45.5631
300.551	48.3529
303.776	56.6745
255.317	44.5421
215.339	25.4951
328.463	65.6658
333.796	84.3564
222.56	39.7744
193.399	35.6371
245.473	28.5307
210.488	25.7294
412.553	65.3758
600.556	273.452
378.799	73.1847
669.668	284.703
464.234	103.846
433.067	69.8713
434.139	45.1885
400.147	63.8279
412.465	86.8562
390.679	93.9468
485.636	100.717
592.91	254.657
604.441	270.536
503.241	80.1998
637.617	285.002
473.049	106.038
620.807	276.485
413.946	63.8436
518.152	102.186
416.287	75.1931
303.649	28.3196
642.245	275.26
381.3	66.7383
615.263	254.244
615.234	274.565
644.67	280.378
493.752	104.029
628.952	276.677
430.957	68.5274
562.057	273.974
419.574	69.152
691.305	283.514
511.031	118.727
512.296	116.722
448.846	82.0488
693.763	279.052
618.67	279.059
578	268.745
424.72	62.466
652.493	270.677
611.329	278.155
557.221	266.458
662.03	286.43
543.494	137.615
659.573	280.121
440.56	82.0366
599.088	271.503
660.131	280.98
667.98	282.269
653.757	279.041
514.944	100.439
560.946	123.677
548.636	141.082
486.849	82.3165
364.181	51.8459
602.91	273.993
615.033	271.555
647.163	279.038
586.527	272.125
587.522	275.278
379.091	62.7694
653.592	275.136
401.665	74.3102
358.536	52.5738
500.781	122.882
650.525	281.151
665.491	278.693
626.005	279.954
340.461	66.2269
546.113	260.3
454.15	73.9459
338.157	38.6523
632.742	274.361
639.005	281.393
501.344	132.015
620.681	269.459
662.025	280.98
659.044	286.091
500.483	95.247
586.775	267.406
620.749	275.645
644.714	275.053
647.63	279.156
506.453	105.005
562.991	261.033
395.8	92.0869
610.372	281.851
538.955	269.511
623.967	277.59
496.929	111.964
327.852	49.8799
446.163	79.0569
476.354	111.149
358.882	54.074
510.627	115.681
314.388	43.9545
600.049	282.326
451.732	71.5542
465.497	104.537
543.55	264.945
454.639	65.5896
600.274	267.526
628.174	282.592
574.628	248.66
532.322	104.556
453.262	82.0975
410.931	62.7375
574.294	247.156
473.456	82.28
395.17	48.3115
594.088	130.177
640.488	280.945
590.885	268.145
639.555	274.816
510.484	106.602
426.836	81.2034
443.964	63.6082
529.909	106.433
551.806	259.708
358.508	56.7979
498.672	81.6578
651.873	279.571
533.958	270.304
570.331	114.026
622.913	272.657
576.056	271.72
580.091	272.591
615.244	277.117
611.575	270.928
612.105	133.963
405.577	63.4035
660.638	281.844
564.222	273.613
463.848	101.509
667.891	282.471
480.841	85.2408
691.537	282.432
637.851	283.485
622.794	272.628
570.05	272.367
623.586	242.524
611.251	273.361
396.565	60.2993
560.884	267.219
639.295	275.822
541.075	134.484
430.963	98.3667
466.36	111.337
525.802	123.045
631.312	259.311
671.139	276.449
657.876	281.833
346.797	47.7703
511.098	121.729
401.634	53.479
427.413	75.9342
309.105	38.1576
569.414	273.251
504.034	134.142
593.241	276.38
398.709	73.0342
659.118	276.854
577.556	277.153
503.629	96.2497
423.755	61.709
411.08	53.3292
587.047	109.772
638.013	280.036
629.439	280.075
607.487	275.234
629.207	279.038
664.441	280.332
474.837	82.8372
590.628	111.902
593.585	274.336
587.694	253.996
600.833	112.73
479.299	66.8581
643.906	269.281
497.716	115.317
409.999	72.4845
647.1	283.556
402.743	90.3549
656.81	282.294
639.873	282.744
545.862	269.848
529.226	104.719
473.212	88.7356
677.341	282.124
641.695	275.572
676.425	283.323
679.766	276.062
379.697	58.9067
671.016	282.793
424.426	99.7998
459.417	94.2656
444.344	69.857
576.095	129.815
673.815	280.45
501.691	95.9166
255.033	38.9102
259.746	32.4962
255.521	23.622
306.827	44.2267
215.778	26.1151
359.221	89.5098
288.487	30.1993
236.076	51.0882
243.606	27.2029
273.83	37.55
267.897	43.0116
258.062	33.7046
285.638	45.7165
242.334	41.0122
331.763	51.7494
314.563	44.2267
198.038	39.5727
314.616	42.7785
262.865	36.0555
212.389	22.891
164.918	26.8701
207.005	26.9815
298.235	54.0185
262.214	44.1362
202.062	18.6011
255.169	35.9722
226.846	42.6146
288.073	41.6413
245.487	30.4631
293.774	39.7492
177.907	30.6594
322.997	40.1995
275.659	32.7719
222.619	35.7771
337.836	60.0833
237.609	32.4346
304.45	43.4511
299.154	38.3406
232.439	24.8596
245.184	30.8545
267.649	42.7083
317.196	37.2827
272.767	35.6371
276.861	49.5379
233.6	27.9643
269.715	44.5646
313.404	54.4059
325.234	44.3847
242.891	38.2099
304.398	57.3585
327.235	48.1041
245.815	38.8844
230.97	38.4968
278.356	34.2053
334.259	51.0098
242.911	28.7402
251.139	56.3383
275.976	43.566
221.637	38.8844
279.016	75.2064
339.371	43.3359
0	0
263.162	32.1559
278.284	46.7547
221.845	36.524
251.147	47.2229
296.651	35.1568
294.095	35.1283
226.625	30.9516
237.403	43.0349
220.032	33.6749
242.858	29.0172
262.324	45.7602
263.886	35.1852
213.785	24.6171
311.286	48.9285
272.668	35.7491
258.788	29.4279
209.406	30.0998
290.952	36.6879
240.946	35.0714
292.106	52.1536
223.164	25.4558
254.081	31.4006
256.021	34.6121
280.738	41.8091
115.793	16.4924
332.911	68.4251
251.784	29.5973
272.817	76.8635
212.514	21.9089
226.819	42.4264
297.785	90.1332
295.932	40.398
246.986	26.9072
269.401	40.8167
206.93	34.4093
227.978	29.0861
264.008	38.5746
256.332	45.2106
258.062	38.1314
268.168	40.0999
250.298	26.3439
202.781	29.3258
341.691	62.2093
289.119	44.7214
308.268	53.7959
269.83	45.6946
322.003	36.5513
219.789	43.2666
266.873	75.921
303.852	52.2303
294.418	43.359
299.351	54.111
210.499	26.7955
193.336	25.5734
310.485	44.1814
243.785	34.5832
266.94	49.2138
229.639	36.524
270.028	41.7133
196.387	25.6905
221.079	28.7054
319.98	38.0789
233.465	39.7995
312.098	38.1051
295.774	39.598
315.769	44.9444
301.871	54.037
309.357	58.0517
304.569	38.3145
255.832	40.1746
201.723	27.7489
229.813	31.9687
324.219	49.2341
258.637	34.4384
243.959	38.2099
228.215	37.1753
236.165	32
208.682	26.9444
199.251	27.2764
262.406	40
187.87	18.0555
315.228	56.4801
305.175	48.8467
260.935	37.8682
329.407	66.7083
244.575	31.0483
281.05	43.7493
205.723	29.1548
314.541	52.8583
237.935	31.1127
182.677	25.219
188.136	26.7208
276.395	33.4365
237.903	44.2945
249.504	36.3318
291.774	45.8694
288.5	41.0853
197.876	30.6594
228.366	38.7814
335.809	59.3296
347.197	56.0892
262.227	37.3631
266.002	36.2491
280.071	46.3897
220.728	28.775
253.89	40.6202
225.962	32.3419
300.258	41.9524
199.459	33.9706
253.19	33.8526
233.649	28.3196
212.033	35.3553
219.479	28.6356
187.459	21.6795
306.782	47.7284
316.536	44.1135
247.942	33.7639
281.293	49.94
368.984	52.9906
281.269	45.5851
181.596	20.6882
232.637	35.2987
213.666	42.6615
313.594	58.4466
280.542	49.7996
287.409	40.694
185.397	20.445
217.729	33.6452
144.062	24.2074
237.542	46.4112
306.356	68.6149
232.312	41.8091
269.793	45.6946
210.024	26.3059
301.543	89.2188
344.275	68.5128
289.195	46.7547
322.921	73.4983
455.349	64.9307
654.049	286.339
461.378	73.4302
610.448	279.066
628.271	267.896
514.049	112.623
646.816	280.35
659.212	280.631
637.634	281.581
633.789	278.998
568.742	107.023
586.912	255.167
546.518	97.3139
588.296	138.022
656.219	281.276
665.014	285.965
450.546	66.5432
329.491	37.7624
412.833	70.4698
483.241	95.4987
662.549	281.801
423.396	73.2803
615.388	283.725
490.713	87.4414
480.811	76.302
620.468	272.547
606.728	269.815
679.723	286.335
614.384	280.696
658.628	283.21
615.335	274.598
334.162	48.8672
530.349	270.858
455.593	90.9395
559.237	284.253
589.339	275.38
599.482	279.768
616.774	273.883
543.064	118.971
594.251	275.724
519.799	95.1525
621.542	280.842
607.124	268.063
571.215	146.472
575.616	281.009
665.5	284.317
592.148	147.078
670.404	283.838
413.781	59.1608
508.907	162.278
516.207	85.6388
391.396	79.6116
610.874	130.56
629.154	268.946
486.403	85.1587
678.102	286.066
405.237	73.0753
636.698	277.489
431.408	68.7168
622.012	281.847
653.136	284.847
663.84	282.174
679.637	282.528
632.342	282.535
448.376	64.8074
411.294	62.1611
658.134	281.386
534.405	107.023
504.201	243.758
551.64	280
616.947	284.292
623.817	284.007
636.592	283.415
594.858	261.882
628.267	281.361
443.187	92.1846
371.762	54.8817
556.786	260.902
389.618	64.2806
627.552	274.179
482.009	66.3476
684.611	284.914
612.505	281.158
430.624	103.141
653.018	280.706
332.935	61.1065
592.667	274.663
346.487	63.1664
633.315	275.554
657.479	279.181
445.629	85.4751
410.029	55.2268
597.64	278.636
683.999	283.38
583.488	262.846
455.155	69.2098
459.335	73.3621
620.583	279.381
678.077	282.719
483.982	100.548
641.363	272.217
420.402	59.2284
641.668	278.528
597.381	274.638
660.432	282.517
462.513	98.4987
465.547	81.1665
647.224	286.136
665.526	276.221
594.336	277.391
449.996	108.407
480.543	92.5095
323.836	46.8402
593.08	273.836
581.323	275.238
655.368	275.804
515.624	122.434
497.973	94.9421
519.639	111.283
344.234	59.4475
592.708	278.241
449.187	76.3675
408.056	66.7083
334.328	39.6232
615.783	273.273
627.415	283.933
456.514	75.5645
423.796	83.9166
442.603	82.3165
416.633	56.3205
606.408	260.15
300.257	31.686
490.644	137.746
610.279	279.675
490.698	70.8943
660.062	282.91
380.953	68.542
464.462	131.057
505.463	67.7791
653.474	283.235
425.174	72.581
489.941	85.9418
557.189	135.816
629.134	284.717
618.855	264.144
511.316	105.943
651.836	283.147
664.31	284.935
658.885	283.341
452.206	80.8579
457.311	62.1611
435.88	81.5598
605.628	276.836
487.836	102.215
414.818	79.0063
634.456	282.645
400.961	67.6018
494.594	119.348
618.452	279.653
599.946	121.45
658.333	277.265
652.274	281.635
420.809	83.2706
683.476	286.066
359.693	56.5155
335.762	50.5964
532.657	105.858
523.552	122.098
621.785	283.485
433.331	81.4125
483.157	88.7919
508.243	86.8101
566.069	272.055
604.475	252.788
628.205	286.374
608.121	278.403
461.924	89.2973
525.469	101.015
639.934	280.164
600.701	275.822
480.822	70.1997
595.632	265.759
620.853	281.723
626.7	285.177
552.676	267.877
378.669	61.3025
619.296	276.083
586.581	271.042
626.568	281.879
347.229	64.7302
519.051	108.609
561.621	274.835
378.985	62.3057
499.62	89.521
635.093	276.485
568.416	166.763
662.191	284.099
645.921	283.302
372.435	64.4515
659.331	283.235
219.62	26.7208
298.057	40.5216
292.884	62.7375
286.454	41.9047
224.66	22.2261
268.395	41.3763
315.251	45.7384
158.852	43.1972
290.179	32.5269
235.65	31.5278
299.99	51.5558
279.619	62.546
237.516	31.3369
278.205	44.9889
215.028	22.9347
291.827	44.1362
291.753	47.4974
288.333	45.8912
282.995	34.4964
292.684	36.2767
239.226	31.1448
335.352	73.212
297.725	44.0454
275.565	28.3901
272.068	52.2877
284.526	40.3237
297.126	37.2559
300.712	37.7889
236.707	35.2136
249.122	28.6356
234.107	24.454
269.605	44.0454
322.662	56.5509
272.881	51.4393
249.413	31.1448
283.732	38.704
376.789	70.6258
293.304	33.9117
319.437	45.2106
319.714	52.7257
212.323	26.4575
331.199	76.9025
257.886	37.8946
214.112	30.7246
303.425	55.0818
348.157	59.6657
198.716	21.8632
233.028	30.4302
246.96	41.4246
308.785	43.3128
304.503	32.4037
249.141	26.1534
207.817	24.8998
270.91	39.7492
201.564	25.0998
223.345	30.8545
330.251	67.2012
240.348	30.6594
321.378	67.7643
236.816	36.7696
217.865	29.9666
337.467	46.4327
324.216	43.7264
212.857	30.2985
281.856	43.909
259.164	36.3318
271.479	46.1519
339.313	45.3872
293.927	39.2683
145.949	12.6491
270.904	31.8434
253.592	43.4971
282.128	44.6766
288.614	45.6508
173.609	19.0788
288.082	39.4208
174.774	22.0454
208.447	21.4942
312.059	53.5537
243.594	35.2704
317.646	50.1398
198.613	25.4165
304.378	56.8683
323.489	51.6914
288.121	51.5946
225.262	31.8434
213.733	25.9615
290.055	43.0813
267.425	41.5211
303.775	40.3485
288.408	36.0278
239.18	31.749
268.954	32.311
295.552	38.6264
288.028	31.3688
251.712	34.9571
270.585	42
307.246	51.1468
326.65	34.5832
261.67	43.2204
255.276	45.4753
231.424	21.6333
258.426	30.4302
228.235	28
324.444	56.9561
269.481	40.0749
304.82	34.8138
246.87	33.9411
368.354	55.3715
103.359	9.8995
283.561	35.9166
315.303	48.7237
171.811	19.4936
215.571	24.5357
310.778	39.1918
289.638	42.9185
221.346	29.8329
283.782	46.1519
324.143	66.6483
331.032	37.1214
342.244	58.2752
260.417	38.5746
232.366	34.9285
324.54	50.7937
205.041	25.923
268.364	30.0666
300.671	45.6727
361.199	75.5381
238.095	22.6274
187.31	21.6333
300.228	51.0686
229.691	28
306.397	34.6121
235.835	26.2679
225.011	27.5681
252.228	35.9444
250.515	27.7489
294.331	38.5487
77.666	10
328.705	52.8961
302.49	38.6005
304.233	39.0128
317.082	46.5833
343.154	78.1921
249.836	32.9242
246.982	22.6716
305.624	77.3046
307.199	37.8418
265.467	45.8694
336.791	50.8527
292.816	48.949
274.498	53.963
279.619	38.3667
243.645	39.7744
210.537	27.6043
286.264	45.0111
321.587	41.2553
272.331	49.2341
208.223	23.2809
255.122	35.6931
333.832	46.6476
303.791	41.0122
240.42	34.9857
237.598	24.3311
312.559	54.3875
204.338	19.4422
228.081	27.2764
271.503	31.0805
233.758	31.9687
275.802	45.0555
286.946	39.1918
287.035	30.9516
226.321	32
273.492	40.8901
340.812	47.8539
271.75	30.0998
276.635	33.1059
270.771	28.3196
263.773	43.1045
223.461	26.4575
280.881	52.8394
198.555	41.9047
242.014	32.8634
299.807	46.9042
297.387	46.3897
198.361	21.9545
254.484	40.4969
287.017	31.209
326.516	49.98
267.369	43.0116
275.627	29.189
223.188	29.6311
325.599	45.299
235.276	39.4715
294.986	35.0714
300.792	51.303
231.62	27.4591
308.587	36.6333
214.951	21.2132
320.095	78.8036
670.928	279.693
618.594	278.611
613.241	272.782
549.258	133.064
553.975	98.5596
588.998	266.071
609.329	272.444
577.501	271.938
589.124	245.389
589.783	112.721
468.954	65.9545
524.533	93.3167
689.419	282.23
587.283	274.9
628.5	275.024
616.972	277.067
453.697	64.6529
653.471	275.928
441.369	77.0325
622.375	265.315
653.338	268.634
654.624	278.668
312.087	39.2683
543.626	144.568
437.886	95.6033
405.379	62.849
416.754	80.796
236.155	34.6121
649.805	276.188
620.336	272.841
506.433	77.5887
648.861	281.237
498.661	96.0208
570.563	259.195
376.056	45.2327
612.646	260.369
618.59	277.845
597.801	268.19
610.745	268.071
485.435	97.4166
394.103	54.9363
553.521	267.918
623.398	272.58
639.962	271.971
423.486	88.9269
687.552	282.662
439.707	78.4857
441.58	71.3723
649.702	272.525
682.542	276.886
471.28	83.9881
520.305	257.771
396.85	63.3877
540.787	115.922
617.305	270.935
316.139	51.5946
623.349	275.045
539.899	110.281
601.697	277.888
531.739	95.1315
449.585	81.8169
565.974	146.526
439.441	83.3427
650.232	276.832
576.666	263.511
383.236	86.9022
492.787	66.9179
603.578	279.492
489.636	73.1574
645.35	282.156
414.175	54.2955
557.821	254.892
655.338	278.119
632.656	278.212
384.67	78.2688
548.36	133.417
614.152	263.07
556.774	125.611
493.268	121.045
531.355	95.7914
375.129	58.0345
666.386	275.721
676.234	280.168
473.119	79.8999
572.177	265.021
474.101	101.124
632.552	278.007
587.025	266.732
580.535	252.583
470.064	96.4054
626.719	272.555
372.807	60.7783
465.487	114.717
627.401	278.259
648.941	278.654
559.013	227.543
524.982	121.318
698.936	282.846
386.81	74.8599
565.765	122.972
602.111	257.686
669.745	272.98
485.365	97.3961
648.402	280.36
628.82	262.229
439.272	77.923
536.734	96.4883
454.707	75.8288
674.524	281.361
684.302	282.567
666.02	275.703
498.183	130.015
626.687	281.066
667.23	282.779
609.54	277.258
657.564	279.407
453.321	73.8241
543.739	255.715
626.038	268.786
548.213	253.59
635.532	275.489
589.138	264.322
593.539	272.389
623.428	280.382
619.346	267.589
621.726	268.734
628.58	272.121
543.5	270.274
371.372	65.7571
450.196	70.9648
658.129	280.664
518.98	99.0051
669.766	274.325
656.992	271.348
611.79	273.664
465.016	104.393
489.597	95.7601
679.773	282.06
465.354	113.868
324.5	50.892
481.433	104.278
454.481	97.8366
308.59	31.8434
563.593	249.8
524.694	134.7
527.839	90.6201
669.948	279.156
702.861	281.055
615.968	219.281
427.857	50.1199
668.133	281.982
669.473	272.914
609.928	235.695
437.612	81.4371
378.401	56.0714
628.943	268.712
667.248	261.943
390.356	63.8122
444.205	74.3102
437.645	78.613
583.978	263.556
549.44	128.297
420.792	68.4836
618.784	257.282
382.284	51.342
573.478	281.492
329.365	59.0085
612.463	274.292
484.656	60.9098
569.012	269.551
593.304	234.845
435.373	78.8923
684.766	278.604
444.458	101.725
642.025	282.298
532.021	87.7952
397.863	79.0443
644.306	275.398
423.822	58.6856
568.853	246.564
321.671	48.4562
532.182	231.983
547.269	117.175
493.453	84.3919
635.525	279.607
545.972	97.6012
634.491	275.51
328.455	53.1789
627.012	278.568
565.837	264.598
661.831	274.936
416.204	90.7083
651.137	269.933
435.899	66.3325
491.414	90.3659
471.454	81.0062
506.202	115.091
663.319	263.568
350.742	66.0152
626.066	270.865
224.833	24.7386
216.733	41.5452
237.43	29.2916
273.58	30.0666
300.153	47.8539
235.567	27.0924
226.667	32.3419
231	27.0924
216.746	32
276.689	37.4166
288.101	47.9792
262.416	62
231.333	40.5463
269.357	36.606
194.422	16.9115
230.762	24.1661
336.868	59.4811
225.725	37.8946
140.979	14.2829
368.917	81.3634
225.666	42.0476
280.384	41.0366
300.761	46.8615
317.17	41.6173
312.904	64.1872
236.658	30.6268
256.944	36.4966
360.382	90.9725
297.002	47.0744
288.737	49.5782
265.223	37.3631
290.716	43.1045
232.998	30.0666
282.413	46.3897
313.702	58.9576
187.331	18
312.336	87.5214
255.988	40.3237
271.407	43.1045
316.716	52.1344
257.709	41.3521
271.232	33.9117
219.283	26.3059
261.864	31.9061
323.297	61.9031
316.225	56.0535
289.55	49.1528
286.045	36.3318
214.9	23.9165
295.456	37.2559
295.236	49.9199
298.28	54.1295
277.267	35.4683
249.126	30.8545
186.121	23.8328
224.087	38.704
335.212	75.1399
253.858	43.9318
269.19	39.8999
279.081	60.7124
339.894	56.1605
311.623	53.4416
303.274	42.45
276.61	55.263
315.411	46
293.29	49.2544
287.27	55.8032
241.319	38.7814
244.047	32.9848
267.011	43.359
317.481	54.3507
306.165	45.1885
216.278	31.4643
324.452	44.8553
316.926	42.0714
295.544	37.0945
270.684	46.3465
220.277	51.2055
254.36	38.8844
259.37	36.7423
275.637	39.1663
289.258	37.2827
208.096	34.4674
270.479	45.8258
252.063	38.2099
279.902	56.6392
317.915	51.9423
288.383	37.4433
201.375	29.2233
281.588	33.2866
279.381	60.9098
318.371	40.2492
261.193	37.7094
257.994	32.8024
340.776	48.2494
283.87	41.9047
222.027	25.1794
274.264	39.2683
260.419	51.7301
156.853	15.2315
275.523	49.6991
260.751	24.5357
262.078	36.0832
221.984	21.8174
378.123	107.294
215.156	20.9284
283.145	27.2397
146.816	25.02
290.916	48.621
279.711	44.3396
304.838	49.94
182.841	28.3196
272.936	49.6185
186.652	18.2757
249.896	24.8596
341.097	98.8332
325.364	38.833
296.474	34.2345
282.016	40.2741
272.538	29.189
256.523	33.7343
186.716	18.6011
267.081	35.0714
260.283	28.5307
309.414	39.2938
250.595	35.7211
291.098	31.9061
204.034	32.3728
301.597	42.2847
264.96	41.1339
297.525	76.3282
259.374	38.0526
233.107	43.359
292.764	37.8153
231.177	27.0924
259.131	39.2938
227.222	31.305
274.909	36.1939
284.87	34
292.819	47.7703
188.422	29.9666
268.594	36.9865
247.689	25.4558
318.339	48.3529
288.61	38.9102
250.382	33.4664
199.539	23.7065
297.669	48.4149
248.518	35.2136
293.13	45.7602
300.2	45.2106
244.432	25.3772
349.71	62.562
278.005	42.9418
220.572	25.5343
305.187	44.7437
284.728	35.0143
230.981	22.8035
217.38	30.8221
307.173	42.2137
329.126	50.4975
285.897	39.1663
274.447	48.0833
251.125	32.0312
213.799	21.0713
221.817	27.4591
300.17	42.4735
285.732	49.3153
221.484	36.9865
231.1	33.4066
268.857	50.8527
276.378	34.0881
285.58	39.95
303.345	47.1381
261.524	42.3556
290.358	32.8024
328.219	44.3847
167.836	21.6333
302.914	46.0217
249.056	26.6458
303.336	41.4005
209.287	18.7617
275.024	40.5216
281.681	65.6201
284.095	36.3043
263.452	37.4967
264.117	23.2379
320.688	56.4978
300.062	39.3954
253	35.0999
265.051	38.9102
299.967	36
313.442	72.0972
296.975	48.1456
274.884	33.5857
262.273	37.3631
303.348	41.1582
266.616	33.6749
282.464	40.694
226.042	32.9242
506.084	114.193
677.334	281.421
627.094	281.698
642.971	278.622
600.666	277.377
537.425	79.9125
372.253	59.0085
686.387	286.824
665.44	281.012
657.112	283.574
622.151	276.358
549.087	108.757
557.118	150.28
631.879	277.099
627.894	278.076
567.116	120.665
587.645	257.891
589.916	270.104
394.735	82.45
506.997	111.212
490.178	95.31
464.427	78.1665
620.035	276.879
496.932	102.294
474.034	127.106
613.188	273.898
606.538	275.085
476.957	92.1846
654.967	280.207
491.139	83.5464
610.861	265.902
672.316	281.141
644.655	280.307
419.411	77.846
676.922	280.139
538.865	106.855
404.127	72.9246
612.69	280.389
674.43	281.535
428.958	94.3504
432.278	80.4612
628.031	280.25
417.617	67.1416
591.424	272.808
627.727	280.064
632.836	276.098
520.635	100.648
595.527	269.232
650.044	275.133
624.384	271.061
619.343	272.657
610.195	282.684
629.651	277.939
295.515	40.8412
489.348	98.5596
458.258	87.0057
443.173	75.8551
664.456	284.324
682.469	275.663
458.96	87.3842
549.523	254.798
672.048	285.951
628.173	278.647
450.836	86.5217
662.679	282.202
377.471	73.212
642.178	282.326
555.627	270.799
665.558	279.149
500.891	93.659
628.501	276.951
433.843	87.0747
666.026	281.361
429.609	69.9428
645.498	273.401
513.419	102.078
597.702	280.496
502.611	99.5791
454.819	81.1665
360.716	60.6465
604.505	279.195
649.955	278.668
625.054	284.282
452.039	98.7927
503.548	95.6556
367.963	60.2329
491.121	128.849
654.355	273.503
666.653	283.492
393.547	54.6626
577.636	280.742
406.62	80
535.684	268.875
419.839	59.4979
439.288	93.2202
404.287	75.0467
657.05	278.586
288.891	37.3898
651.804	278.543
600.546	276.597
662.14	279.313
481.579	95.9896
480.759	97.2934
450.689	90.2219
675.178	281.766
616.036	261.641
651.399	277.518
653.071	281.446
598.677	267.597
620.327	278.302
568.721	257.173
642.381	277.377
370.512	57.8965
605.538	276.532
588.817	274.292
441.414	71.0915
441.046	67.4981
636.221	266.53
565.563	261.335
583.645	272.015
456.114	93.4987
665.67	282.549
637.918	280.143
632.962	273.093
577.407	270.115
458.057	89.1516
424.881	82.6559
396.509	51.4004
417.905	59.3464
562.805	274.299
534.675	115.568
490.465	86.3481
633.452	281.755
543.058	136.77
653.4	275.238
446.757	83.9285
621.611	118.102
654.856	282.705
592.497	278.711
578.016	277.143
485.877	75.5513
634.561	271.234
484.677	121.787
668.418	284.514
426.028	87.9659
337.503	48.8262
640.04	275.685
552.493	261.304
670.996	283.274
689.725	285.689
635.745	273.393
612.04	281.716
444.659	79.8999
585.629	153.023
473.386	77.4597
438.343	86.4176
539.189	148.486
657.61	281.368
513.455	88.7581
416.34	83.3427
670.641	282.34
638.459	277.881
439.346	74.1889
402.823	64.5291
468.981	102.44
467.185	86.4176
650.177	272.334
534.584	117.762
629.271	267.556
477.441	93.7977
389.005	78.6257
647.318	281.897
486.048	104.604
648.44	280.278
413.708	70.7672
633.536	283.686
605.669	269.061
398.108	54.5527
670.539	285.762
564.615	267.97
671.2	279.946
502.629	87.3499
490.409	82.6317
615.451	277.503
487.347	98.5292
553.949	267.167
399.651	68.9057
422.446	69.6707
680.571	271.849
636.679	281.507
541.256	248.387
400.2	82.8372
389.877	50.7346
361.15	71.6798
578.087	266.725
408.267	64.3117
392.78	57.3062
628.631	281.553
656.929	281.485
481.255	76.4591
251.817	35.7211
291.745	38.3927
244.829	28.5307
305.069	49.2747
267.193	32.6803
338.302	45.6289
311.431	42.4264
298.834	39.2683
273.399	31.3369
217.95	24.9399
249.658	35.2987
312.181	27.1662
297.899	44.0908
319.964	65.0077
305.67	41.2311
173.804	28.2135
269.032	48.4355
321.064	61.4166
283.588	51.672
301.339	45.607
274.776	44.3621
203.821	23.4521
271.743	42.3792
342.061	69.383
312.58	47.5184
179.19	22.4499
223.978	43.566
187.851	25.0998
181.041	32.1559
192.917	25.3772
291.53	36.4417
322.582	48.2908
213.401	29.7658
250.809	31.1769
342.022	53.2729
299.042	50.1597
303.046	64.2962
313.346	52.2494
271.507	47.9792
218.852	36.9053
228.891	31.8119
227.952	24.6982
147.272	15.1658
278.451	46.9468
278.191	33.1361
324.069	44.6318
199.539	34.2637
303.972	45.4753
315.922	55.4076
226.159	28.3901
337.711	63.561
315.75	37.8946
265.064	30.2324
346.12	47.7912
0	0
286.489	38.2361
285.44	41.4005
176.972	22.6716
282.268	38.2884
254.509	39.5221
319.08	50.3389
285.242	51.4004
307.286	47.6025
288.862	54.037
333.781	53.8516
338.253	78.2943
283.155	43.2897
280.111	31.7175
238.776	31.305
224.6	30.3315
309.162	65.1153
193.427	20.6882
240.454	32.7414
264.384	51.788
282.443	32.311
170.95	19.4422
205.3	36.6879
294.919	34.2929
306.712	36.0555
188.133	27.4591
283.431	47.4342
239.95	21.587
311.23	46.1086
263.363	48.7237
122.98	13.784
221.477	27.1662
283.759	33.7343
177.874	26.8328
367.128	92.293
273.852	39.9249
242.099	40.4475
308.537	59.6992
301.135	42.4735
249.088	37.2827
167.631	21.0713
223.911	33.6452
280.861	42.6146
198.257	30.1662
216.495	29.4279
283.952	44.1814
284.248	35.0714
320.64	39.4968
302.645	77.2399
230.174	35.4683
283.905	57.1489
236.764	32.249
286.604	55.6776
258.677	40.3237
236.546	26.9072
314.08	52.9339
303.686	44.1588
261.165	42.2611
307.807	43.566
193.853	28.1069
275.848	40.2741
192.406	32.5883
226.982	36.1663
244.645	45.2327
296.105	36.0555
264.343	32.3728
226.539	26.4575
297.691	46.7119
264.119	39.5474
312.997	36.0832
202.813	31.4006
256.425	44.3396
316.896	44.317
288.725	38.5487
344.925	64.5601
309.448	43.4971
283.977	36.0278
245.947	39.4968
171.892	19.799
247.976	36.0278
188.353	26.4197
220.207	38.0789
301.153	50.9902
261.494	39.2428
258.352	25.6905
140.264	17.2627
313.157	50.0799
278.052	35.6931
291.076	57.0263
305.572	35.9444
279.43	43.2666
268.308	36.7967
203.042	21.7256
324.341	61.3025
301.37	50.2394
116.099	18.1108
247.241	37.8682
339.954	56.107
264.687	32.3728
234.113	35.8329
166.802	16.6132
298.503	43.4971
257.75	39.95
277.591	47.6025
277.254	55.263
196.166	28.2843
150.483	19.6469
156.688	38.4968
232.209	28.4956
243.561	34.9571
229.297	39.5474
277.262	24.8193
185.108	30.5287
286.339	55.8928
258.382	79.4229
297.666	32.7109
216.908	41.3521
309.197	36.6333
213.984	30.0998
276.541	48.8876
282.321	33.2265
218.273	36.3043
215.074	28.7054
307.877	54.074
330.881	61.4492
267.238	34.4674
256.909	40.8901
269.054	47.6865
215.427	36.0832
234.74	24
314.45	53.5537
328.918	46.7761
272.806	51.225
277.056	42.5911
322.071	54.461
302.833	46.669
185.365	25.6905
241.537	37.8946
316.313	41.2311
195.323	32.4037
222.531	31.9374
299.975	46.0869
223.495	29.3598
298.156	48.6415
215.704	25.0998
215.495	31.6228
544.735	113.472
434.83	71.0352
331.079	57.0614
442.267	90.0111
625.856	276.098
612.043	272.074
637.829	274.514
584.631	271.348
640.205	277.852
408.064	74.4043
632.587	278.392
597.036	268.369
657.904	276.651
663.894	282.57
467.825	56.745
469.201	90.0555
514.812	99.7497
456.79	90.5538
633.058	283.923
243.212	34.2053
605.069	275.492
577.477	251.293
530.424	122.996
345.601	53.3292
357.234	59.9833
388.16	63.0872
472.362	79.7371
395.139	61.8385
552.704	271.053
629.199	166.949
454.929	76.2234
670.47	279.303
582.993	263.412
672.113	282.007
414.01	83.8093
619.748	280.827
616.394	264.148
666.664	281.066
380.678	57.4978
631.34	280.146
604.471	269.718
598.376	121.12
616.013	275.666
428.413	67.72
437.961	86.151
401.165	81.6823
641.017	279.539
598.117	272.441
676.976	277.604
633.166	278.711
594.799	271.301
654.684	277.438
532.677	262.034
452.405	85.1822
567.929	274.419
623.234	277.96
622.742	278.058
503.446	90.2552
597.079	274.295
429.038	51.1273
601.344	278.108
622.293	279.75
594.443	279.678
384.21	58.4123
400.83	56.6569
653.369	281.414
636.995	278.086
322.326	42.6849
609.661	177.217
485.068	86.8677
635.529	276.156
642.956	274.969
439.294	82.1584
639.138	276.662
465.814	90.4876
688.876	281.652
357.544	59.2284
277.354	33.0454
510.139	228.013
582.114	135.565
595.483	275.1
660.713	283.041
608.267	276.937
623.129	278.553
657.802	276.781
470.834	93.8829
619.514	172.18
410.416	64.6993
446.947	70.5549
553.937	97.7139
459.198	64.4205
476.562	84.4512
606.993	272.899
514.715	104.288
580.912	274.197
624.641	276.13
415.3	67.9117
623.284	276.933
666.811	280.421
652.333	281.329
494.684	90.9065
402.603	72.8286
619.226	277.723
566.277	143.701
375.061	55.6956
383.384	62.0161
632.197	271.304
666.05	286.199
474.891	91.8804
355.729	65.4676
602.852	275.768
551.233	111.982
443.203	96.7471
426.392	68.9638
573.576	104.087
402.852	80.7341
262.151	38.4187
371.535	58.9406
653.715	282.191
434.276	65.9697
429.845	81.9512
600.997	276.85
536.416	76.4461
624.355	268.898
674.465	279.753
429.844	81.878
475.768	92.6283
489.539	97.7548
562.496	141.436
592.351	276.156
649.812	277.741
625.151	275.347
587.183	273.481
640.484	278.363
483.275	80.2745
450.906	78.6893
390.167	73.8377
622.33	280.877
485.747	83.7735
348.867	43.2435
675.418	284.493
656.697	282.684
481.566	148.25
422.342	129.143
359.844	40.7676
441.975	88.0909
440.318	82.5106
660.688	276.08
438.454	71.5402
364.929	62.3699
652.021	278.905
555.258	125.355
324.664	39.1408
606.83	279.635
391.446	57.9655
360.433	62.6418
339.243	58.532
527.332	127.593
444.715	64.2651
536.748	102.587
475.483	78.6511
362.788	53.0848
623.933	275.87
606.232	279.353
613.772	272.037
428.801	86.151
579.922	278.147
616.15	265.71
383.889	60.1166
624.322	283.348
523.521	108.185
652.65	273.777
581.036	271.36
433.728	78.1537
474.901	87.6926
651.442	283.26
530.012	105.205
686.716	279.789
433.554	70.8096
605.007	262.477
528.282	98.8838
486.228	91.236
637.13	279.235
639.341	279.728
389.441	59.4643
476.815	73.6071
512.598	104.441
667.04	274.47
491.801	146.253
608.34	278.977
637.268	275.739
667.885	277.106
604.154	275.474
652.414	282.106
659.5	282.602
589.785	270.548
610.371	279.846
674.293	275.732
395.478	50.8527
573.34	111.481
335.085	41.3038
272.888	53.8331
298.421	58.2237
309.571	110.842
114.153	18.3303
266.571	34.9571
217.352	28.0713
207.405	34.7275
304.962	29.2916
235.072	45.0333
124.543	14.3527
133.963	20.347
298.367	50.319
245.01	30.7246
310.405	42.0476
244.824	23.1084
272.452	70.0428
238.91	26.9815
254.018	35.7211
284.227	48.1456
321.07	75.4453
232.024	33.3467
294.362	50.04
236.269	40.1746
270.213	39.724
286.08	36.7151
239.167	39.7492
288.868	34.7851
232.026	30.7896
316.267	49.4571
284.032	35.1568
248.837	32.0936
231.888	35.0714
262.219	38.3667
240.221	33.1662
280.212	33.1662
289.183	34.1174
229.465	38.2361
246.205	32.7719
201.296	23.1948
317.358	45.3431
321.897	45.4533
309.021	42.4735
284.853	46.1519
172.783	14.9666
257.692	27.5681
274.075	46.4758
291.182	35.8608
265.614	35.5809
288.801	40.3485
262.738	47.5184
134.944	19.2354
202.025	26.3059
247.651	27.8209
284.645	60.7783
268.535	38.6523
326.826	59.8498
257.185	33.1964
299.578	36.2491
317.421	43.8178
294.119	40.5709
249.062	25.7294
225.471	28.4605
214.476	23.9165
316.79	43.1277
219.258	22.6716
288.981	40
313.345	52.1728
293.126	40.4969
296.569	42.19
291.386	41.7133
260.327	42.4264
166.694	18.3303
269.173	36.1109
270.945	103.711
136.576	12.3288
202.721	30.133
209.478	26.6833
283.956	43.0813
233.469	26.7208
299.022	40.7185
186.655	18.4932
202.067	24
311.378	39.724
281.901	28.6356
315.636	44.8776
292.462	63.435
235.674	31.3369
251.714	51.7494
313.649	52.0769
221.244	38.4187
279.449	34.0294
287.113	41.5211
248.908	27.9643
271.711	34.9571
325.12	54.5344
291.04	29.7993
272.578	26.1534
276.333	39.1408
261.316	41.6173
209.578	40.1497
306.465	37.8946
275.686	43.2897
293.603	47.244
280.623	84.7821
257.476	35.805
319.152	56.9561
284.083	33.2866
268.384	33.2866
276.66	36.2767
301.795	38.7556
250.2	34.8999
268.901	51.0294
286.99	56.5332
266.903	48
351.164	57.7408
331.776	67.8086
217.69	18.0555
197.066	56.3915
278.851	55.6776
266.82	33.4963
237.937	26.3818
278.203	39.5727
314.651	40.2989
254.283	32.187
273.748	26.8701
259.424	37.9737
268.55	38.5487
275.204	48.8467
194.404	24.1661
313.643	48.7237
205.589	27.0924
249.846	35.7771
317.7	51.788
182.661	21.0713
292.513	43.1972
278.537	53.8516
282.73	33.4365
274.182	45.7165
231.72	28.4605
254.649	24.6577
312.752	49.7996
249.748	39.8999
331.861	49.7996
224.364	25.0599
312.904	51.1468
286.437	39.0896
314.597	39.3446
279.628	38
293.385	41.1825
243.994	25.2982
229.48	27.0924
359.622	67.0373
274.762	39.4462
141.951	16
273.927	30.5941
285.773	50.5371
284.659	47.0319
257.829	37.3898
364.494	89.6103
289.418	98.6408
290.333	37.4433
196.099	25.3772
109.105	11.6619
309.976	49.96
216.439	36.9594
280.082	43.5431
256.932	34.176
317.3	69.7854
329.158	46.1302
248.771	33.7343
298.458	42.8019
250.827	37.8682
319.548	45.299
222.744	17.3205
275.124	37.1753
302.731	38.2623
252.614	38.5746
210.454	33.5559
236.299	36.6606
197.375	24.8596
244.07	33.0757
241.1	59.1608
335.383	66.9627
235.616	30.4302
215.843	23.1084
209.645	22.3159
229.305	29.3258
222.115	25.2982
313.514	67.587
315.953	48.1456
239.702	31.0483
284.918	40.0749
311.788	57.2189
175.682	17.4356
356.105	43.3359
119.306	18.2209
278.591	81.719
245.457	32.4962
276.682	41.2795
375.255	76.8895
520.15	187.414
606.744	136.176
400.13	51.4004
431.065	70.6399
571.662	276.007
370.872	93.9255
572.077	141.492
666.72	284.714
439.298	101.863
638.391	277.377
590.531	267.888
526.791	123.976
635.515	261.939
639.503	284.31
647.345	275.016
570.247	239.445
293.74	50.5173
632.391	278.665
651.367	283.079
484.129	112.561
658.498	276.485
488.078	108.582
405.077	55.6776
619.057	277.11
452.001	111.723
470.386	112.748
451.607	74.9133
689.823	283.2
504.97	79.925
630.203	276.449
370.531	61.5142
664.543	285.068
477.598	84.7585
467.555	88.0341
381.713	56.6745
502.084	150.964
677.731	283.189
386.012	66.242
591.957	273.682
661.995	273.638
385.44	56.7627
488.677	92.2822
610.461	269.492
507.253	91.3236
565.619	134.9
437.585	77.6402
639.327	285.892
629.745	267.496
662.077	283.079
584.5	258.403
420.507	78.0256
672.413	284.099
649.832	282.574
411.627	60.8276
627.302	274.292
344.328	53.2729
677.814	283.051
585.942	267.264
570.879	254.657
619.205	268.73
459.504	86.9713
633.321	276.04
690.53	283.894
655.312	283.789
486.009	118.819
389.879	78.2049
567.621	259.091
695.081	285.934
401.335	60.7783
352.918	66.3023
478.912	107.675
605.334	276.731
623.713	278.794
501.834	99.1161
594.676	279.56
528.875	266.331
693.768	281.144
405.645	89.3532
420.952	64.6375
655.615	267.582
459.557	88.476
582.314	277.052
609.668	271.079
549.784	246.658
595.131	271.776
599.178	283.122
312.525	30.133
673.812	283.627
455.479	78.5493
508.52	91.0275
605.495	273.653
439.17	58.515
439.295	72.9931
672.202	286.775
644.905	277.636
462.192	85.6037
611.746	277.921
589.115	275.133
573.345	270.481
338.941	52.6308
548.917	264.42
408.945	57.3062
641.541	280.988
673.043	277.777
416.773	69.9285
386.602	74.7797
526.975	101.872
279.208	26.6083
621.435	270.414
440.291	78.8036
604.458	270.311
409.636	47.0532
450.212	74.6726
654.819	281.993
642.193	273.576
483.674	112.606
609.344	274.219
454.507	75.8024
639.733	275.471
351.683	53.3104
606.918	271.219
660.473	281.08
637.62	276.832
579.197	274.987
564.978	266.672
660.153	284.608
448.562	91.6515
377.653	82.3893
686.587	284.777
450.93	93.0054
402.267	60.0999
323.074	48.9694
550.441	113.04
463.811	86.2786
442.793	70.5691
363.897	60.1664
646.866	276.08
356.105	48.8467
604.072	278.561
487.196	117.678
670.141	280.799
409.215	76.0789
633.958	279.457
622.023	275.093
580.002	268.626
440.274	102.352
487.078	85.0294
634.983	275.703
616.619	256.301
685.015	283.076
461.025	70.0286
494.469	85.5687
573.822	272.866
592.298	266.518
399.356	73.0753
485.212	101.469
626.854	279.514
421.005	135.661
620.886	259.996
563.631	177.505
382.031	53.5164
571.85	259.338
594.095	135.853
644.484	283.051
453.918	97.6832
472.487	104.384
658.989	281.571
462.299	81.6088
373.174	42.6849
423.635	92.8009
580.548	270.862
347.984	56.8155
527.526	118.6
636.141	280.849
698.319	283.443
570.601	127.13
643.617	282.273
635.582	278.424
621.842	272.301
384.631	55.1362
562.625	110.045
397.346	81.4248
424.844	85.5336
383.966	71.7774
456.037	69.5557
666.498	277.128
651.35	270.947
469.38	84.3564
468.159	120
585.898	120.814
440.753	80.7713
430.301	83.2827
464.674	67.9853
580.252	274.306
438.199	79.7747
493.841	141.273
633.769	279.854
435.551	58.0689
628.775	281.169
320.028	42.9884
222.11	50.2792
304.454	49.1121
239.677	31.241
287.357	56.5332
184.361	18.1659
309.019	32.3419
300.616	52.7257
156.17	20.4939
344.986	40.6448
313.263	50.2195
243.918	43.7721
247.736	26.7208
230.059	28.178
240.878	27.0185
192.582	24.3311
312.242	51.4198
225.874	18.9209
307.739	43.7035
224.987	27.2029
132.148	14.9666
268.002	35.4965
299.053	46.8828
248.363	24.8193
256.782	39.6737
124.66	21.4009
306.694	39.1408
231.746	32.9242
246.138	40.6202
298.659	38.0263
306.716	41.3038
300.441	49.96
215.863	25.4165
232.818	34.6121
219.895	28.2135
255.679	42.9418
310.226	72.8286
301.073	34.8138
273.146	42.4264
289.375	35.8887
234.962	34.3511
255.55	32.1559
283.9	51.5364
244.199	37.8418
317.008	44.9667
197.937	41.4729
300.97	43.2204
228.022	17.4356
298.915	45.4533
274.833	43.2897
336.8	71.4143
289.002	59.8164
282.745	39.3954
191.99	24.4131
215.002	25.2982
246.266	39.0384
210.658	33.2566
238.732	32.3419
294.065	43.0116
305.072	73.2666
286.482	42.5676
276.749	45.0333
352.437	40.4969
263.63	24.1247
200.012	19.6469
324.972	52.6688
238.193	35.327
231.327	45.0777
296.157	53.6843
309.466	44.2945
206.865	35.4683
309.525	90.0333
288.175	39.8497
279.224	41.5452
247.611	47.8957
309.049	43.1509
240.936	35.7211
227.649	52.5357
284.055	61.7576
237.571	19.9499
287.911	48.8057
214.551	31.209
220.502	31.8434
209.1	28.4253
223.128	29.9666
302.174	38.9102
262.174	44.0681
238.812	42.0238
264.17	41.7612
387.896	58.4123
293.181	65.3911
248.839	26.4197
180.244	17.2627
179.502	28.0713
311.979	48.1871
276.707	50.8527
277.651	41.5692
270.666	33.7639
300.593	48.5592
169.234	20.199
306.485	40.4475
321.549	58.1893
321.216	72.581
200.36	39.5727
296.766	46.8615
265.296	55.8391
280.425	32.9545
248.713	29.4618
302.749	48.5386
267.879	43.1741
236.764	31.8119
330.893	51.3225
310.108	39.4715
325.929	36.9594
244.724	39.0384
259.825	35.2136
164.566	20.2485
166.253	22.1359
257.389	49.4571
274.583	27.9285
323.105	50.3587
208.399	16.6733
276.114	46.1302
242.506	37.3631
293.777	48.7032
275.746	45.6289
334.64	68.7459
334.604	46.7974
285.524	54.2402
306.457	63.0079
183.439	24.98
298.829	32.8634
235.584	33.4664
219.989	20.2978
331.678	48.2286
286.411	60.0833
278.419	31.4006
334.458	83.1745
319.404	48.621
165.738	22.1359
236.861	26.4197
265.818	37.9737
225.641	30.8221
303.364	71.8192
318.624	54.9363
293.704	41.3038
265.853	44.1135
280.535	39.8246
309.953	50.2991
297.548	57.9483
209.184	23.8328
240.177	41.2795
314.565	73.2666
193.507	19.8494
308.354	50.6162
242.874	25.8457
250.29	30.4959
268.825	62.8808
245.11	28.5657
309.648	40.6202
304.337	101.459
223.495	30.4959
281.084	41.9285
299.408	38.7814
284.169	48.9898
321.71	64.4981
273.932	37.3898
191.599	17.8885
303.249	44.5421
275.48	50.7543
232.394	28.4956
336.082	62.3057
329.064	45.2106
298.572	52.6878
253.087	39.6989
265.315	37.3095
222.52	34.0294
243.822	52.5357
258.486	41.9047
316.733	54.3323
195.911	15.4919
276.373	33.1361
268.641	44.0908
244.098	45.3431
124.459	25.4558
115.49	16.1864
232.884	43.0349
245.416	36.524
243.69	34.2637
297.953	37.9737
293.073	43.4281
256.014	29.5973
174.786	16.0624
307.974	42.6615
223.757	25.4558
269.576	49.1732
203.639	22
276.697	52.2877
126.921	18.9209
326.409	82.0731
434.71	77.3692
602.175	205.007
545.177	202.795
655.661	275.695
433.413	97.3756
632.306	274.754
355.848	58.2237
500.229	108.185
569.006	268.186
396.051	79.599
649.128	278.482
669.752	279.371
574.71	238.554
627.164	282.089
662.822	279.378
451.83	69.1375
654.763	277.827
472.077	117.218
657.533	283.411
677.746	278.029
667.42	282.889
612.336	277.179
439.882	67.2161
347.836	67.3498
629.203	268.593
456.707	78.905
510.902	103.325
447.682	111.687
453.026	76.1971
643.946	276.453
656.726	279.746
662.952	284.183
621.255	272.987
391.892	70.6541
659.859	273.503
378.553	70.9648
409.428	70.2424
352.419	58.9915
301.188	45.6289
598.593	271.698
655.504	278.719
592.116	263.511
502.486	91.4112
648.752	278.762
651.745	276.503
654.74	270.932
408.305	57.6715
346.696	59.2284
642.263	275.844
556.234	261.48
417.493	73.5935
693.531	277.687
613.835	267.813
636.713	277.759
366.482	57.9483
637.138	274.627
407.002	80.9938
582.406	256.901
607.71	271.853
500.054	86.2322
399.114	72.8972
468.79	68.6149
527.807	114.778
587.768	159.374
626.415	277.456
682.023	278.471
435.442	75.6042
550.856	260.273
366.952	52.4976
699.538	278.478
333.918	52.3259
607.257	281.276
642.75	270.651
664.942	270.573
406.47	63.9375
420.727	87.2697
444.123	76.302
514.486	88.6679
544.616	248.725
672.217	281.212
681.145	279.342
657.187	274.157
643.923	271.636
644.822	278.518
639	277.391
478.66	113.947
645.221	270.215
666.271	276.261
454.302	63.2297
369.54	61.5142
555.095	251.643
672.161	281.357
630.075	263.515
555.201	111.265
577.713	130.015
513.703	110.553
674.312	281.833
512.677	97.1185
424.093	89.5433
431.489	94.541
573.433	262.694
465.942	80.6226
638.538	280.635
467.578	87.0976
575.543	133.394
664.367	279.739
563.876	131.179
666.633	276.503
620.396	271.079
579.522	272.239
430.201	78.9557
627.407	270.799
595.838	268.298
647.013	276.756
517.413	99.8098
576.524	261.775
409.075	58.4637
663.086	280.749
395.44	70.214
449.778	112.463
420.97	50.3587
433.859	60.5805
690.495	281.247
555.341	106.668
651.289	277.723
556.932	261.297
564.806	271.614
566.59	207.538
656.897	271.039
639.568	270.559
538.974	139.068
429.091	70.0857
614.232	275.844
482.759	82.5833
679.018	269.774
514.813	136.015
383.975	64.8537
497.652	106.141
629.41	271.89
617.137	279.206
290.739	32.4346
395.405	51.8652
659.701	276.568
291.553	41.2795
601.02	260.208
648.32	273.415
550.261	116.808
661.404	282.981
636.827	276.311
639.744	266.015
618.831	272.151
420.113	78.867
545.918	250.651
619.196	274.627
526.007	104.461
498.239	160.144
455.946	112.428
431.385	76.5114
693.773	287.646
506.31	109.563
624.292	264.473
654.034	278.273
407.271	67.587
507.745	101.193
613.143	266.199
606.899	242.128
527.304	113.217
465.431	73.3076
540.04	105.821
661.891	279.689
585.119	111.256
455.317	86.8447
683.759	277.921
352.508	50.5173
526.858	103.836
633.649	272.683
605.463	270.958
660.491	278.474
422.963	84.2852
511.194	141.45
700.141	283.686
539.031	104.967
653.593	282.899
560.378	276.42
379.729	64.1405
656.101	273.207
659.852	277.528
592.153	260.304
430.374	71.007
592.96	272.852
666.118	278.431
300.075	52.6878
558.902	263.811
549.022	145.671
688.888	281.539
434.76	68.1762
411.112	58.6345
679.388	283.69
355.051	48.949
431.174	85.7555
300.062	76.6159
304.133	59.4306
235.219	28.8444
216.213	25.2982
273.139	35.3836
277.528	47.6235
243.321	43.3359
298.709	43.1045
279.358	42.4264
297.948	37.6563
221.486	35.7211
257.698	32.9242
259.771	34.4384
202.953	22.891
231.171	38.5487
254.026	32.8024
302.997	34.9857
266.745	46.1736
293.552	54.5527
220.311	34.3511
281.746	35.0999
314.148	42.9884
277.5	50.7346
243.85	36.9594
259.341	34.1174
307.69	67.5574
286.049	60.0833
276.038	35.6371
251.621	34.6121
256.437	53.8516
240.042	38.6782
263.661	33.4664
189.713	31.0483
330.301	57.1489
313.482	49.6588
290.641	31.6228
279.703	51.4976
241.033	28.9137
267.06	27.3861
304.151	71.0211
183.902	20.9284
256.193	34.2929
266.15	38.2884
264.087	40.6202
231.933	40.05
269.405	40
282.282	30.0998
275.013	45.9565
291.263	53.0848
306.814	50.9117
304.55	54.3323
217.141	29.6985
251.696	21.4476
317.085	30.133
254.13	32.28
212.633	19.6977
292.223	44.0908
268.916	36.4966
295.816	56.6745
307.342	60.1831
367.516	60.1166
264.685	32.9848
254.643	35.1568
264.768	42.9418
301.242	44.4747
245.658	29.6311
283.037	46.6905
334.468	59.4811
236.358	28.4253
333.671	58.1893
207.646	36.6333
55.6866	14
269.329	36.3868
253.961	38.3406
319.68	51.1859
301.781	50.9117
334.286	75.9868
286.969	44.317
267.886	36.1109
227.187	28.5307
309.086	47.9375
288.468	40.2244
279.358	36.6606
216.141	28.3901
255.353	34.3802
308.696	50.3984
260.398	42.2137
262.063	35.9166
285.337	45.5631
226.751	31.9061
219.57	23.5797
352.624	48.1871
284.96	43.6348
190.819	19.0788
247.712	33.1059
258.31	44.0681
200.222	24.0416
220.273	21.4476
209.864	21.6795
274.042	32.5269
266.689	35.7771
275.594	51.6333
311.776	49.4166
298.838	65.9697
223.725	39.4715
217.467	24.5764
312.974	40.3733
229.138	23.1084
267.438	54.2033
305.074	34.0881
311.053	42.5441
306.008	49.679
239.75	35.0143
185.324	24.454
273.196	66.6633
239.852	38.6264
244.461	35.609
299.747	43.6119
270.365	35.4683
332.445	54.2771
245.736	27.5681
270.254	44.0454
203.521	31.496
243.569	39.0896
180.474	25.0998
283	35.6371
243.947	36.8239
306.601	72
307.448	53.8145
295.611	36.4966
333.066	78.0897
263.144	47.2229
237.741	31.6544
324.478	63.6396
257.043	41.6173
216.423	32.3419
233.339	29.2233
243.647	30.2324
279.027	37.3363
114.403	16.5529
303.854	51.517
271.879	39.3446
280.779	42.5676
236.607	28.1069
258.236	34.0294
286.555	121.103
144.755	18.5472
273.516	34.7563
211.644	40.5463
294.379	59.6992
321.588	44.8107
286.953	49.2747
326.901	43.1741
254.647	28.4605
228.701	26.9444
241.905	25.807
234.122	33.0151
211.107	28.6356
310.006	56.4269
316.986	63.3246
203.254	21.3073
326.083	39.064
246.735	27.8209
298.428	43.4971
208.091	34.176
279.385	35.6931
269.171	32.1248
228.333	21.8174
265.799	35.327
232.91	42.4971
233.587	26.3818
201.405	20
267.414	54.6443
315.271	52.2685
220.756	33.1662
279.426	37.6032
249.433	27.7128
211.714	19.3907
216.527	37.1483
115.793	13.4164
301.065	41.0609
348.576	66.0303
251.585	31.8434
206.213	22.3159
265.285	37.8682
278.264	42.9418
259.544	40.4228
304.164	44.1814
262.149	52.2111
306.896	68.4105
192.876	19.6469
209.559	36.8782
339.638	73.1027
287.87	49.5984
330.235	37.2022
297.118	55.1906
315.498	48.4355
304.705	51.0294
208.279	25.3772
336.028	69.6707
498.922	97.8264
628.311	276.369
684.346	286.294
451.175	81.7557
649.298	281.851
629.519	276.525
455.42	83.5105
460.608	62.53
514.318	92.844
512.672	93.2416
598.471	242.421
526.92	91.8368
438.699	71.6519
625.393	268.522
553.57	106.864
656.439	280.282
487.096	87.327
466.961	76.5376
613.027	276.662
679.462	282.415
460.03	73.253
666.248	285.675
574.799	279.163
585.941	278.129
414.573	48.4355
629.659	267.903
653.593	278.316
432.618	51.7687
328.559	43.909
575.455	105.395
523.194	95.5196
536.826	98.7826
590.813	254.11
653.768	284.162
624.153	280.186
663.94	281.553
453.393	81.2773
661.164	277.953
598.891	261.798
401.483	78.1409
478.942	82.0122
445.034	69.728
632.843	282.489
637.465	280.956
649.937	281.357
590.251	283.041
495.874	107.452
506.842	97.4372
671.99	278.029
335.602	70.9084
641.452	279.832
432.866	73.2939
663.826	284.721
677.767	282.744
499.52	82.6801
394.848	66.4078
431.073	64.6993
363.346	70.4131
473.98	66.9776
606.298	274.376
539.29	219.891
600.157	145.485
435.62	84.3208
514.526	81.7924
594.897	277.482
616.502	283.111
588.903	276.243
680.919	278.528
620.393	279.464
644.133	283.358
635.692	276.261
430.141	78.9683
421.599	67.424
489.267	120.897
633.002	274.762
424.391	58.1893
630.143	278.883
666.431	281.464
583.097	271.603
307.552	40.05
466.43	70.4131
356.488	47.5815
414.523	73.1027
440.051	69.2387
415.322	54.6626
473.738	87.6812
595.047	272.866
483.592	96.8504
509.584	89.3756
490.443	73.2393
552.548	258.677
488.115	62.45
579.588	100.17
655.944	280.806
601.156	274.835
468.693	77.756
467.715	102.849
588.408	278.209
650.794	272.881
609.233	282.485
609.533	259.465
659.363	281.276
413.977	71.3442
670.873	283.986
530.826	107.173
428.957	77.3175
412.861	70.6824
500.941	116.207
454.123	60.597
679.344	276.424
484.438	80.2372
401.121	52.9528
342.396	39.2938
624.605	277.186
428.264	49.558
684.664	284.313
455.558	86.4986
608.005	264.223
562.149	271.617
475.051	83.9166
665.256	284.661
396.239	70.8661
620.136	283.157
666.131	285.366
659.519	281.357
664.215	280.959
344.765	58.9915
489.71	63.7809
495.745	100.01
449.627	79.0822
427.996	103.692
356.462	63.1981
596.661	278.054
580.955	275.434
590.191	276.807
423.804	74.1215
382.792	69.1809
663.19	287.169
475.3	62.3378
386.056	60.7124
679.873	276.868
431.503	74.4043
458.811	83.9881
528.173	106.311
569.062	273.134
663.719	282.199
640.86	279.174
606.947	260.085
667.107	285.902
641.775	274.015
563.246	121.359
438.66	73.9459
629.788	277.604
662.266	284.025
318.675	41.2068
676.891	274.565
431.921	71.8331
676.833	285.794
606.996	281.847
481.433	89.398
495.286	112.818
623.118	273.203
679.807	281.542
383.184	56.8507
520.806	111.839
377.835	68.3813
608.414	268.73
619.368	267.638
405.365	65.2687
494.514	230.894
381.178	69.7137
432.108	66.6333
465.992	84.0952
434.131	83.6062
551.992	108.434
488.834	79.9875
629.505	276.467
501.137	85.9535
451.348	72.9657
646.706	277.467
640.269	274.223
619.757	281.471
581.583	279.306
469.049	69.5126
650.052	284.13
357.409	42.332
538.729	78.3071
474.251	69.3253
645.012	285.167
488.396	80.4239
646.332	282.33
641.256	282.337
553.566	251.082
584.428	272.43
599.004	268.939
619.595	264.416
474.452	71.218
344.253	37.8153
454.9	93.9574
575.296	110.58
228.386	25.4558
289.169	46.4327
277.674	40.0999
210.435	27.7128
217.543	21.3542
241.518	29.6311
222.852	45.7165
282.581	36.7696
239.742	29.6985
260.108	43.9773
310.913	57.4456
330.058	57.1314
206.32	32.7414
273.366	30.1993
287.094	44.7661
256.794	42.0714
321.402	40.6448
293.334	37.7094
239.94	29.8998
318.809	55.4977
297.584	50.8527
179.544	20.445
311.721	47.3286
253.846	34
213.206	27.4591
262.36	27.8209
319.744	38.3406
263.518	32.1559
224.377	25.9615
328.405	41.8569
214.439	32.0936
262.467	33.9117
286.719	44.0227
218.158	25.6515
250.553	29.4618
316.09	38
329.697	38.833
202.726	28.9482
282.338	30.8221
286.822	36.1109
247.697	33.8821
310.119	50.951
205.124	32.4962
257.68	46.0217
241.704	31.3688
321.646	49.3964
213.347	19.9499
281.846	39.5474
321.012	56.4092
259.1	31.273
268.457	35.0428
247.275	36.6606
321.624	55.1181
241.228	37.6563
232.755	42.45
227.554	29.2916
244.696	42.8719
231.664	28.0357
224.629	20.0998
300.426	48.949
258.675	31.305
251.935	36.9324
205.755	25.02
291.482	42.9185
279.945	46.4543
273.024	59.5483
248.797	23.622
372.337	103.121
267.423	33.4066
231.791	28.4956
245.202	42.7551
255.838	31.496
318.286	68.352
322.003	49.7795
301.35	31.8748
273.379	40.6448
220.304	22.5389
282.092	47.2229
309.919	37.7359
315.764	51.6527
266.71	38.704
395.358	85.9069
294.457	42.19
351.557	63.4192
196.02	25.3377
307.493	52.0384
236.102	30.9193
208.528	24.6577
273.156	50.6557
367	68.9638
288.177	48.3942
289.643	42.2611
261.931	32.0936
279.954	32.5883
226.484	28.0357
287.901	43.0813
198.293	26.3059
275.757	35.609
276.411	28.7054
266.368	44.6318
250.306	35.242
322.293	41.6653
245.092	38.3667
247.53	46.1736
289.266	42.9884
206.524	27.1293
235.625	41.328
380.705	101.833
317.742	46.0869
315.333	44.699
334.812	50.0799
267.049	36.3868
307.397	42.5911
245.974	31.4006
267.032	43.4051
263.063	42.45
277.323	30.0666
235.514	25.9615
320.141	61.2209
308.618	51.6333
326.474	42.1663
258.689	36.7967
272.362	40.8167
280.03	30.7571
265.272	38.0263
299.666	45.3211
316.694	42.6615
246.54	33.0151
266.948	31.7175
265.607	33.0454
326.247	51.7494
295.239	36.8782
280.401	34.0588
223.247	26.9444
213.282	37.7094
219.253	22.0454
256.844	27.313
248.916	26.6833
270.45	31.7805
313.292	48.1871
231.54	31.6544
351.916	64.7765
273.794	22.9783
306.671	50.02
327.286	76.8375
337.8	55.5698
192.616	19.6469
282.724	37.7094
316.572	51.4198
283.415	47.0106
146.034	19.8494
329.992	42.4264
280.589	123.296
237.935	21.9089
347.668	52.0192
289.557	39.3954
299.88	52.2685
245.872	33.1059
298.692	40.2741
219.445	25.2982
253.937	39.0128
275.085	34.641
244.291	37.7359
297.458	49.1325
229.719	38.1051
260.069	43.0349
319.479	45.4533
161.527	19.2873
268.5	49.2138
256.351	31.9687
347.454	62.9603
206.313	35.1852
315.246	61.7738
271.512	30.4959
341.621	57.7581
269.019	36.9594
190.976	23.9583
253.115	29.5635
304.498	48.621
194.314	29.2233
368.635	125.976
288.754	51.1468
350.541	41.3763
249.489	23.2379
317.833	44
318	42.332
267.718	47.9375
306.129	46.5833
312.263	52.9339
318.773	64.3894
272.769	42.6146
281.153	41.7133
309.471	40.4969
313.177	66.0303
303.796	26.8701
334.251	58.0517
197.813	16.8523
202.223	21.587
323.92	63.0555
331.631	44.7214
696.165	278.726
614.037	268.559
408.952	54.626
628.848	272.198
530.665	112.472
414.457	68.2349
651.361	277.309
467.18	108.388
511.564	69.6276
349.501	47.2229
656.267	280.064
626.335	273.591
569.931	253.468
621.009	272.613
618.383	273.766
604.007	269.611
607.326	278.571
395.329	82.7043
576.232	270.437
649.714	277.406
346.729	41.4246
613	270.093
649.629	275.844
438.188	112.57
646.125	277.528
386.286	60.9426
654.842	280.931
499.752	111.167
434.31	57.0438
612.43	281.759
442.201	79.0063
603.112	275.888
420.199	57.9137
391.615	64.1872
583.605	278.973
619.464	276.984
638.425	276.951
567.662	131.719
430.17	76.9545
540.687	116.026
606.608	281.151
686.851	281.478
612.372	272.467
394.179	56.9386
560.297	275.623
625.284	274.576
634.125	272.701
466.275	98.8231
577.542	175.676
660.591	279.396
605.719	268.66
657.738	270.814
376.062	47.6025
643.281	281.656
665.577	283.27
383.115	86.0233
579.22	276.116
430.239	74.0135
567.263	273.13
404.336	78.1665
639.646	269.214
488.111	118.499
633.447	261.224
496.824	128.67
621.203	278.916
576.661	261.033
633.337	279.607
503.371	141.598
456.272	107.238
489.804	80.0375
509.39	106.179
555.127	121.713
644.839	281.72
402.549	71.1196
567.31	259.006
362.242	65.8635
682.696	284.749
647.507	280.446
515.373	109.636
671.173	282.216
358.912	43.7721
593.579	262.473
543.793	260.952
656.501	281.453
568.699	128.219
479.875	81.1419
631.386	278.032
358.987	59.7327
642.445	281.02
425.923	58.258
626.883	269.084
652.393	283.341
616.817	278.5
496.269	91.8041
468.691	84.9824
614.115	272.617
463.199	85.557
607.018	267.985
619.187	275.492
660.003	282.475
369.329	79.1328
465.357	92.5419
529.913	80.6474
498.237	136.945
610.193	277.442
692.275	279.686
484.452	87.9886
459.204	92.7362
449.987	89.4204
483.449	98.7421
454.255	68.5565
477.771	124.081
624.022	275.634
588.37	271.525
463.076	92.9408
653.592	275.598
572.171	266.934
408.299	88.0682
596.363	280.528
640.474	275.184
595.195	272.533
637.195	138.989
636.231	279.328
591.15	277.582
685.74	283.725
388.419	67.1565
660.092	281.876
466.078	77.408
651.577	269.748
601.944	276.293
597.484	281.272
614.907	267.974
623.171	270.61
348.455	59.4306
596.061	264.824
421.3	71.3442
386.338	69.0941
630.083	274.277
620.955	277.027
682.221	284.798
402.695	81.719
568.887	264.575
605.053	271.345
507.496	107.406
673.49	280.061
530.352	116.953
435.215	105.052
510.202	117.448
636.684	274.583
628.446	279.718
520.188	103.808
618.604	275.888
629.493	274.605
646.501	270.126
656.731	278.97
575.394	128.187
488.695	88.295
606.6	272.522
452.491	115.724
405.44	76.2496
672.903	283.461
398.841	73.3212
449.868	86.7871
654.417	284.032
597.791	134
602.169	272.969
617.552	271.765
484.522	98.4073
338.548	58.8218
638.833	278.309
381.285	62.514
413.77	69.0941
612.965	264.579
394.258	57.4456
675.61	279.542
634.646	272.973
465.546	85.3815
623.065	278.848
359.875	55.3534
519.062	109.453
361.874	81.5353
469.016	91.6297
657.548	282.588
388.816	77.5242
487.001	114.377
585.136	254.039
603.394	275.532
391.572	72.581
676.556	278.14
597.982	269.874
620.779	280.064
410.858	68.4398
473.595	108.729
599.732	263.776
639.237	274.044
527.551	263.089
609.016	273.339
606.111	274.682
347.592	53.647
629.188	278.072
302.389	116.499
295.505	35.2987
185.408	20.7846
311.929	87.8749
202.606	21.2132
276.38	40.8412
247.548	23.7487
271.341	48.8057
210.658	28.6705
214.767	29.4279
279.795	33.2566
311.917	46.8188
246.976	29.8998
278.889	57.931
329.756	57.5674
204.727	25.8844
276.874	57.1139
207.788	22.6716
337.577	50.2792
238.77	40.4722
288.307	52.7636
278.631	35.4119
296.28	45.4753
296.334	46.8615
267.215	58.258
258.292	38.9615
189.291	21.9545
255.368	44.5197
255.443	33.8526
278.916	46.669
313.908	55.2087
244.939	41.9524
305.308	39.8748
204.805	31.273
359.057	76.9935
294.73	51.4198
136.821	22.8035
277.474	52.5357
315.862	49.7795
236.14	31.273
272.45	53.1977
256.942	45.913
347.528	75.0999
278.009	37.3898
272.905	38.6005
180.903	24.1661
347.97	53.8702
287.487	54.9181
180.801	24.2899
246.327	32.187
251.577	45.9783
335.795	103.344
253.667	34.4674
290.302	33.4664
273.81	35.8887
285.638	54.7357
301.947	55.8749
236.413	36.8782
286.501	47.4763
279.174	44.4747
280.843	29.0172
303.855	58.7026
283.265	45.1664
306.25	55.4977
265.522	31.0483
286.547	42.5206
284.194	43.382
291.626	55.4076
245.412	37.7094
295.369	47.6025
198.111	32.0624
304.925	50.3984
338.847	84.5222
316.313	50.7346
308.229	45.4973
176.692	30.7246
285.545	46.9468
129.48	17.7764
210.829	23.0651
314.267	59.0762
297.582	46.6262
324.975	60.6795
278.48	47.4131
251.084	33.1059
273.32	54.1664
152.64	24.0416
306.692	52.8772
261.423	36.9053
165.203	29.6311
277.703	44.4747
319.825	52.9339
262.755	45.5851
174.218	25.4558
316.79	56.7098
275.133	49.6387
206.342	31.9374
278.491	39.0128
308.25	58.0689
237.971	24.6171
162.81	24.0416
306.793	54.7905
311.042	51.1859
301.226	64.1716
213.209	36.7967
207.041	29.4958
254.415	49.0102
260.833	36.5787
243.216	32.9545
234.013	37.9473
299.1	56.3205
321.394	60.4649
350.277	129.453
270.736	50.9706
280.68	61.5792
249.726	41.2795
260.691	45.5412
295.956	46.6476
316.221	57.6194
297.352	44
244.618	52.2303
304.008	38.4187
221.111	31.5278
311.289	52.1153
235.934	32
151.549	17.4929
245.412	48.1248
278.252	58.4637
301.211	44.6766
230.059	22.4944
346.797	97.6217
153.542	23.8747
250.805	45.2548
338.457	61.9355
270.965	53.4977
296.552	55.7315
285.981	41.4246
280.533	27.7128
266.777	59.0931
257.866	34.9571
333.423	56.107
177.601	25.8457
248.204	34.0588
268.069	46.2385
334.509	63.4192
326.777	65.6658
220.964	28.4605
278.138	35.2704
279.7	36.1663
290.057	43.4281
299.735	48.2286
207.666	44.1135
151.671	24.2899
288.123	48.7647
237.386	45.6946
273.379	44.4747
283.039	51.1664
302.528	63.8592
313.696	46.669
309.5	45.9565
192.427	25.1794
187.625	30.133
299.456	46.2601
297.072	56.2317
335.815	43.9318
337.734	67.4833
310.147	42.3556
287.72	42.7785
161.443	28.8097
253.673	35.0714
251.817	24.8193
251.877	47.5184
305.192	63.6553
331.785	63.6396
212.944	28.9828
235.97	31.9061
216.7	34.2929
311.35	50.3786
288.47	42.9185
253.866	56
285.993	44.1814
248.236	42.3556
304.348	45.2106
344.968	63.7338
139.352	25.6125
240.77	43.4511
305.48	77.0454
217.101	33.1059
193.217	33.1361
328.63	50.636
191.661	28.0713
267.522	58.4808
153.925	22.8473
258.517	39.9249
299.778	38.6005
247.948	42.5206
286.54	47.0319
177.446	26.6458
238.225	37.4967
255.08	55.3895
374.025	76.6681
