0.604111	163.725
0.257059	152.276
0.691513	228.079
0.671485	176.856
0.691619	148.721
0.691655	177.803
0.691566	175.539
0.691533	174.402
0.463492	168.565
0.691606	211.509
0.691628	164.292
0.691312	204.949
0.618203	144.548
0.691573	186.542
0.691508	145.829
0.691505	195.407
0.691604	200.335
0.351588	122.597
0.691551	157.226
0.691617	161.115
0.691548	179.159
0.681075	135.956
0.691446	189.462
0.674616	162.929
0.691448	192.878
0.69153	209.49
0.69156	181.119
0.691245	190.793
0.691517	161.536
0.691372	155.448
0.649295	169.924
0.691104	164.372
0.691728	168.143
0.691441	157.251
0.637389	165.626
0.691594	173.009
0.638917	219.007
0.465343	188.897
0.691562	194.165
0.670992	193.706
0.691414	193.334
0.691444	196.362
0.664853	217.619
0.627042	138.55
0.691661	168.535
0.691469	170.441
0.69168	150.1
0.691626	189.172
0.691538	193.401
0.691549	214.579
0.69148	209.089
0.691531	167.869
0.691587	206.775
0.691368	192.889
0.691593	177.059
0.252371	128.725
0.691505	179.366
0.691735	187.329
0.691372	165.68
0.69151	192.297
0.69167	217.2
0.691517	208.456
0.680702	176.901
0.691693	164.25
0.621102	172.968
0.691565	168.375
0.668651	177.966
0.691294	212.814
0.691524	203.735
0.691581	213.274
0.674749	185.467
0.691541	157.645
0.645368	158.663
0.58856	140.364
0.69136	188.08
0.691355	219.148
0.691655	177.983
0.483727	166.355
0.691486	183.728
0.620275	180.183
0.679109	188.064
0.69147	163.132
0.69157	202.963
0.577423	146.376
0.691306	223.732
0.69142	221.806
0.604558	174.991
0.627694	187.088
0.4695	171.598
0.271258	138.629
0.691529	185.65
0.33443	108.591
0.691499	190.898
0.691391	182.516
0.567628	177.651
0.50513	157.379
0.656028	188.563
0.691459	140.335
0.681377	163.407
0.691619	172.708
0.691509	188.218
0.691455	190.714
0.583315	147.336
0.691445	224.66
0.691325	193.06
0.69153	152.118
0.691547	169.021
0.691745	207.128
0.691582	150.685
0.691514	158.398
0.607086	152.25
0.691415	153.825
0.640839	191.625
0.691326	164.286
0.691484	177.949
0.316991	113.552
0.675211	193.018
0.691591	203.155
0.691381	200.943
0.691583	189.884
0.691398	153.356
0.691518	215.601
0.691563	129.174
0.654562	200.783
0.691618	178.639
0.691647	180.094
0.691568	180.355
0.69122	213.476
0.691481	159.919
0.691412	214.942
0.691451	186.306
0.587769	191.682
0.638203	154.874
0.691474	191.431
0.691562	169.287
0.48941	163.212
0.691681	169.352
0.691646	168.131
0.691574	129.861
0.654781	122.401
0.691424	131.415
0.691565	161.177
0.691238	221.391
0.69137	190.589
0.666724	218.422
0.691513	157.911
0.666869	159.725
0.632326	167.94
0.69149	193.866
0.691439	193.054
0.558575	122.678
0.691503	215.537
0.691677	159.693
0.691633	184.234
0.691467	158.322
0.691591	201.941
0.672302	207.157
0.691378	198.494
0.575429	148.593
0.691476	180.704
0.670622	155.596
0.691553	160.35
0.69146	193.701
0.218234	90.6422
0.691459	191.984
0.691423	180.782
0.546876	141.4
0.691346	201.797
0.661054	224.566
0.691306	188.706
0.691434	124.193
0.691449	207.99
0.274423	127.059
0.691465	177.234
0.691524	120.075
0.639289	147.993
0.674894	167.815
0.691413	198.283
0.691413	150.884
0.691574	179.767
0.638068	191.207
0.557158	87.3957
0.621393	127.593
0.691597	169.594
0.69154	163.193
0.691372	216.287
0.691639	172.203
0.42005	130.996
0.691569	178.695
0.646783	182.406
0.530941	115.464
0.569137	203.18
0.602686	190.079
0.691555	207.085
0.691473	152.892
0.69179	88.0909
0.525025	173.718
0.691519	181.681
0.350994	117.346
0.691492	111.041
0.201936	159.7
0.187277	98.2548
0.156956	67.1416
0.0123047	25.6515
0.152423	114.569
0.128818	69.6707
0.0546874	111.83
0.0797841	139.95
0.0893616	163.297
0.0470852	68.4251
0.00748552	80.3617
0.208324	124.563
0.0348406	78.256
0.066417	130.177
0.0952101	157.766
0.128574	112
0.0654486	94.9737
0.203349	63.5138
0.160074	87.3613
0.240202	75.8947
0.0373959	35.0143
0.148894	52.6118
0.163557	96.623
0.154331	77.2787
0.0351458	71.638
0.233388	119.892
0.101242	105.754
0.162717	163.352
0.0806552	123.782
0.0887378	107.907
0.144958	168.725
0.13639	130.438
0.052851	133.581
0.114575	75.4453
0.0635093	82.1706
0.149191	115.326
0.081565	118.945
0.145769	116.516
0.0866692	131.598
0.0953717	26.2679
0.10826	90.6973
0.135897	52.0961
0.0707795	147.553
0.0478128	82.4621
0.0492928	40.9145
0.0779574	100.16
0.20593	47.1593
0.0734909	128.553
0.0201992	25.4558
0.063886	72.4431
0.061107	78.4092
0.00117984	7.34847
0.24718	135.292
0.103853	129.746
0.146872	89.1964
0.0820263	99.4786
0.0425178	72.6774
0.0477122	77.4726
0.234175	145.842
0.137446	122.906
0.131851	111.176
0.0335246	115.317
0.136204	109.535
0.187974	166.397
0.0321936	116.017
0.234422	168.095
0.0772292	82.2922
0.0605279	126.649
0.209043	139.592
0.101062	86.5101
0.0313132	42.19
0.138326	88.4873
0.114436	50.3984
0.239942	107.35
0.0241075	64.3894
0.0575044	66.8281
0.268302	81.2281
0.0628166	94.9526
0.0165006	113.437
0.165931	105.783
0.151087	106.047
0.0465937	73.212
0.175989	67.9264
0.197936	128.398
0.235713	105.821
0.137312	118.895
0.0770411	136.191
0.0941787	70.9084
0.0784544	113.199
0.0470934	108.95
0.184828	114.018
0.0487857	134.863
0.201139	111.946
0.0496437	132.461
0.116344	123.077
0.247752	154.383
0.0554611	69.4694
0.100454	77.9872
0.306	127.083
0.119588	133.319
0.0290399	129.877
0.105513	100.817
0.140945	126.071
0.0852249	109.471
0.178777	75.1798
0.122066	89.9444
0.185444	115.074
0.0666895	76.6681
0.0522209	126.799
0.0817312	77.1881
0.239396	113.517
0.0278069	131.446
0.126182	113.111
0.158046	113.27
0.0737562	80.1374
0.134005	112.623
0.122205	153.851
0.0505468	89.6214
0.0831783	94.7418
0.309183	124.547
0.153788	85.7205
0.12691	82.4742
0.363692	90.0777
0.0940943	75.4056
0.0860898	138.427
0.136421	138.036
0.248391	154.415
0.240693	174.235
0.104147	127.161
0.067507	77.6273
0.159054	158.902
0.122772	115.62
0.0943897	52.7257
0.146286	73.212
0.145396	125.587
0.215202	171.266
0.251405	118.279
0.221876	98.0408
0.0639975	70.214
0.0475367	122.344
0.0855007	99.7998
0.170752	117.132
0.104191	74.552
0.100896	114.184
0.0940822	64.467
0.0806465	76.2365
0.0717337	130.499
0.109932	87.178
0.154531	122.646
0.105733	154.926
0.0674441	64.1093
0.132691	126.174
0.0518003	101.705
0.0543754	96.9742
0.0217242	124.29
0.183697	94.414
0.138673	80.9074
0.0195289	117.312
0.0485692	78.5621
0.120209	72.2772
0.0712349	8.48528
0.0480385	61.4817
0.0773361	65.7267
0.223549	139.693
0.0548137	131.21
0.0589594	79.6367
0.17728	135.794
0.124988	77.1492
0.0844132	53.5724
0.0820898	121.787
0.0278476	62.7216
0.0837528	107.629
0.155124	97.9285
0.146812	101.064
0.0404557	37.3363
0.120855	103.923
0.13295	85.7555
0.146837	90.1887
0.0903535	54.3875
0.224076	114.508
0.159842	99.0555
0.24731	129.081
0.19283	116.662
0.163581	68.3959
0.200177	61.6928
0.24962	115.836
0.238045	141.4
0.0576816	62.9285
0.166536	104.451
0.0672777	93.7017
0.0579315	86.3018
0.0576952	102.157
0.0578545	104.623
0.0680603	57.7754
0.0937357	76.7463
0.0611094	50.7149
0.0752329	111.848
0.357565	133.626
0.129746	40.9634
0.122709	103.121
0.678501	160.922
0.618646	158.55
0.626943	171.709
0.69153	203.769
0.398185	148.162
0.691424	218.229
0.691703	152.683
0.286213	114.42
0.677681	209.829
0.339656	101.449
0.691597	209.628
0.69166	86.8447
0.691414	216.606
0.691512	169.517
0.691388	166.691
0.421699	109.325
0.691283	224.205
0.691546	206.432
0.691521	239.47
0.691532	215.958
0.691326	218.348
0.661759	222.045
0.691627	183.423
0.691457	165.777
0.691486	197.742
0.691556	231.499
0.622215	202.272
0.629337	175.18
0.559604	174.528
0.691225	191.259
0.575405	113.842
0.691506	204.157
0.673437	220.549
0.691664	198.237
0.675027	197.611
0.691421	174.511
0.691495	216.739
0.667731	159.198
0.604544	218.852
0.691422	192.38
0.460456	173.557
0.691702	223.49
0.671363	175.288
0.461817	167.619
0.659629	156.755
0.691592	173.591
0.691252	200.31
0.646039	162.972
0.305155	100.14
0.665279	206.325
0.623644	189.536
0.668476	221.567
0.691713	146.867
0.691346	231.715
0.49804	214.061
0.472105	181.929
0.639139	113.842
0.691354	170.441
0.691507	179.967
0.691544	199.223
0.691719	210.124
0.691647	151.493
0.654251	179.299
0.6915	196.01
0.691578	204.89
0.176277	85.8953
0.691475	238.382
0.691685	172.997
0.691533	110.508
0.54755	168.594
0.534441	126.752
0.691417	198.444
0.691314	193.318
0.668456	196.184
0.691781	209.108
0.691272	182.959
0.691385	231.642
0.691635	202.43
0.650682	186.236
0.633128	192.234
0.691521	177.921
0.691435	166.595
0.647657	182.242
0.660381	158.455
0.691471	202.638
0.691556	160.804
0.691357	156.538
0.691443	209.91
0.691537	203.627
0.691551	184.375
0.69163	200.37
0.69156	180
0.691389	221.409
0.640051	177.291
0.647247	183.946
0.546379	165.873
0.691487	171.056
0.691668	180.183
0.69135	178.734
0.691479	224.343
0.691495	151.003
0.672957	193.386
0.691756	161.276
0.691596	204.656
0.691435	209.151
0.473206	114.987
0.691511	206.954
0.674999	160.68
0.67261	169.198
0.691285	194.746
0.691465	227.873
0.635812	179.744
0.657514	172.157
0.691501	128.367
0.691412	221.007
0.6915	174.683
0.691531	182.005
0.691341	207.176
0.582931	181.406
0.601772	194.345
0.543393	149.8
0.563026	174.677
0.691348	184.456
0.691566	183.139
0.691628	189.536
0.657893	187.899
0.691573	190.284
0.691411	166.529
0.66476	165.415
0.549545	153.493
0.623187	170.335
0.69146	212.401
0.604884	202.953
0.691508	174.534
0.691325	203.007
0.60767	237.411
0.607873	158.959
0.691707	163.218
0.691494	223.897
0.65333	172.667
0.691552	217.679
0.674205	190.147
0.197355	149.566
0.563279	159.286
0.691492	214.611
0.61969	117.337
0.46643	136.806
0.691498	205.631
0.670816	164.912
0.691545	234.034
0.691495	147.513
0.619349	185.208
0.666376	190.777
0.669135	161.158
0.691459	204.954
0.661515	127.695
0.691648	198.827
0.691612	151.03
0.293201	119.842
0.691359	196.743
0.540644	129.344
0.691233	196.026
0.625143	172.064
0.463847	129.692
0.691598	153.903
0.691659	195.161
0.691627	210.457
0.497761	127.906
0.691717	155.795
0.523782	108.701
0.63796	188.727
0.606051	188.425
0.691528	199.875
0.659821	194.402
0.691638	200.055
0.691464	185.413
0.691553	156.256
0.691236	206.407
0.556984	149.318
0.69148	210.167
0.609128	79.1833
0.184802	143.562
0.691469	172.406
0.658427	206.097
0.369919	77.0973
0.691659	156.735
0.574411	164.924
0.691656	171.272
0.507428	140.271
0.691344	200.31
0.69129	206.582
0.646949	219.65
0.691148	215.026
0.691606	202.03
0.691496	211.476
0.691423	168.47
0.691357	201.47
0.691441	215.179
0.557658	173.943
0.680139	174.419
0.223363	161.462
0.241099	127.224
0.078891	79.9125
0.127328	80.3617
0.0692059	88.9494
0.0478022	72.4431
0.152306	108.977
0.0340915	57.0964
0.11175	42
0.249355	147.729
0.0658296	67.3053
0.0744994	79.6492
0.188003	143.68
0.0815521	94.8999
0.20335	114.621
0.0629116	21.7715
0.0940529	138.492
0.214569	138.766
0.0663953	80.1623
0.120176	48.7852
0.0787328	116.79
0.121904	159.405
0.0416738	34.7275
0.124487	72.8011
0.0943837	116.112
0.132698	93.9361
0.125017	106.593
0.0225641	150.393
0.268133	155.775
0.191902	69.4838
0.136079	91.4986
0.183871	84.1665
0.117938	152.951
0.244401	109.809
0.22402	116.043
0.160159	115.681
0.137356	83.1865
0.138408	79.4355
0.212106	106.593
0.0517333	88.8594
0.0547634	49.7192
0.0688901	24.6577
0.0719637	97.9183
0.0835944	79.5613
0.259343	159.581
0.137033	76.3282
0.232292	128.421
0.308661	123.264
0.0154614	14.1421
0.266188	139.298
0.0486453	80
0.127169	67.2904
0.0704213	66.9179
0.19156	105.043
0.180191	139.786
0.137992	62.3538
0.171113	122.605
0.0515188	25.3377
0.0644504	119.516
0.0864676	108.083
0.119626	35.8329
0.210378	92.1195
0.0732416	84.0357
0.111004	98.5698
0.0924335	95.6556
0.191326	65.0999
0.0738372	45.4533
0.106098	140.057
0.0880038	168.731
0.0873802	115.845
0.0941665	117.83
0.155881	132.068
0.242563	171.523
0.0363573	94.6361
0.0908089	122.695
0.226251	120.05
0.108383	123.191
0.0931194	89.4427
0.277737	136.404
0.0494416	57.0789
0.11919	105.176
0.0908689	13.7113
0.11568	66.4981
0.074831	117.567
0.0678345	37.3095
0.220572	44.4747
0.0129159	143.764
0.13641	107.452
0.0823301	82.8613
0.221581	151.023
0.219464	155.788
0.057951	73.5663
0.0863634	43.2435
0.20428	96.8814
0.123153	64.1872
0.236464	115.091
0.173322	161.543
0.257416	177.409
0.195028	151.083
0.180029	135.396
0.0878356	85.4634
0.270031	135.167
0.240008	108.379
0.0728167	76.7072
0.0888916	59.5651
0.20661	83.0542
0.105495	90.7083
0.0801278	39.37
0.107322	136.286
0.135622	68.4105
0.143484	19.2354
0.0625646	175.442
0.130133	130.169
0.0721195	88.7919
0.20946	122.556
0.192499	134.796
0.209385	77.6015
0.0466096	32.5269
0.133542	130.637
0.0637915	18.2209
0.258478	148.385
0.189741	79.1454
0.223524	126.301
0.0874391	138.766
0.169829	129.329
0.126868	133.978
0.167959	97.4372
0.121503	98.732
0.0906534	95.9271
0.129966	84.2378
0.0575574	57.2014
0.195896	114.368
0.192662	140.071
0.0846186	113.305
0.246332	124.74
0.241544	112.552
0.127197	78.1921
0.102794	124.314
0.0682423	61.1882
0.302183	142.871
0.198471	102.069
0.140339	131.24
0.140354	92.4338
0.126851	91.7388
0.0738765	79.8624
0.276878	171.336
0.240831	154.635
0.244161	135.993
0.0798146	144.748
0.0206941	28.775
0.223229	128.857
0.273673	192.338
0.264859	163.463
0.101718	68.8622
0.0335528	46.1086
0.168653	94.3822
0.166298	82.994
0.264877	188.245
0.179334	91.4986
0.198182	126.736
0.122437	136.132
0.143697	52.4786
0.117437	153.773
0.0769547	59.0254
0.081571	65.4981
0.285543	190.415
0.0904605	147.18
0.0896612	95.4254
0.139033	157.207
0.153361	173.534
0.0646808	95.3625
0.121915	115.879
0.0727416	38.1051
0.140315	155.84
0.0466657	30.9516
0.217645	128
0.193717	149.131
0.129949	39.0128
0.182157	102.509
0.0309141	87.327
0.175631	96.0417
0.169292	56.6392
0.164469	124.932
0.081937	132.981
0.102734	111.982
0.178361	80.2372
0.0651744	128.53
0.124347	155.512
0.0111594	29.5296
0.0921435	61.9516
0.118219	57.376
0.230159	89.6995
0.267792	137.499
0.117332	64.2028
0.123829	116.207
0.0937634	89.0393
0.201644	125.044
0.104925	122.589
0.0683377	123.353
0.0801319	38.2361
0.691187	222.917
0.691538	171.593
0.651347	178.93
0.691629	184.564
0.152501	118.668
0.69139	191.666
0.69142	178.505
0.691355	214.168
0.641384	181.725
0.529998	145.162
0.691492	184.667
0.600762	145.245
0.569098	143.143
0.691375	157.905
0.562317	147.892
0.691446	217.646
0.678139	192.156
0.675074	118.668
0.381847	107.629
0.601553	166.078
0.691479	149.205
0.691568	119.992
0.661486	199.394
0.595452	153.838
0.673478	197.307
0.691424	145.327
0.691656	155.981
0.691409	190.631
0.691399	185.154
0.691585	163.089
0.527013	154.861
0.691735	134.343
0.379092	120.033
0.691586	190.961
0.691594	145.945
0.636409	157.328
0.691763	196.117
0.353408	140.975
0.609619	194.838
0.648664	177.91
0.691506	163.021
0.664014	140.464
0.691488	166.247
0.691347	184.272
0.691863	93.6483
0.364245	184.792
0.691734	174.9
0.6915	134.067
0.69126	225.171
0.691479	169.794
0.520162	151.321
0.691332	180.544
0.691551	132.996
0.668193	187.729
0.574154	167.015
0.691598	152.493
0.585077	158.518
0.656018	164.244
0.691451	187.553
0.691403	210.599
0.691524	172.256
0.691579	160.15
0.691616	189.563
0.691578	179.293
0.643159	163.915
0.691371	123.782
0.691598	175.1
0.691344	213.766
0.619186	156.026
0.604855	116.164
0.691269	211.717
0.691474	178.561
0.691554	154.939
0.691354	166.493
0.665395	156.831
0.691527	169.299
0.691384	145.986
0.691231	147.939
0.691525	216.652
0.691516	187.665
0.674696	183.826
0.548863	152.375
0.691587	228.259
0.691415	144.52
0.648781	174.207
0.654479	160.537
0.0961217	140.3
0.652994	126.428
0.691615	221.545
0.667875	120.067
0.207254	98.6002
0.691517	138.347
0.639511	118.305
0.578989	115.369
0.691597	206.64
0.525791	131.195
0.69174	198.761
0.390223	147.071
0.691611	191.911
0.691398	162.358
0.691578	226.619
0.691543	178.421
0.691531	178.006
0.49149	200.634
0.691531	218.449
0.1242	124.161
0.691551	203.45
0.691631	184.765
0.666236	167.756
0.691327	199.61
0.691522	184.797
0.597032	140.414
0.69159	110.045
0.691404	177.234
0.691506	198.575
0.17327	103.131
0.691542	167.559
0.561537	161.202
0.555089	97.355
0.69151	159.305
0.691533	127.224
0.691602	190.079
0.69159	163.383
0.388869	128.771
0.638597	176.431
0.691534	171.826
0.411378	135.447
0.596215	179.933
0.648703	195.453
0.653863	143.812
0.691561	201.047
0.550735	187.926
0.691307	145.341
0.691577	182.088
0.691468	212.212
0.691609	153.154
0.615659	139.427
0.691587	190.72
0.691499	228.714
0.691159	189.547
0.242918	149.693
0.609173	178.163
0.691298	195.566
0.691373	171.056
0.691529	136.806
0.615757	101.232
0.69166	198.409
0.691372	222.324
0.661741	181.995
0.691683	194.761
0.691613	202.791
0.691531	219.144
0.691587	187.846
0.382275	135.07
0.691597	184.141
0.691654	146.751
0.691592	221.427
0.691354	166.811
0.67742	216.495
0.669114	184.315
0.691336	165.982
0.691468	241.392
0.69175	168.825
0.656764	171.493
0.691423	209.919
0.691561	165.36
0.643036	189.984
0.691586	199.404
0.303909	85.4868
0.624988	170.317
0.691473	225.712
0.291244	58.1378
0.691535	181.626
0.691447	198.741
0.648519	186.692
0.691317	182.351
0.668954	134.484
0.656495	186.938
0.69133	228.727
0.527423	138.022
0.615171	126.238
0.544586	137.128
0.666041	164.627
0.691697	200.25
0.610559	175.38
0.634652	157.461
0.619808	162.395
0.691435	198.076
0.660364	205.908
0.691446	189.262
0.303391	116.842
0.691512	175.824
0.691443	179.861
0.691499	197.97
0.691537	199.855
0.691546	182.06
0.691496	192.042
0.691532	166.018
0.399175	89.0842
0.653392	149.044
0.0565951	111.05
0.229237	173.182
0.102829	86.6949
0.133211	124.218
0.0613344	34.322
0.122421	77.0065
0.0596651	60.5145
0.354335	165.227
0.154219	142.197
0.0599009	120.441
0.152924	152.761
0.0981671	108.812
0.00771395	49.1935
0.174222	151.275
0.101689	109.197
0.139712	101.696
0.136316	110.173
0.0553069	71.5542
0.0634551	99.8899
0.0751765	137.906
0.302923	85.6621
0.179448	106.827
0.0211668	45.7384
0.256815	153.857
0.221566	133.192
0.151474	94.921
0.093379	95.9583
0.103823	77.3046
0.15137	86.4407
0.0887137	111.05
0.0446895	105.195
0.0875173	54.8817
0.0601938	80.4736
0.193457	102.694
0.0665287	48.3529
0.0898508	73.4302
0.157115	130.729
0.111889	108.536
0.061859	119.197
0.0721611	155.615
0.0441594	130.996
0.135154	83.1745
0.136457	110.055
0.0663694	38.0526
0.0777199	101.705
0.072246	143.965
0.0389438	33.2566
0.0662358	112.774
0.10201	98.8332
0.146476	121.91
0.0662009	70.8661
0.0759881	83.1384
0.0575792	48.1664
0.103118	119.231
0.0564115	79.6743
0.0742829	81.4125
0.110176	59.6322
0.0776657	50.892
0.195122	125.244
0.0979131	38.2361
0.0596078	63.4192
0.0639724	84.605
0.0902112	34.2345
0.145467	115.81
0.187043	60.2827
0.152657	102.908
0.359495	106.367
0.060221	79.0316
0.149923	124.185
0.115003	153.597
0.0822691	75.8815
0.132318	75.71
0.183238	98.2446
0.0547076	72.0417
0.124066	67.2161
0.0540746	76.5245
0.216742	150.983
0.0620172	77.7432
0.0789951	93.0591
0.221879	164.311
0.0736846	96.4572
0.186586	28.0357
0.0869627	56.6569
0.0739218	97.8059
0.06519	75.0333
0.0361424	55.3895
0.0460761	70.6399
0.224266	171.598
0.11717	97.6832
0.107224	122.931
0.120745	85.3346
0.25975	84.3327
0.075801	82.0244
0.13418	108.646
0.0844561	100.13
0.0776708	90.3216
0.0749334	72.3049
0.102419	107.042
0.0639964	104.115
0.125345	120.582
0.199469	168.458
0.27556	90.7744
0.113253	103.769
0.0310164	91.4986
0.0491527	122.385
0.138952	127.609
0.00734563	49.0102
0.119217	30.4302
0.269779	96.5505
0.113542	64.7302
0.273929	138.687
0.031194	42.8486
0.186164	103.344
0.0661796	89.6103
0.222533	136.711
0.0825638	76.3544
0.29164	123.507
0.0776657	97.3756
0.0628299	65.7723
0.0638965	62
0.0628736	61.4003
0.0354617	20.7846
0.0578862	63.7809
0.118141	95.7079
0.0483459	141.067
0.110736	79.3347
0.0521256	45.7602
0.189114	102.577
0.0574764	93.3809
0.285876	122.164
0.287644	103.17
0.119034	89.5656
0.0688078	49.3356
0.136521	128.133
0.0301127	71.0493
0.0968552	79.0949
0.122695	34.6121
0.209867	138.065
0.122231	59.4475
0.121762	88.713
0.150243	127.483
0.0905421	84.4867
0.0431265	104.795
0.0796978	66.4229
0.0221004	62.6738
0.142163	134.119
0.110878	76.4591
0.181097	75.9605
0.133049	124.081
0.0917323	35.609
0.107361	97.9694
0.0895349	105.584
0.229819	176.941
0.2148	133.499
0.018137	13.6382
0.131599	113.947
0.158401	67.3053
0.0508698	81.0679
0.2041	71.0915
0.0361027	75.379
0.0636263	46.5403
0.261805	131.985
0.127141	115.343
0.0541203	96.5401
0.119992	79.2338
0.1403	44.8553
0.153724	103.276
0.224467	80.7713
0.105371	78.3454
0.0173342	67.3053
0.181368	112.454
0.245643	87.9318
0.0700415	89.342
0.0479027	103.942
0.113893	80.5854
0.114387	62.2093
0.0988622	76.184
0.141459	109.526
0.120871	79.2591
0.0586727	58.0861
0.0732951	134.789
0.116663	118.819
0.232188	137.942
0.100889	74.1755
0.103108	128.109
0.109594	89.4204
0.093058	93.4773
0.0952166	122.057
0.0386895	51.1664
0.0286054	46.0435
0.110368	152.676
0.0177685	27.7849
0.0760387	47.8121
0.0533983	69.728
0.224557	118.743
0.0711462	114.035
0.0436265	125.658
0.0776432	97.2831
0.0287313	42.7083
0.118419	63.9375
0.691657	191.186
0.691516	194.422
0.631396	122.858
0.608939	95.9792
0.691562	213.49
0.65152	171.575
0.691535	195.637
0.691574	219.695
0.542618	160.854
0.691623	180.405
0.608104	117.201
0.691512	185.289
0.691676	204.216
0.545274	140.784
0.691425	177.082
0.63787	142.141
0.691497	192.749
0.653725	107.462
0.69164	190.877
0.6528	204.353
0.498788	153.74
0.553445	168.6
0.666812	135.41
0.691607	173.182
0.691587	216.652
0.691394	176.409
0.607292	176.946
0.691478	179.237
0.691298	192.966
0.640622	134.194
0.691531	221.982
0.691618	168.184
0.691464	153.538
0.691457	198.444
0.645586	173.02
0.488381	156.231
0.625277	181.901
0.53167	163.021
0.691663	164.524
0.691541	196.046
0.691747	175.636
0.464227	118.87
0.664251	185.704
0.691573	191.264
0.691468	227.121
0.691506	203.219
0.691481	179.488
0.657833	177.595
0.691219	188.425
0.691361	219.659
0.691507	205.251
0.691423	183.336
0.677183	149.746
0.691749	176.346
0.67394	165.922
0.69168	170.094
0.55791	123.305
0.691558	186.027
0.691768	169.287
0.480145	156.812
0.69148	177.325
0.691393	213.691
0.6916	177.263
0.691377	132.446
0.572486	139.979
0.652426	178.045
0.650772	142.597
0.691675	141.067
0.678396	147.472
0.691469	212.429
0.691339	181.824
0.691544	196.352
0.691347	211.438
0.691383	134.395
0.3119	105.432
0.691368	189.156
0.677307	202.973
0.69151	184.391
0.691541	171.942
0.691422	184.494
0.64063	171.895
0.6915	136.989
0.69146	181.681
0.691359	159.217
0.69136	189.082
0.691554	210.495
0.666056	176.375
0.691454	165.197
0.691785	136.499
0.691562	174.367
0.691671	199.153
0.691545	138.737
0.646685	144.921
0.691578	211.948
0.652422	170.564
0.691595	206.306
0.328144	139.004
0.691529	201.861
0.555131	154.032
0.679626	197.307
0.691625	206.703
0.691497	152.774
0.671346	180.161
0.199558	127.851
0.691493	152.191
0.64588	163.902
0.658432	175.682
0.691561	214.802
0.450512	122.735
0.691521	182.636
0.680203	169.169
0.691356	195.969
0.460928	120.996
0.691477	200.644
0.691388	161.512
0.637405	206.857
0.691503	139.241
0.691624	202.376
0.633645	176.176
0.2019	130.843
0.691557	206.068
0.691496	156.825
0.691657	179.733
0.410584	132.068
0.596189	117.081
0.60693	162.997
0.651411	165.849
0.630795	180.133
0.691723	178.006
0.691583	193.127
0.691586	206.233
0.691505	217.435
0.642599	142.106
0.618034	150.871
0.677888	174.385
0.211907	115.819
0.691551	189.858
0.691292	203.076
0.691674	167.26
0.691568	160.3
0.501145	113.991
0.667609	152.204
0.470136	116.987
0.662524	181.731
0.691427	187.782
0.691391	206.039
0.691461	185.704
0.129208	96.1665
0.691454	168.22
0.67235	233.431
0.691314	212.514
0.691484	183.074
0.659458	182.822
0.691562	195.842
0.669785	180.039
0.652769	155.448
0.691566	215.165
0.435466	149.124
0.657393	130.062
0.691256	169.564
0.691434	221.982
0.691448	190.084
0.691503	167.23
0.691365	218.032
0.691566	162.364
0.691538	213.612
0.691619	201.012
0.691527	185.548
0.691692	204.876
0.691481	185.548
0.444934	158.127
0.480645	130.208
0.691758	201.96
0.580632	157.175
0.606647	181.505
0.606039	151.658
0.691532	189.932
0.665677	147.363
0.691368	145.719
0.667923	152.132
0.69143	221.463
0.691442	189.293
0.661987	189.235
0.691505	193.443
0.691229	160.493
0.691653	200.803
0.626325	150.997
0.618202	144.99
0.691609	206.814
0.660764	178.247
0.691384	163.316
0.691544	115.957
0.336979	98.9141
0.67427	198.55
0.691428	187.745
0.664815	159.028
0.385104	70.157
0.322266	156.045
0.691526	197.439
0.5797	135.307
0.0773898	8
0.06214	71.9444
0.0866517	139.707
0.0765501	150.639
0.261397	113.789
0.192808	144.194
0.0546864	107.369
0.0667222	120.1
0.17841	87.2124
0.116103	45.4753
0.0337706	30.4959
0.130162	71.3162
0.138586	37.6032
0.220258	173.816
0.214113	111.301
0.0459862	59.649
0.204678	134.067
0.0235246	38.1314
0.133825	111.122
0.171108	61.6117
0.0370665	64.9615
0.0741452	59.4811
0.0969154	68
0.098896	106.977
0.126107	119.298
0.0621948	102.098
0.12803	99.0757
0.126141	127.562
0.0664728	107.219
0.120037	162.757
0.0895226	70.739
0.079041	93.2416
0.240519	169.959
0.0256673	86.0233
0.196578	133.507
0.179292	83.2346
0.111552	119.532
0.167882	82.9699
0.103453	82.801
0.174186	116.97
0.128074	123.369
0.14531	116.172
0.0858694	112.383
0.0694736	96.8194
0.212024	105.271
0.0877068	70.157
0.121949	164.912
0.154782	159.179
0.107643	91.9565
0.0908774	150.572
0.236613	100.926
0.102247	156.601
0.20303	144.941
0.174238	104.986
0.119784	104.413
0.0753158	129.638
0.0941753	88.5099
0.103675	96.3743
0.124829	144.139
0.14036	105.451
0.0278328	103.092
0.0863609	39.5727
0.0766761	128.709
0.0569296	74.9533
0.162836	97.0773
0.160147	78.0641
0.14836	129.638
0.0906971	173.902
0.103327	152.026
0.121582	128.281
0.0336716	93.6056
0.0580587	102.635
0.132671	64.4205
0.0776052	76.8765
0.0792516	125.738
0.197757	139.95
0.274701	137.71
0.119276	113.119
0.120825	110.869
0.085926	140.691
0.187902	138.578
0.0895209	110.363
0.154688	76.0658
0.0722049	97.9388
0.0943412	103.247
0.101263	94.3928
0.117488	125.044
0.10758	38.1576
0.0849428	91.6842
0.107457	77.5371
0.203053	67.6018
0.177587	87.2353
0.193814	135.107
0.186801	135.963
0.216807	153.577
0.192178	129.167
0.152756	83.3906
0.135615	164.353
0.109379	66.5883
0.112619	98.5292
0.0341673	65.7723
0.0556121	87.3384
0.17011	94.5939
0.10701	73.5119
0.206546	82.365
0.121705	120.673
0.221881	118.642
0.167439	98.4784
0.33024	138.802
0.347833	114.917
0.10454	28.3196
0.044318	78.7909
0.0827199	41.5933
0.205834	161.833
0.120113	109.215
0.173569	135.72
0.0478575	62.7057
0.218133	75.1266
0.30835	123.992
0.146585	83.2706
0.199219	160.431
0.195051	120.69
0.263615	51.4004
0.137582	73.2257
0.151038	104.547
0.0722839	129.167
0.138093	99.1363
0.0710319	102.039
0.217506	140.933
0.111799	103.827
0.029479	62.3057
0.185838	94.2019
0.0799453	141.527
0.0306913	144.644
0.0691069	65.9242
0.081441	98.1835
0.0959147	96.7574
0.0812818	79.712
0.061987	87.4986
0.0695376	156.135
0.215276	152.833
0.105309	157.035
0.0714513	73.8377
0.205167	170.88
0.0575317	131.08
0.126527	114.42
0.0883418	99.6995
0.0967172	108.83
0.0932238	109.417
0.0758335	185.876
0.0270225	12.2474
0.0631524	83.8212
0.261593	141.824
0.10753	134.87
0.0511322	133.724
0.0752417	31.9687
0.119626	133.244
0.18186	126.57
0.240733	145.705
0.0852668	106.696
0.233111	115.109
0.0618974	124.692
0.0924406	97.5602
0.0749135	94.0957
0.217594	159.524
0.215408	86.3365
0.0394504	15.6844
0.115751	78.1025
0.0394673	39.6737
0.144129	110.743
0.139544	127.35
0.108096	104.326
0.134532	99.8799
0.0907542	51.7687
0.279553	99.4786
0.174622	78.7528
0.0982745	63.0555
0.178751	135.44
0.0715955	88.4195
0.0783362	70.2282
0.0698018	152
0.0616738	76.2496
0.255872	127.82
0.0531796	92.0217
0.214199	117.881
0.1958	139.384
0.205317	102.869
0.0855557	104.336
0.129024	109.444
0.107372	133.447
0.0187116	105.033
0.0588178	113.305
0.179621	150.512
0.171041	107.74
0.061266	64.7148
0.0710992	98.387
0.0528615	77.1103
0.144678	112.428
0.10169	28.0713
0.296752	120.241
0.69152	211.585
0.662042	196.921
0.676218	212.283
0.668347	189.647
0.691229	199.294
0.691547	202.731
0.691471	200.105
0.691689	109.563
0.691405	213.701
0.691507	208.115
0.660562	167.899
0.691678	223.423
0.691469	223.544
0.691612	155.094
0.691669	212.546
0.587164	177.634
0.691407	214.756
0.691598	183.418
0.691589	189.774
0.691595	160.05
0.691582	221.355
0.691509	191.081
0.517357	130.438
0.691572	182.62
0.691534	207.654
0.691511	157.105
0.691608	169.546
0.691527	188.165
0.691664	194.211
0.425052	131.385
0.677421	119.382
0.502248	152.368
0.691546	194.895
0.691385	199.605
0.69118	166.649
0.609894	122.499
0.691402	184.25
0.69139	165.263
0.601381	90.8075
0.626575	181.433
0.691551	158.789
0.222615	176.839
0.691321	214.83
0.691419	193.122
0.656272	192.411
0.691547	205.913
0.648132	149.626
0.691533	207.461
0.691464	149.144
0.69163	188.361
0.691605	188
0.655801	197.469
0.391808	139.836
0.691621	157.15
0.69135	202.756
0.637593	148.755
0.691512	192.837
0.691433	140.293
0.691572	170.915
0.622357	122.906
0.3052	128.515
0.467872	106.283
0.690885	211.948
0.302935	150.771
0.636088	161.375
0.691532	199.309
0.691455	173.764
0.539048	94.615
0.391651	145.437
0.562253	172.07
0.691161	211.22
0.691673	177.127
0.69157	237.811
0.691425	163.542
0.62606	139.864
0.691499	171.715
0.691512	179.716
0.691683	154.687
0.620849	174.906
0.691493	193.629
0.691572	133.768
0.691252	215.875
0.691406	187.366
0.691522	211.031
0.691712	185.257
0.691517	194.982
0.604665	139.678
0.648395	160.661
0.69139	210.419
0.691565	186.064
0.691625	200.664
0.691592	176.142
0.649424	210.033
0.691607	143.993
0.691424	218.929
0.639879	166.595
0.691499	198.363
0.691487	197.312
0.691596	149.171
0.691378	166.307
0.69137	195.76
0.668792	191.948
0.567082	134.112
0.670022	193.608
0.691489	177.595
0.691594	175.585
0.656868	217.972
0.579106	198.57
0.613827	200.26
0.691264	194.505
0.691628	186.639
0.691426	171.132
0.691292	208.192
0.691513	195.469
0.663921	206.422
0.576517	158.972
0.674546	165.837
0.691668	161.592
0.691447	191.264
0.691449	183.87
0.632525	173.066
0.691517	173.465
0.691424	208.269
0.691648	164.329
0.671762	150.253
0.691543	209.413
0.69133	221.007
0.661544	169.145
0.673447	184.619
0.408224	161.833
0.674092	166.991
0.663642	214.434
0.69165	157.956
0.633701	165.867
0.691435	213.953
0.691212	206.925
0.691645	181.516
0.691384	183.685
0.691356	224.379
0.691442	210.076
0.6915	172.279
0.691516	176.392
0.691358	198.449
0.691393	184.776
0.691834	202.252
0.691552	227.543
0.67476	198.409
0.666869	202.43
0.69167	163.658
0.691613	217.476
0.333449	162.739
0.312963	132.575
0.59065	148.047
0.691563	239.479
0.691521	192.971
0.631702	150.738
0.691596	206.882
0.680843	195.243
0.639711	165.572
0.691666	223.235
0.451165	105.404
0.444657	130.438
0.69164	171.732
0.691235	230.469
0.691497	167.314
0.691317	193.391
0.691504	216.093
0.691563	199.64
0.61216	196.296
0.675559	192.052
0.691638	138.369
0.682217	198.62
0.691432	202.183
0.679194	195.545
0.632765	153.095
0.691632	228.184
0.69156	184.407
0.691641	223.244
0.691271	199.068
0.691413	218.522
0.459902	122.646
0.652093	165.729
0.670261	162.837
0.691539	199.374
0.69152	222.616
0.66512	153.668
0.691355	208.998
0.691681	194.828
0.691548	198.232
0.657885	223.025
0.691697	171.482
0.691338	182.8
0.600633	155.808
0.225028	106.892
0.691503	222.616
0.691759	117.915
0.691604	163.689
0.691594	199.9
0.691466	178.79
0.691505	210.836
0.203711	89.0169
0.0642793	97.55
0.12159	63.6553
0.0444624	62.6099
0.0504496	45.4313
0.159159	157.29
0.155646	79.2338
0.209489	103.586
0.0730613	78.1153
0.0153816	73.3348
0.322902	78.867
0.209494	119.39
0.12578	112.463
0.0662752	59.5987
0.326021	105.014
0.0224342	104
0.0366797	103.412
0.0392486	41.4246
0.0654311	102.078
0.0844852	113.464
0.214776	171.488
0.134519	106.508
0.103796	147.574
0.130326	92.1738
0.0685759	64.3739
0.0400746	64.3894
0.166232	119.231
0.208693	117.695
0.0804529	107.005
0.21173	175.829
0.160966	185.542
0.226723	102.762
0.191029	108.361
0.321019	61.1882
0.167498	98.1122
0.0454626	80.5605
0.0584272	79.019
0.168621	104.556
0.0974122	141.025
0.246919	119.666
0.215473	117.822
0.111688	121.408
0.0610107	138.874
0.274453	103.894
0.111759	105.29
0.149314	100
0.0887475	105.47
0.160329	109.754
0.207418	116.987
0.29961	159.16
0.20537	94.541
0.0952984	125.044
0.151455	66.9627
0.187024	82.9699
0.29741	129.004
0.258379	136.477
0.125184	45.6289
0.0955566	142.773
0.041777	76.629
0.0169109	45.9783
0.221508	93.8509
0.10758	88
0.151507	118.828
0.10688	93.1665
0.0559965	44.6094
0.289567	124.346
0.0622665	37.1214
0.105916	117.958
0.204507	120.308
0.217496	99.2875
0.15638	63.1981
0.0887517	62.0484
0.155433	90.4434
0.137747	152.709
0.0975356	125.268
0.174752	92.844
0.0919735	119.733
0.216065	100.608
0.416433	142.948
0.0484137	73.3212
0.109429	138.6
0.171658	161.505
0.0996367	87.8066
0.238568	141.662
0.102713	125.634
0.210568	121.869
0.167441	114.42
0.0774267	106.771
0.156248	107.805
0.114983	92.5095
0.400967	208.797
0.274202	111.597
0.0923893	125.952
0.116753	107.023
0.123022	74.162
0.241336	135.521
0.0879174	55.5878
0.0945252	69.2098
0.220756	117.175
0.142812	110.381
0.0956419	84.3682
0.0728609	78.1281
0.0730467	76.6681
0.182211	134.588
0.0816308	119.641
0.203165	112.659
0.0986203	68.4105
0.0942577	113.093
0.10249	109.809
0.0581764	120.208
0.230703	64.1561
0.0406241	87.0402
0.0928751	146.281
0.0658011	84.5813
0.0368593	123.394
0.1095	130.369
0.101678	62.0484
0.0528158	125.936
0.126492	47.6865
0.193427	104.269
0.176875	100.3
0.154149	126.246
0.133079	163.414
0.187039	110.562
0.197955	101.351
0.215638	135.041
0.21743	133.963
0.201531	108.931
0.232394	161.914
0.159291	137.106
0.154898	126.048
0.200269	95.0684
0.200897	105.442
0.0512619	46.1952
0.208236	126.917
0.136649	104.326
0.0844067	84.2259
0.115189	85.7205
0.214386	89.9444
0.0687939	131.225
0.065866	12.7279
0.38205	141.711
0.315287	128.242
0.0374143	16.7929
0.0629497	70.2851
0.26666	105.29
0.113812	162.518
0.205815	108.655
0.204952	60.2661
0.0509248	90.5318
0.0714628	70.3989
0.143204	92.3688
0.0656143	68.9348
0.0479144	107.014
0.05184	81.1911
0.356091	62.5939
0.126495	66.9328
0.183387	144.997
0.0638897	37.921
0.135645	79.8123
0.208735	141.69
0.195584	114.499
0.0713416	104.614
0.0254667	51.0098
0.290221	138.643
0.0673044	103.634
0.0687107	79.3095
0.1178	97.7957
0.067818	72.7736
0.20503	176.176
0.108095	110.752
0.110629	26.1151
0.148363	132.431
0.160612	96.933
0.0723395	69.5845
0.0681421	54.5344
0.127883	96.5816
0.25353	137.753
0.135338	73.2666
0.0673379	92.6391
0.224187	109.38
0.18572	147.302
0.0985858	64.8691
0.150949	123.24
0.047554	90.9285
0.171403	111.203
0.0935623	92.293
0.0823021	74.8599
0.132729	57.6541
0.206494	113.613
0.0853908	94.4563
0.0873522	128.437
0.261884	128.709
0.0565801	65.5286
0.164114	63.4192
0.198468	114.621
0.274219	131.803
0.103544	169.287
0.204438	52.7826
0.157568	103.402
0.691509	195.52
0.691744	192.094
0.691431	200.494
0.664933	129.499
0.436745	188.542
0.691571	183.69
0.691661	169.558
0.691676	164.262
0.691661	215.629
0.642618	200.469
0.691594	195.074
0.6911	185.132
0.691619	179.388
0.610672	167.033
0.691627	152.512
0.691486	197.555
0.69144	147.526
0.691664	213.584
0.69155	207.027
0.691601	139.068
0.518262	185.105
0.691715	126.103
0.691638	180.255
0.691296	187.526
0.69133	213.645
0.691488	148.842
0.646546	198.03
0.691566	209.189
0.445636	143.75
0.284994	168.689
0.691333	172.627
0.691551	186.585
0.691678	204.543
0.691423	227.055
0.691357	209.012
0.631047	181.665
0.691518	173.101
0.691588	160.499
0.691436	155.428
0.69165	141.082
0.656793	158.997
0.691597	204.059
0.691594	200.714
0.691403	179.416
0.691393	166.499
0.6916	159.931
0.644896	145.265
0.691405	220.635
0.484341	156.384
0.691541	213.284
0.639976	132.808
0.642151	162.714
0.691495	176.929
0.691476	163.573
0.691486	208.643
0.691675	206.47
0.691352	157.404
0.691571	168.208
0.691576	154.894
0.691616	153.003
0.691426	195.888
0.691563	204.89
0.691425	179.444
0.656795	136.396
0.691371	136.521
0.691432	165.614
0.495677	123.248
0.691368	178.567
0.691458	186.789
0.691566	199.74
0.69136	190.804
0.664914	190.337
0.691376	177.888
0.644442	194.72
0.691487	205.056
0.154903	123.167
0.691702	177.279
0.408137	151.036
0.341529	78.867
0.334016	170.353
0.691457	179.282
0.653082	179.036
0.691545	222.167
0.691538	180.92
0.69155	163.75
0.69131	163.285
0.580787	170.341
0.559942	192.052
0.691446	182.789
0.691748	198.666
0.691377	185.51
0.391063	167.923
0.691453	179.594
0.691442	193.267
0.691335	221.504
0.526546	97.0567
0.682053	207.865
0.672885	144.651
0.691517	176.42
0.659404	181.945
0.691687	167.911
0.691544	216.25
0.565809	154.117
0.691602	189.098
0.639226	161.214
0.691493	174.224
0.680485	130.599
0.691549	180.472
0.660913	150.399
0.691412	178.253
0.691487	126.641
0.615931	141.216
0.69156	177.949
0.691641	130.445
0.679837	170.593
0.691559	160.069
0.691575	194.53
0.691477	156.486
0.691453	184.087
0.691476	189.789
0.691752	207.523
0.691282	200.669
0.661187	195.796
0.69155	214.835
0.691443	205.499
0.552251	172.638
0.691473	174.608
0.69139	135.019
0.654475	182.104
0.691395	198.932
0.691367	189.61
0.691356	172.575
0.69152	194.108
0.691505	172.916
0.674844	198.992
0.600763	161.481
0.675639	192.754
0.648618	164.548
0.638411	212.838
0.400798	118.305
0.691807	165.366
0.691532	186.365
0.691611	220.291
0.69164	191.63
0.676725	189.484
0.519496	177.353
0.544721	178.454
0.691377	168.416
0.691643	118.372
0.691577	180.044
0.666278	173.54
0.691601	169.169
0.691209	206.746
0.676921	194.797
0.691475	208.346
0.691633	170.617
0.69163	186.74
0.691332	199.108
0.66668	163.377
0.663493	184.646
0.62768	166.517
0.691406	203.376
0.691366	214.243
0.691574	178.69
0.691399	156.589
0.691762	180.87
0.370549	191.63
0.691602	189.863
0.532304	182.033
0.670137	147.262
0.691505	190.237
0.67571	184.282
0.691437	179.778
0.691739	163.144
0.63337	173.361
0.691365	211.334
0.532095	153.525
0.653046	151.466
0.65544	162.708
0.538237	170.37
0.691694	148.788
0.691396	204.758
0.691606	207.913
0.691423	156.876
0.652965	146.068
0.691459	179.187
0.399277	92.1738
0.664693	178
0.644882	200.609
0.61061	178.673
0.691433	162.271
0.691556	194.201
0.691609	203.544
0.621705	167.613
0.648673	199.133
0.521444	138.96
0.67251	192.749
0.691387	204.876
0.691311	180.654
0.691332	180.621
0.142133	85.3815
0.0769176	114.508
0.0946331	87.8294
0.234832	126.972
0.0358756	8.48528
0.0233301	58.9915
0.230417	120.474
0.0719118	155.763
0.08673	139.492
0.163722	121.293
0.0737959	122.793
0.158874	133.304
0.267775	165.354
0.116195	84.1903
0.152936	92.4662
0.160854	129.484
0.137997	131.917
0.035597	55.263
0.284993	150
0.148872	43.359
0.0980237	66.0152
0.0456789	102.84
0.132961	113.375
0.136879	152.079
0.14766	112.25
0.0475985	74.0135
0.197141	104.231
0.0572113	46.1302
0.0116429	18.7083
0.0306801	58.2409
0.0757357	43.9318
0.130504	97.632
0.28006	101.054
0.126464	91.7279
0.138431	109.041
0.148245	114.307
0.0481843	117.618
0.140077	163.847
0.243689	111.337
0.14248	124.056
0.065443	81.2404
0.189502	140.684
0.0578737	79.4607
0.134117	44.1814
0.177096	123.628
0.087769	127.397
0.14914	88.476
0.202858	104.461
0.117949	95.6243
0.0789343	113.137
0.146938	11.0454
0.087656	87.2009
0.11851	52.7257
0.14569	92.5419
0.107044	126.404
0.0135434	42.9651
0.0931661	104.508
0.0564274	87.0632
0.168474	113.252
0.0306909	96.3224
0.10125	128.374
0.246037	81.7313
0.149509	108.665
0.116857	106.555
0.0897788	138.701
0.0873933	76.5506
0.0564948	70.4131
0.236834	127.059
0.201639	85.6505
0.161323	56.2672
0.0402587	46.0217
0.206147	113.719
0.050289	62.3057
0.0879678	78.0385
0.078625	101.568
0.15258	87.8066
0.162859	103.971
0.222704	147.126
0.0968705	46.1302
0.0831923	76.7724
0.0280592	80.3492
0.100941	75.0866
0.0683862	63.6082
0.239025	128.763
0.0531687	63.498
0.130221	27.1293
0.344601	146.199
0.15132	95.0579
0.115294	129.8
0.164499	65.3146
0.119908	106.658
0.237853	126.19
0.122802	99.0858
0.21285	120.516
0.0462727	45.913
0.147614	130.583
0.0978987	61.1065
0.215176	70.0286
0.229124	95.4777
0.242982	121.417
0.149224	46.3465
0.0609863	94.2762
0.0796981	110.254
0.0830255	88.8144
0.0627747	112.481
0.0403767	80.5854
0.031957	27.2397
0.104192	91.4768
0.122922	117.337
0.101946	84.1903
0.121142	128.919
0.11457	95.2155
0.0114815	44.1135
0.170871	91.1153
0.282773	132.605
0.118913	91.3893
0.083405	126.728
0.0999576	67.838
0.0790702	91.4986
0.0521643	69.2965
0.214828	51.0686
0.210899	123.903
0.166967	74.2294
0.0948446	140.876
0.280824	64.2184
0.229581	99.6795
0.0477321	44.9222
0.130448	98.5393
0.0414323	82.134
0.245345	114.595
0.285523	127.765
0.114712	120.607
0.263528	123.386
0.0628591	77.0714
0.159061	121.795
0.213281	126.388
0.134676	134.514
0.136101	88.5777
0.101509	57.8446
0.113843	102.655
0.151125	79.6994
0.110067	88.6115
0.031831	85.6505
0.264627	161.71
0.17441	108.305
0.145501	98.3768
0.215633	105.527
0.0870917	100.07
0.0154065	84.1784
0.153016	131.286
0.140621	76.4853
0.153617	49.1935
0.0714803	92.7254
0.255295	86.3597
0.0664243	94.1807
0.16805	164.645
0.15674	136.638
0.113826	125.984
0.184522	112.898
0.285739	154.389
0.141021	144.741
0.108996	71.5402
0.224016	111.633
0.21903	116.568
0.149009	106.16
0.151135	86.5217
0.116723	98.2344
0.135926	103.286
0.108861	90.6422
0.0377061	82.4742
0.214896	72.3187
0.103431	97.9592
0.0513538	67.6018
0.0746548	68.5128
0.0584569	126.846
0.266597	114.438
0.0769652	66.2873
0.209101	154.389
0.209504	87.2468
0.194736	88.8032
0.151394	146.935
0.34744	102.196
0.151267	84.7585
0.0568931	71.8471
0.165946	132.665
0.136488	81.4125
0.120058	73.8241
0.0926777	100.28
0.118685	101.814
0.183261	121.483
0.175898	118.735
0.0550397	105.726
0.0994647	60.4483
0.164625	111.624
0.156201	82.3772
0.127404	120.93
0.0300087	5.83095
0.117937	143.597
0.0376393	40.1746
0.102114	73.3348
0.649403	132.333
0.653045	130.66
0.691539	173.355
0.691687	110.291
0.623769	154.868
0.621636	135.882
0.153827	117.932
0.405435	168.725
0.69156	176.29
0.666875	144.402
0.149417	85.0647
0.691655	194.751
0.69184	97.6832
0.691602	203.568
0.657708	155.003
0.691514	152.138
0.691463	193.013
0.691303	196.769
0.691406	159.556
0.691731	179.109
0.605613	166.427
0.691451	160.922
0.666111	191.974
0.554285	154.532
0.334276	70.7531
0.666291	144.762
0.691532	166.469
0.69143	184.656
0.691663	155.641
0.691459	154.881
0.691399	157.111
0.691496	201.98
0.691602	180.283
0.691545	172.064
0.183312	110.526
0.691669	149.84
0.691614	162.08
0.665253	195.709
0.691669	192.323
0.691652	126.815
0.69132	198.977
0.691325	199.69
0.691553	206.567
0.691075	154.117
0.691427	211.802
0.635444	166.457
0.691401	164.882
0.637353	242.091
0.680374	171.196
0.691372	214.453
0.691491	134.365
0.691506	182.104
0.65447	178.028
0.691635	191.51
0.691673	138.824
0.691389	160.835
0.691504	155.917
0.691647	139.535
0.691543	172.151
0.691439	198.942
0.691604	158.739
0.691715	150.904
0.69144	161.233
0.691762	92.1629
0.691643	148.445
0.691538	213.813
0.427982	159.631
0.667245	169.251
0.691474	228.381
0.67639	228.709
0.691382	229.8
0.550888	174.356
0.573248	188.197
0.670997	194.165
0.691632	218.06
0.691351	215.787
0.691745	161.276
0.691542	189.077
0.415608	148.782
0.639005	163.371
0.691613	187.275
0.587627	106.264
0.691307	179.471
0.622703	179.883
0.691385	215.847
0.691295	173.689
0.66925	198.469
0.67773	197.656
0.691472	205.47
0.530309	162.247
0.654599	171.266
0.627479	174
0.395751	106.649
0.691439	159.255
0.592728	172.847
0.67324	203.544
0.691629	180.671
0.677711	189.441
0.691496	162.979
0.69158	172.968
0.490529	135.322
0.588755	162.628
0.291374	106.883
0.677787	144.554
0.691744	173.442
0.644771	144.824
0.644091	161.981
0.691667	220.282
0.620317	202.252
0.691339	197.879
0.667506	149.392
0.691408	184.559
0.493056	137.208
0.585392	180.76
0.652985	186.521
0.691524	210.656
0.677374	182.669
0.691602	195.187
0.691617	145.616
0.69134	176.17
0.616068	112.81
0.179309	150.433
0.6654	199.108
0.663601	141.308
0.672674	221.802
0.691563	162.006
0.691524	192.754
0.691662	177.008
0.681613	215.453
0.681205	161.549
0.691522	144.388
0.691397	173.28
0.69151	164.936
0.473639	172.441
0.691571	183.837
0.691659	105.773
0.691561	235.843
0.691372	224.366
0.691567	177.279
0.599845	187.654
0.591546	87.9886
0.691385	189.056
0.605076	126.024
0.412139	160.661
0.69123	189.14
0.663756	186.751
0.338936	132.861
0.691562	203.563
0.559023	186.36
0.691384	181.846
0.476659	110.986
0.51515	188.584
0.59691	151.71
0.641637	184.911
0.310746	176.131
0.691519	233.384
0.691531	176.448
0.691653	192.172
0.69159	152.99
0.257403	161.574
0.691546	162.788
0.652103	136.389
0.648694	221.576
0.691546	203.145
0.17685	139.979
0.69158	137.405
0.6918	158.928
0.691578	236.77
0.691594	202.109
0.488425	156.895
0.620295	89.7998
0.664917	191.416
0.691602	201.002
0.347764	141.28
0.691407	194.35
0.691581	196.128
0.69173	137.128
0.65716	172.789
0.691653	128.429
0.607723	135.595
0.691338	189.573
0.387985	141.329
0.620579	157.563
0.691561	173.176
0.691585	190.547
0.691507	217.205
0.678227	202.371
0.601976	142.12
0.561674	208.427
0.691314	205.353
0.45999	116.542
0.453897	163.45
0.691644	199.79
0.691562	182.461
0.670284	195.78
0.564813	141.549
0.691559	214.821
0.691476	213.897
0.691384	234.325
0.691442	177.488
0.0443242	80.075
0.283752	113.631
0.096889	44.9222
0.238639	57.6368
0.223876	77.0325
0.151621	143.304
0.0668315	119.139
0.139292	114.044
0.10053	72.8972
0.274441	149.285
0.0945032	76.4461
0.23679	95.6138
0.201701	100.648
0.0957465	77.3046
0.281713	113.323
0.0748233	96.2289
0.120141	95.4673
0.109712	117.175
0.165533	99.1464
0.103668	148.842
0.199289	165.318
0.152207	101.489
0.113535	73.0753
0.0589423	106.602
0.162408	114.272
0.0738387	147.343
0.0888875	115.724
0.139938	181.301
0.160404	86.5217
0.13272	112.232
0.094225	127.248
0.157951	125.539
0.213772	93.3595
0.0628383	96.1041
0.0615649	83.5464
0.325734	82.1949
0.155057	82.0853
0.1128	78.3837
0.0825694	118.853
0.136225	161.202
0.075421	55.2449
0.116585	119.315
0.0505431	106.499
0.151249	118.583
0.0914131	155.589
0.160046	84.7231
0.102427	61.9193
0.0548397	57.9655
0.0866094	117.966
0.0801769	61.4817
0.159379	123.992
0.0796052	133.529
0.181187	62.3699
0.0741789	115.681
0.173617	69.5701
0.189602	37.229
0.125503	63.2139
0.163903	161.914
0.115056	112.205
0.0799567	69.0797
0.0868315	73.3894
0.0862327	132.431
0.24971	155.602
0.0709515	60.4152
0.110476	53.4041
0.148681	115.248
0.055441	23.4094
0.0581691	108.894
0.131021	81.7802
0.0712395	99.368
0.217102	202.386
0.197733	118.448
0.135459	147.167
0.117971	58.8727
0.266725	106.967
0.105297	46.6047
0.1036	53.3667
0.137579	103.082
0.0628219	108.157
0.0664873	90.1221
0.244541	59.0424
0.158256	115.282
0.0870663	90.9175
0	0
0.116259	72.8286
0.177437	115.853
0.259991	131.833
0.143857	74.5922
0.0806759	124.724
0.145421	132.121
0.124748	107.499
0.202869	124.836
0.02586	69.6419
0.0986705	126.349
0.0909231	136.25
0.202228	72.3464
0.073995	37.7889
0.256786	94.5621
0.226397	79.3977
0.125991	92.6499
0.106455	68.1175
0.124443	125.395
0.272676	101.951
0.1652	151.849
0.0854912	134.974
0.217789	104.728
0.102051	69.7711
0.0967289	103.99
0.192959	50.7346
0.170032	68.9638
0.0656717	67.3201
0.125565	138.636
0.132879	91.8041
0.261352	130.69
0.140648	73.4302
0.125346	91.6515
0.301579	150.02
0.060277	66.4981
0.204623	105.205
0.255686	139.198
0.0568122	47.8539
0.122125	114.769
0.0864643	133.011
0.157237	49.6185
0.119741	93.3059
0.0902622	92.747
0.213587	106.386
0.0706393	138.701
0.189901	114.289
0.100552	101.666
0.103122	81.2773
0.146208	71.218
0.0974716	117.678
0.259438	110.082
0.202657	140.641
0.0969418	86.0814
0.139209	126.428
0.0451805	128.335
0.121805	126.949
0.176943	73.3212
0.0965267	94.4987
0.0644793	118.979
0.121843	66.1967
0.110621	116.181
0.0795045	75.5381
0.17787	127.718
0.0829508	79.8248
0.0493513	100.17
0.180251	113.824
0.0342813	91.3345
0.0858871	103.856
0.111105	105.081
0.107423	67.7938
0.219178	145.293
0.0982078	129.375
0.127151	57.9483
0.0773431	95.4463
0.320021	135.322
0.0830005	100.12
0.167498	157.854
0.0629724	82.7647
0.142274	105.376
0.106455	47.5395
0.216485	149.459
0.106897	89.2973
0.255903	149.753
0.0702927	72.0555
0.173432	114.865
0.255885	137.222
0.150297	152.846
0.149558	114.21
0.0817758	119.591
0.20731	88.8032
0.17808	90.6863
0.0503355	108.397
0.0545989	5.83095
0.187593	121.557
0.128646	67.8086
0.276433	95.0894
0.0871153	71.0915
0.116095	115.334
0.0431377	49.4368
0.0806905	132.77
0.0404185	67.2904
0.189007	101.459
0.19314	100.18
0.134834	132.929
0.278453	166.667
0.123029	104.871
0.145071	115.057
0.137426	157.772
0.14953	87.59
0.285636	67.2458
0.235225	181.35
0.0955071	77.2399
0.0776778	76.7072
0.138546	128.413
0.0839203	133.034
0.269777	165.251
0.108743	63.0555
0.561398	194.864
0.691335	230.968
0.539248	178.964
0.231052	143.234
0.619259	193.184
0.629758	199.183
0.691413	208.581
0.691267	193.199
0.691523	219.13
0.69166	149.973
0.691519	194.252
0.691539	225.973
0.617612	139.993
0.633781	161.276
0.691351	205.456
0.691634	187.611
0.669051	185.984
0.523847	163.53
0.691622	194.196
0.637317	170.523
0.674194	181.091
0.640517	186.36
0.691617	202.573
0.571885	149.586
0.666803	154.848
0.691511	204.162
0.691681	166.403
0.691285	223.164
0.311744	180.222
0.602323	163.395
0.691521	177.02
0.6914	237.394
0.691601	174.814
0.691393	165.487
0.691513	209.595
0.691437	167.595
0.691293	164.997
0.666419	200.878
0.691281	177.167
0.431164	168.677
0.634945	205.324
0.675385	151.453
0.691568	228.171
0.641806	146.82
0.691591	184.759
0.691378	184.813
0.691421	220.318
0.691685	132.786
0.69169	200.28
0.494971	142.752
0.691488	199.244
0.691597	173.804
0.500069	178.022
0.691662	164.426
0.691728	139.671
0.69148	149.907
0.590749	169.08
0.53227	176.731
0.6915	203.539
0.69137	196.158
0.47168	193.85
0.691571	175.111
0.69135	184.261
0.691669	202.84
0.673518	174.534
0.691473	181.014
0.691618	185.516
0.691361	213.836
0.69166	192.992
0.691611	167.547
0.660388	174.138
0.691445	158.619
0.691502	208.053
0.409405	159.543
0.691383	220.477
0.691671	193.173
0.212124	125.936
0.691461	206.693
0.691298	189.019
0.691556	140.257
0.677154	211.002
0.691472	186.708
0.691336	198.907
0.691633	169.658
0.650773	180.732
0.691563	173.499
0.653974	154.583
0.691565	202.726
0.691693	214.051
0.663198	191.52
0.645621	160.705
0.679309	171.971
0.691589	135.107
0.107316	129.507
0.691365	183.728
0.647221	187.957
0.676055	216.046
0.691448	173.563
0.424363	186.767
0.476806	190.463
0.538199	172.395
0.691736	171.651
0.665631	224.713
0.691623	185.305
0.691494	138.326
0.691483	157.073
0.626718	196.977
0.691428	223.62
0.691674	213.12
0.691515	198.62
0.560345	159.675
0.450061	127.146
0.662746	199.459
0.667609	186.21
0.63871	167.565
0.691527	193.484
0.676208	208.773
0.640374	164.706
0.507238	148.822
0.562248	147.336
0.691549	152.066
0.691572	226.044
0.63197	139.921
0.691487	156.729
0.691725	161.208
0.459568	78.6511
0.691717	196.148
0.691512	176.443
0.691568	198.842
0.479547	165.269
0.691495	191.484
0.691583	149.686
0.676443	164.542
0.691635	208.955
0.691391	130.905
0.691466	203.784
0.691567	178.779
0.691543	208.192
0.380137	138.881
0.541155	169.676
0.691677	181.654
0.691455	205.874
0.691402	193.969
0.618456	167.159
0.40897	199.6
0.691458	184.049
0.562651	179.282
0.233103	166.625
0.691447	216.818
0.182125	90.9945
0.691493	147.465
0.691509	188.584
0.691454	169.239
0.691261	205.767
0.446262	126.222
0.691449	177.184
0.663947	208.207
0.514418	188.457
0.691707	137.594
0.69161	149.278
0.691374	217.43
0.493427	137.004
0.682783	205.188
0.691245	179.538
0.691368	199.053
0.680045	187.702
0.6916	169.038
0.691468	219.518
0.691423	223.182
0.691711	224.263
0.691488	175.02
0.691516	195.187
0.691125	201.475
0.691482	183.298
0.691717	149.144
0.691546	194.345
0.691422	195.791
0.691505	214.919
0.466729	161.437
0.691557	176.148
0.691311	179.538
0.586552	118.22
0.691599	207.981
0.691537	184.255
0.691599	191.719
0.671023	212.894
0.642625	177.121
0.691336	237.495
0.691569	218.335
0.291089	141.859
0.691391	236.588
0.610007	137.04
0.691674	164.329
0.691517	181.659
0.691424	201.965
0.691691	189.425
0.691688	104.776
0.691431	198.343
0.691414	190.026
0.691496	189.167
0.173897	131.598
0.171472	132.74
0.141506	114.978
0.152837	64.2184
0.0693245	92.8009
0.12014	114.254
0.199883	102.557
0.15244	148.829
0.146762	87.5671
0.0227435	65.192
0.0546398	31.305
0.012791	32.7414
0.188723	108
0.219005	140.114
0.0635149	75.6042
0.190472	92.7038
0.182713	90.7855
0.167947	124.716
0.0581663	100.886
0.158892	138.275
0.095277	56.6569
0.0931592	94.117
0.12138	67.7052
0.18698	114.499
0.189389	134.514
0.0748103	88.4081
0.172118	119.649
0.0709789	58.4808
0.191614	134.335
0.195718	59.0931
0.0594527	56.1249
0.0991431	43.566
0.10477	75.8156
0.0665385	58.5662
0.0465338	66.2118
0.0523574	57.2014
0.12027	139.119
0.153369	101.331
0.226986	169.186
0.0518292	125.523
0.216849	111.929
0.149575	78.4219
0.0532531	97.2214
0.166036	122.638
0.0211595	32.218
0.153078	118.945
0.220489	122.768
0.118495	92.7146
0.175501	90.3327
0.168255	102.869
0.22472	91.3564
0.134229	82.8613
0.0778734	13.784
0.152247	116.103
0.0459419	15.1658
0.049567	76.184
0.266354	133.229
0.144648	108.747
0.0318481	73.4711
0.0959727	97.0155
0.1687	112.276
0.222031	69.5557
0.203106	154.039
0.172107	106.038
0.245631	107.452
0.239507	84.7349
0.19691	130.912
0.18512	112.383
0.0939566	86.4176
0.212918	109.9
0.142044	175.875
0.0615011	70.1142
0.227248	88
0.0444452	23.5372
0.0564466	113.833
0.240519	166.787
0.0601959	68.1469
0.220105	102.47
0.0625747	45.7821
0.170368	122.474
0.0572413	90.6973
0.14817	126.728
0.193765	115.62
0.193733	157.88
0.121796	77.5113
0.0612773	117.898
0.168477	58.3781
0.165119	137.31
0.125138	102.83
0.0502855	94.2125
0.056317	93.5414
0.0638778	44.699
0.0333017	71.0634
0.239902	81.4616
0.0531659	83.006
0.00130886	6.16441
0.0673472	83.1625
0.235281	98.326
0.0836227	127.82
0.14631	84.534
0.190301	130.736
0.0501872	83.6421
0.0851415	47.0956
0.0560493	85.3229
0.126266	135.853
0.0442879	90.1665
0.241083	132.174
0.222327	115.482
0.165933	121.087
0.089089	150.127
0.0516164	106.17
0.0983969	81.4248
0.253369	64.6065
0.100961	120.499
0.246513	116.859
0.107932	101.242
0.228329	131.21
0.193495	122.687
0.198282	115.508
0.152036	87.2697
0.150795	119.507
0.21112	105.613
0.0891429	122.352
0.0774801	141.428
0.131228	64.0625
0.0541689	86.9828
0.0875813	80.486
0.0554	77.0973
0.240619	150.326
0.0334362	27.8927
0.107619	132.567
0.0349699	39.8497
0.0907151	81.3511
0.0902352	13.4164
0.0976928	113.296
0.0976467	97.591
0.11099	30.133
0.0348335	50.8527
0.0436165	76.6159
0.0733467	173.309
0.20012	123.539
0.203496	130.637
0.0708485	105.858
0.200586	100.319
0.214885	94.9316
0.215656	110.517
0.0576056	16.3095
0.189084	130.376
0.24928	115.43
0.184662	53.7773
0.0564935	105.148
0.195783	117.593
0.0965235	69.7424
0.0830228	104.785
0.0499468	93.4345
0.0822608	149.726
0.302458	141.074
0.184808	134.35
0.130911	159.374
0.210193	147.024
0.0485808	49.7594
0.163922	107.88
0.106201	130.729
0	0
0.0336189	97.9592
0.0549465	102.772
0.0867026	59.5987
0.218061	148.795
0.0799055	91.6515
0.153837	115.352
0.199943	122.784
0.146502	134.774
0.411511	141.676
0.137288	110.499
0.217647	152.899
0.236497	117.881
0.0456166	84.5695
0.357558	129.877
0.257145	80.5605
0.197401	128.74
0.116417	111.086
0.145728	160.897
0.12559	113.455
0.158618	62.6418
0.128663	80.287
0.055949	48.621
0.020894	100.529
0.103236	108.185
0.0534197	113.622
0.291874	148.351
0.153999	100.856
0.175449	126.143
0.082303	88.0682
0.242273	162.154
0.177342	134.655
0.125713	87.178
0.214244	106.066
0.0579205	134.692
0.105801	76.4722
0.121041	138.036
0.691423	181.538
0.691606	128.367
0.630583	159.336
0.623422	184.878
0.69139	190.247
0.69152	175.277
0.691315	175.419
0.691444	165.542
0.377252	128.499
0.669133	196.759
0.691504	208.591
0.691466	184.635
0.691349	193.386
0.474092	139.807
0.529849	183.848
0.691456	188.048
0.691613	152.039
0.691567	140.1
0.667651	225.353
0.691601	164.791
0.691452	174.929
0.691377	199.795
0.617323	147.167
0.653694	176.624
0.691506	213.593
0.691594	148.378
0.691671	174.075
0.667459	179.204
0.259891	123.353
0.678303	194.273
0.691448	225.393
0.671187	198.746
0.691562	190
0.691503	221.052
0.691615	164.712
0.691366	157.766
0.691511	138.55
0.691606	206.213
0.69129	197.98
0.691418	220.077
0.691585	170.176
0.661575	170.147
0.425143	149.472
0.691421	193.536
0.691723	193.814
0.602365	172.337
0.66141	203.175
0.155855	153.734
0.691524	205.981
0.663946	205.796
0.691505	164.28
0.691521	196.677
0.691492	184.716
0.566537	174.453
0.691529	210.651
0.691632	152.48
0.68137	181.411
0.691601	141.852
0.69169	200.509
0.67012	170.968
0.514076	131.057
0.691604	196.835
0.691548	168.315
0.691532	205.548
0.691375	235.767
0.691557	184.521
0.48343	123.661
0.652041	127.428
0.691334	224.949
0.629383	126.98
0.458913	179.566
0.691687	173.049
0.691441	204.866
0.691426	170.88
0.691519	146.144
0.691701	213.453
0.691396	216.804
0.691741	120.208
0.658731	146.308
0.691789	157.975
0.675914	177.764
0.691682	186.885
0.640885	217.568
0.615702	190.011
0.691609	186.236
0.69137	193.752
0.691483	168.333
0.691408	192.385
0.691668	157.918
0.691799	214.663
0.588931	174.614
0.549584	169.835
0.678677	206.277
0.664442	186.853
0.691556	192.062
0.69144	202.351
0.691494	199.925
0.691414	204.861
0.691669	192.707
0.642816	209.848
0.691473	206.335
0.691513	192.624
0.691474	217.251
0.632266	174.488
0.691427	202.445
0.390748	180.067
0.533217	158.865
0.657331	182.779
0.666713	163.762
0.691638	176.062
0.691592	179.042
0.691557	197.843
0.691425	201.107
0.691421	180.283
0.662858	158.19
0.691698	196.616
0.69155	184.272
0.691644	206.087
0.357147	162.468
0.642446	160.431
0.619106	163.793
0.691466	205.811
0.66755	198.922
0.665178	179.794
0.69158	196.448
0.691552	209.499
0.662006	158.581
0.670219	208.782
0.691422	203.627
0.680256	204.402
0.691695	175.744
0.654884	171.552
0.691519	141.993
0.691338	207.509
0.691515	174.144
0.691603	184.44
0.513002	126.799
0.6915	179.677
0.636778	183.804
0.59602	153.564
0.691434	185.418
0.600774	171.114
0.691746	145.897
0.691506	192.302
0.691417	199.66
0.661397	177.944
0.490422	109.298
0.416947	100.509
0.691275	191.51
0.691505	179.438
0.691686	212.955
0.691226	221.26
0.691512	179.828
0.512606	143.979
0.653995	180.405
0.49608	156.704
0.691553	174.871
0.656091	140.3
0.6915	203.155
0.691534	205.82
0.436796	137.419
0.691489	160.929
0.691652	187.061
0.691291	207.191
0.691558	201.876
0.655066	147.031
0.652451	164.39
0.691582	201.395
0.691491	179.917
0.675177	180.765
0.671892	204.113
0.691499	175.778
0.673725	166.799
0.691524	171.849
0.691609	206.524
0.654001	192.479
0.677533	168.291
0.657058	136.316
0.691472	185.72
0.41845	155.84
0.691642	158.965
0.691391	200.355
0.691523	156.314
0.691566	195.678
0.641977	177.172
0.691787	146.901
0.691677	167.577
0.691387	198.02
0.691658	205.061
0.583839	169.658
0.691607	213.049
0.691774	174.017
0.691426	193.68
0.691435	208.461
0.630288	193.67
0.691641	198.711
0.666534	130.261
0.691346	207.229
0.691644	210.689
0.63673	125.252
0.192985	129.437
0.0431515	90.6311
0.136881	53.1601
0.0872145	64.7611
0.0742804	81.0185
0.108479	99.7096
0.23313	151.499
0.188484	131.179
0.0666186	48.7237
0.218132	142.246
0.0747093	141.584
0.160434	121.631
0.0616004	26.3439
0.0495936	35.4965
0.0532702	115.724
0.292391	133.372
0.100112	90.6201
0.0773844	82.547
0.107847	84.3564
0.115537	142.267
0.0277662	121.565
0.072336	110.689
0.165593	126.768
0.157717	118.195
0.275415	153.473
0.0396213	36.2491
0.105199	87.1436
0.153491	125.658
0.0791597	94.7101
0.172158	131.134
0.207252	154.971
0.0725434	93.1665
0.254528	160.456
0.143412	128.429
0.0889194	109.608
0.143384	143.819
0.133137	84.0833
0.170343	148.284
0.0566137	119.331
0.175474	114.665
0.184325	131.134
0.304292	121.507
0.0763813	121.202
0.127659	82.3772
0.234067	145.774
0.042934	60.2661
0.0424559	124.676
0.145697	153.681
0.3548	64.1093
0.147915	116.215
0.139548	121.68
0.125223	101.045
0.160029	110.517
0.270957	131.598
0.113599	139.771
0.0511353	65.437
0.156199	113.772
0.246637	130.046
0.227547	162.573
0.259872	100.688
0.123666	83.857
0.238558	119.34
0.360891	194.576
0.043036	16.3095
0.0918481	56.3205
0.198589	108.333
0.0871478	110.3
0.153775	112.036
0.102202	63.6396
0.0699439	108.536
0.185002	129.723
0.179608	143.722
0.185528	117.158
0.120795	77.2917
0.103026	134.291
0.126777	118.634
0.106962	98.6914
0.238005	120.325
0.0687419	103.209
0.238537	154.486
0.0591016	116.293
0.0173366	85.4751
0.0889357	107.768
0.0416049	92.2822
0.13019	82.2314
0.0841656	116.636
0.0962327	125.555
0.0482903	136.945
0.0695377	102.509
0.184059	110.1
0.177565	37.6829
0.266025	163.921
0.127972	107.787
0.171525	123.248
0.037914	93.9681
0.282507	103.808
0.188023	141.322
0.189761	98.813
0.166101	110.824
0.179132	131.011
0.204947	82.668
0.174929	119.465
0.129356	137.004
0.140286	111.05
0.0655035	149.211
0.0732529	110.173
0.118908	124.94
0.248515	155.486
0.128028	119.975
0.0988592	111.83
0.143548	134.922
0.157552	139.893
0.227241	158.959
0.0860887	73.8106
0.345904	99.1564
0.251926	132.846
0.0352073	143.471
0.135727	107.21
0.299824	152.039
0.232164	78.1793
0.162607	108.904
0.14863	88.227
0.1609	118.008
0.151805	77.8845
0.226678	165.801
0.100594	105.233
0.126239	152.132
0.13728	69.3397
0.091327	68.3374
0.171515	138.405
0.241309	88.2156
0.0300539	114.621
0.127032	70.6258
0.0751464	72.0555
0.0608294	67.1267
0.130619	79.8499
0.216026	126.846
0.118775	50.6754
0.0626478	79.9125
0.224196	154.428
0.1302	80.1873
0.224799	167.398
0.0909581	99.6394
0.138037	135.86
0.103746	126.372
0.108156	141.478
0.0658753	81.5353
0.0570103	84.3208
0.195383	188.674
0.187854	111.113
0.298595	129.661
0.171263	144.845
0.0650001	88.0909
0.128434	136.147
0.250429	119.424
0.10607	123.701
0.100106	125.65
0.230508	87.1665
0.0781087	84.6877
0.02663	112.196
0.229238	96.2393
0.164887	105.195
0.029716	140.228
0.296736	87.2582
0.125075	100.807
0.147707	121.737
0.0579934	34.0881
0.246801	104.202
0.121054	108.563
0.195164	110.824
0.159197	123.839
0.398639	168.861
0.226652	92.1303
0.176762	134.469
0.190412	88.7243
0.0897561	139.054
0.263065	134.907
0.165986	139.262
0.108639	89.6995
0.0696417	67.2012
0.105222	111.481
0.0188751	84.4038
0.0678266	94.5727
0.10692	107.796
0.0528949	95.0474
0.13214	110.851
0.110173	116.902
0.0933378	113.886
0.143859	102.382
0.12178	31.305
0.184333	146.629
0.179911	104.192
0.171021	97.1597
0.19336	136.051
0.172928	149.339
0.162733	113.375
0.38054	159.135
0.168003	129.112
0.103727	73.3894
0.0498821	136.484
0.293276	155.229
0.691235	178.011
0.663293	120.499
0.604023	129.962
0.656552	141.803
0.362393	103.421
0.691585	181.758
0.691564	171.633
0.691461	196.632
0.691467	177.871
0.691553	203.853
0.691655	141.407
0.691412	176.165
0.589121	189.404
0.691443	218.65
0.660477	216.91
0.612922	184.813
0.586117	148.068
0.691217	164.232
0.69136	184.005
0.584109	186.134
0.691676	172.563
0.667651	172.957
0.691597	197.418
0.691696	138.376
0.634278	178.522
0.550956	154.771
0.691433	201.837
0.691535	172.928
0.691452	202.252
0.673129	166.349
0.691594	120.764
0.691474	184.727
0.619796	152.886
0.620831	155.319
0.691375	215.843
0.691705	152.539
0.691231	149.827
0.691673	149.666
0.640289	161.264
0.691487	167.189
0.691518	196.728
0.664202	134.127
0.572538	139.85
0.561608	146.895
0.612093	183.929
0.691611	186.07
0.691678	180.366
0.635847	188.505
0.415393	125.73
0.550702	120.963
0.454082	97.1288
0.653551	175.26
0.691278	189.853
0.69134	173.724
0.691396	204.724
0.662128	197.089
0.528785	134.44
0.691524	115.62
0.416609	172.256
0.691454	184.038
0.69144	199.58
0.620915	160.269
0.691446	169.888
0.691646	149.827
0.691312	251.185
0.691581	180.244
0.488506	139.836
0.691615	151.578
0.691579	146.007
0.456242	91.4549
0.691542	169.281
0.589667	147.418
0.69139	185.822
0.691684	102.927
0.691623	146.342
0.54829	148.519
0.664271	202.381
0.486449	168.808
0.691601	200.953
0.379134	151.684
0.65161	148.809
0.691573	178.55
0.691619	168.772
0.664607	155.769
0.691532	151.704
0.691449	192.51
0.414174	108.986
0.691458	143.136
0.678199	178.191
0.640862	153.238
0.691544	172.696
0.691558	161.028
0.529088	172.493
0.691601	181.477
0.691417	173.534
0.673061	196.398
0.655682	158.827
0.691625	163.811
0.691532	192.016
0.691406	223.182
0.478025	139.929
0.691407	189.182
0.691429	148.519
0.27992	109.307
0.691569	172.945
0.691734	151.387
0.691558	190.468
0.691607	160.505
0.590619	193.065
0.691635	201.851
0.691661	160.897
0.691565	211.178
0.691454	207.678
0.691258	204.519
0.64901	118.262
0.459334	171.102
0.598255	167.637
0.69158	192.317
0.691565	190.137
0.65863	183.989
0.461215	161.951
0.691679	137.761
0.691597	192.894
0.478885	173.453
0.625305	127.405
0.559562	168.006
0.691516	197.853
0.629677	156.646
0.691782	179.872
0.540621	143.903
0.691533	202.638
0.691466	167.97
0.691528	193.132
0.691621	206.954
0.691567	155.351
0.691388	207.007
0.691687	155.917
0.691459	167.714
0.691634	104.614
0.691454	175.625
0.679754	180.621
0.691734	134
0.669159	175.92
0.691411	175.528
0.691554	148.56
0.691532	153.069
0.691725	137.572
0.691454	176.011
0.565212	190.021
0.691634	144.79
0.640883	192.691
0.691424	218.422
0.237226	141.407
0.605173	123.458
0.670845	187.814
0.691574	175.96
0.691601	171.137
0.56562	165.958
0.691524	195.126
0.665737	168.671
0.691486	213.073
0.363105	111.149
0.564959	170.394
0.406119	136.938
0.691489	187.136
0.691636	152.807
0.672843	205.786
0.674114	185.58
0.691568	195.939
0.637548	170.71
0.691422	197.676
0.691471	178.645
0.549876	134.581
0.412061	161.981
0.691618	213.026
0.673524	180.261
0.545811	154.169
0.630913	135.558
0.691629	198.912
0.691313	206.649
0.691471	197.934
0.691587	118.102
0.672891	162.727
0.24706	104.986
0.535402	173.384
0.549832	169.062
0.691543	183.967
0.691658	148.869
0.320419	149.539
0.691654	160.823
0.678303	147.363
0.69145	198.535
0.691504	130.966
0.691551	170.646
0.691473	177.195
0.691327	188.701
0.691598	192.042
0.61689	158.253
0.691566	161.468
0.0952376	113.895
0.107272	84.309
0.0783435	75.8815
0.0328869	89.2861
0.245319	154.803
0.0997649	105.404
0.139277	73.973
0.223682	136.726
0.205578	177.279
0.0648793	19.4422
0.152757	118.186
0.0945573	121.153
0.0385291	47.8539
0.0620787	78.3199
0.11312	68.6003
0.0856858	51.6333
0.0672518	80.6102
0.0588197	137.586
0.146872	114.865
0.146021	43.1509
0.137362	105.005
0.0581294	66.5432
0.253401	161.994
0.17501	134.246
0.203456	155.647
0.105704	73.7157
0.0270351	80.3492
0.0822383	141.753
0.232473	156.391
0.041064	40.025
0.113162	61.2536
0.0753663	111.991
0.143031	100.757
0.388281	111.571
0.0437083	69.6132
0.00575918	6.63325
0.223941	122.727
0.227785	120.913
0.306937	99.0757
0.176534	114.464
0.0361564	32.3728
0.103661	111.884
0.0857868	75.8024
0.119286	35.327
0.167485	114.42
0.140457	52.3832
0.111376	118.625
0.136948	127.64
0.132345	110.426
0.0695815	81.9878
0.0307322	45.1442
0.0359689	106.743
0.105301	84
0.147013	131.034
0.0849952	74.3371
0.0772113	38.7298
0.0788239	47.7074
0.100004	149.231
0.0603929	62.1772
0.204229	92.9086
0.104897	114.516
0.0965396	79.3851
0.0872139	57.1489
0.0762805	133.184
0.121715	74.4446
0.106735	109.426
0.223725	114.952
0.0575678	98.5799
0.082235	99.1564
0.214735	118.085
0.106297	80.5357
0.175815	81.4494
0.0732082	73.675
0.138657	110.009
0.137161	113.093
0.0162951	49.7996
0.0372208	44.2493
0.244476	99.1968
0.108704	120.391
0.166613	84.3208
0.186678	131.263
0.0325941	73.6342
0.0790589	93.3381
0.239641	165.831
0.122676	98.4276
0.242271	136.901
0.136054	79.3347
0.0665027	95.7392
0.0569972	151.288
0.0117055	47.0744
0.0723553	79.1833
0.311486	90.4655
0.170986	132.77
0.00793493	85.2291
0.0865396	72.9657
0.146483	132.204
0.202151	116.095
0.11436	97.6627
0.0897371	94.4458
0.055213	137.303
0.0821907	93.8936
0.0299799	91.214
0.10312	105.613
0.076244	70.4273
0.134009	129.746
0.0420368	67.4833
0.0485545	69.455
0.0591235	90.7193
0.0968218	145.993
0.0940739	132.929
0.01792	8.12404
0.114638	103.75
0.201856	126.412
0.225878	84.0476
0.152503	110.833
0.124565	109.991
0.166569	136.22
0.0720036	65.7419
0.0827283	76.7463
0.207225	106.967
0.0543427	84.7231
0.0806828	90.6311
0.152487	127.961
0.170787	108.526
0.209734	122.727
0.224174	95.4044
0.16072	86.7295
0.0818828	53.9259
0.0766326	127.185
0.0917108	65.7115
1.19209e-07	0
0.174315	144.097
0.112728	137.062
0.0449811	11.9164
0.0396587	64.591
0.220901	119.633
0.140626	95.5301
0.145974	86.3018
0.0808755	110.896
0.124595	99.1564
0.0787886	89.2637
0.0442071	36.8782
0.0420326	42.8486
0.0560638	97.6115
0.012751	23.1084
0.103548	101.193
0.0564334	110.806
0.0707159	84.4275
0.115045	86.9022
0.189873	136.374
0.0642895	83.1144
0.0512218	65.3758
0.195636	84.9824
0.119203	148.391
0.126487	123.685
0.0622879	104.01
0.138382	80.1873
0.154977	113.552
0.0751977	105.603
0.134216	102.176
0.351622	162.148
0.226213	161.239
0.146592	108.628
0.123798	94.7629
0.110539	66.242
0.0972816	115.698
0.122721	109.772
0.133828	90.2219
0.130906	106.602
0.0946413	122.947
0.103954	65.192
0.0820956	54.6077
0.295426	138.224
0.177469	106.939
0.0170034	79.5362
0.156285	127.122
0.00818598	85.1469
0.203943	126.372
0.180898	95.0894
0.141663	131.324
0.128375	28.3901
0.137133	107.778
0.0470018	96.3639
0.0541679	90.5538
0.00624609	86.3481
0.0764756	104.652
0.111568	106.33
0.0634356	105.451
0.0529304	83.8809
0.13578	101.242
0.142448	106.63
0.246945	148.835
0.210124	108.499
0.0633276	116.576
0.231556	150.227
0.115045	17.6068
0.159531	144.097
0.0506694	13.6382
0.127876	99.8999
0.088512	109.709
